# Blender 4.5.5 LTS
# www.blender.org
mtllib monigote.mtl
o Cylinder
v 0.550445 -0.910011 0.000000
v 0.539905 -0.910011 0.125479
v 0.508689 -0.910011 0.279158
v 0.457998 -0.910011 0.420790
v 0.389780 -0.910011 0.544931
v 0.306655 -0.910011 0.646811
v 0.211819 -0.910011 0.722515
v 0.108916 -0.910011 0.769133
v 0.001900 -0.910011 0.784874
v -0.105116 -0.910011 0.769133
v -0.208019 -0.910011 0.722515
v -0.302855 -0.910011 0.646811
v -0.385980 -0.910011 0.544931
v -0.454199 -0.910011 0.420790
v -0.504890 -0.910011 0.279158
v -0.536105 -0.910011 0.125479
v -0.546645 -0.910011 0.000000
v 0.191280 0.568250 0.000000
v 0.348931 0.468200 0.000000
v 0.187551 0.568250 0.086737
v 0.342226 0.468200 0.121725
v 0.176508 0.568250 0.122231
v 0.322370 0.468200 0.238773
v 0.158576 0.568250 0.154943
v 0.290125 0.468200 0.346644
v 0.134442 0.568250 0.183616
v 0.246731 0.468200 0.441194
v 0.105036 0.568250 0.207146
v 0.193856 0.468200 0.518790
v 0.071486 0.568250 0.224631
v 0.166928 0.468200 0.576448
v 0.035082 0.568250 0.235398
v 0.085099 0.468200 0.611954
v -0.002776 0.568250 0.239034
v 0.000000 0.468200 0.623943
v -0.040634 0.568250 0.235398
v -0.085099 0.468200 0.611954
v -0.077038 0.568250 0.224631
v -0.166928 0.468200 0.576448
v -0.110588 0.568250 0.207146
v -0.193856 0.468200 0.518790
v -0.139994 0.568250 0.183616
v -0.246731 0.468200 0.441194
v -0.164128 0.568250 0.154943
v -0.290125 0.468200 0.346644
v -0.181360 0.558207 0.124820
v -0.322370 0.468200 0.238773
v -0.193103 0.543483 0.086737
v -0.342226 0.468200 0.121725
v -0.196832 0.488173 0.000000
v -0.348931 0.468200 0.000000
v 0.403968 0.175955 0.000000
v 0.396206 0.175955 0.133501
v 0.373218 0.175955 0.261872
v 0.335887 0.175955 0.380179
v 0.285649 0.175955 0.483876
v 0.224433 0.175955 0.568978
v 0.154592 0.175955 0.632214
v 0.078810 0.175955 0.671155
v 0.000000 0.175955 0.684304
v -0.078810 0.175955 0.671155
v -0.154592 0.175955 0.632214
v -0.224433 0.175955 0.568978
v -0.285649 0.175955 0.483876
v -0.335887 0.175955 0.380179
v -0.373218 0.175955 0.261872
v -0.396206 0.175955 0.133501
v -0.403968 0.175955 0.000000
v 0.052109 0.203840 0.748914
v 0.000000 0.189382 0.731988
v 0.052109 0.317451 0.881930
v 0.082369 0.281740 0.840119
v 0.000000 0.331908 0.898857
v -0.051676 0.317451 0.881930
v -0.081936 0.281740 0.840119
v 0.082369 0.239551 0.790725
v -0.081936 0.239551 0.790725
v -0.051676 0.203840 0.748914
v 0.067478 0.278846 1.019662
v 0.108810 0.230067 0.962552
v 0.000601 0.297478 1.041476
v -0.066276 0.278846 1.019662
v -0.107608 0.230067 0.962552
v 0.108810 0.169773 0.891959
v -0.107608 0.169773 0.891959
v -0.066276 0.120994 0.834849
v 0.000601 0.102362 0.813035
v 0.067478 0.120994 0.834849
v 0.182986 0.468048 0.000000
v 0.179387 0.468048 0.000000
v 0.168727 0.468048 0.000000
v 0.151417 0.468048 0.000000
v 0.128121 0.468048 0.000000
v 0.099735 0.468048 0.000000
v 0.067349 0.468048 0.000000
v 0.032209 0.468048 0.000000
v -0.004335 0.468048 0.000000
v -0.040880 0.468048 0.000000
v -0.076020 0.468048 0.000000
v -0.108406 0.468048 0.000000
v -0.136792 0.468048 0.000000
v -0.160088 0.468048 0.000000
v -0.177398 0.468048 0.000000
v -0.188058 0.468048 0.000000
v -0.191657 0.468048 0.000000
v 0.196744 0.623406 0.000000
v 0.193015 0.623406 0.205915
v 0.181972 0.623406 0.241409
v 0.164040 0.623406 0.274121
v 0.139906 0.623406 0.302793
v 0.110500 0.623406 0.326324
v 0.076950 0.623406 0.343809
v 0.040547 0.623406 0.354576
v 0.002688 0.623406 0.358212
v -0.035170 0.623406 0.354576
v -0.071574 0.623406 0.343809
v -0.105124 0.623406 0.326324
v -0.134530 0.623406 0.302793
v -0.158664 0.623406 0.274121
v -0.175896 0.613363 0.243998
v -0.187639 0.598638 0.205915
v -0.191368 0.543329 0.000000
v -0.186193 0.523204 0.000000
v 0.192173 0.564007 0.000000
v 0.188444 0.564007 0.265554
v 0.177401 0.564007 0.301049
v 0.159468 0.564007 0.333761
v 0.135335 0.564007 0.362433
v 0.105928 0.564007 0.385964
v 0.072379 0.564007 0.403449
v 0.035975 0.564007 0.414216
v -0.001883 0.564007 0.417852
v -0.039742 0.564007 0.414216
v -0.076145 0.564007 0.403449
v -0.109695 0.564007 0.385964
v -0.139102 0.564007 0.362433
v -0.163235 0.564007 0.333761
v -0.180468 0.553964 0.303638
v -0.192211 0.539239 0.265554
v -0.327773 0.483930 0.000000
v -0.190765 0.463805 0.000000
v 0.119384 -0.934119 0.000000
v 0.107452 -0.935864 0.000000
v 0.101143 -0.935864 0.000000
v 0.090896 -0.935864 0.000000
v 0.077107 -0.935864 0.000000
v 0.060304 -0.935864 0.000000
v 0.041134 -0.935864 0.000000
v 0.020334 -0.935864 0.000000
v -0.001298 -0.935864 0.000000
v -0.022930 -0.935864 0.000000
v -0.043730 -0.935864 0.000000
v -0.062900 -0.935864 0.000000
v -0.079703 -0.935864 0.000000
v -0.093492 -0.935864 0.000000
v -0.103739 -0.935864 0.000000
v -0.124113 -0.934119 0.000000
v -0.112179 -0.935864 0.000000
v 0.030560 0.338627 0.000000
v 0.513303 -0.634643 0.000000
v 0.503467 -0.634643 0.127513
v 0.474338 -0.634643 0.274775
v 0.427035 -0.634643 0.410492
v 0.363375 -0.634643 0.529449
v 0.285806 -0.634643 0.627075
v 0.197308 -0.634643 0.699618
v 0.101282 -0.634643 0.744289
v 0.001418 -0.634643 0.759373
v -0.098446 -0.634643 0.744289
v -0.194472 -0.634643 0.699618
v -0.282970 -0.634643 0.627075
v -0.360539 -0.634643 0.529449
v -0.424199 -0.634643 0.410492
v -0.471502 -0.634643 0.274775
v -0.500631 -0.634643 0.127513
v -0.510467 -0.634643 0.000000
v -0.550445 -0.910011 0.000000
v -0.539905 -0.910011 0.125479
v -0.508689 -0.910011 0.279158
v -0.457998 -0.910011 0.420790
v -0.389780 -0.910011 0.544931
v -0.306655 -0.910011 0.646811
v -0.211819 -0.910011 0.722515
v -0.108916 -0.910011 0.769133
v -0.001900 -0.910011 0.784874
v 0.105116 -0.910011 0.769133
v 0.208019 -0.910011 0.722515
v 0.302855 -0.910011 0.646811
v 0.385980 -0.910011 0.544931
v 0.454199 -0.910011 0.420790
v 0.504890 -0.910011 0.279158
v 0.536105 -0.910011 0.125479
v 0.546645 -0.910011 0.000000
v -0.191280 0.568250 0.000000
v -0.348931 0.468200 0.000000
v -0.187551 0.568250 0.086737
v -0.342226 0.468200 0.121725
v -0.176508 0.568250 0.122231
v -0.322370 0.468200 0.238773
v -0.158576 0.568250 0.154943
v -0.290125 0.468200 0.346644
v -0.134442 0.568250 0.183616
v -0.246731 0.468200 0.441194
v -0.105036 0.568250 0.207146
v -0.193856 0.468200 0.518790
v -0.071486 0.568250 0.224631
v -0.166928 0.468200 0.576448
v -0.035082 0.568250 0.235398
v -0.085099 0.468200 0.611954
v 0.002776 0.568250 0.239034
v 0.040634 0.568250 0.235398
v 0.085099 0.468200 0.611954
v 0.077038 0.568250 0.224631
v 0.166928 0.468200 0.576448
v 0.110588 0.568250 0.207146
v 0.193856 0.468200 0.518790
v 0.139994 0.568250 0.183616
v 0.246731 0.468200 0.441194
v 0.164128 0.568250 0.154943
v 0.290125 0.468200 0.346644
v 0.181360 0.558207 0.124820
v 0.322370 0.468200 0.238773
v 0.193103 0.543483 0.086737
v 0.342226 0.468200 0.121725
v 0.196832 0.488173 0.000000
v 0.348931 0.468200 0.000000
v -0.403968 0.175955 0.000000
v -0.396206 0.175955 0.133501
v -0.373218 0.175955 0.261872
v -0.335887 0.175955 0.380179
v -0.285649 0.175955 0.483876
v -0.224433 0.175955 0.568978
v -0.154592 0.175955 0.632214
v -0.078810 0.175955 0.671155
v 0.078810 0.175955 0.671155
v 0.154592 0.175955 0.632214
v 0.224433 0.175955 0.568978
v 0.285649 0.175955 0.483876
v 0.335887 0.175955 0.380179
v 0.373218 0.175955 0.261872
v 0.396206 0.175955 0.133501
v 0.403968 0.175955 0.000000
v -0.052109 0.203840 0.748914
v -0.052109 0.317451 0.881930
v -0.082369 0.281740 0.840119
v 0.051676 0.317451 0.881930
v 0.081936 0.281740 0.840119
v -0.082369 0.239551 0.790725
v 0.081936 0.239551 0.790725
v 0.051676 0.203840 0.748914
v -0.067478 0.278846 1.019662
v -0.108810 0.230067 0.962552
v -0.000601 0.297478 1.041476
v 0.066276 0.278846 1.019662
v 0.107608 0.230067 0.962552
v -0.108810 0.169773 0.891959
v 0.107608 0.169773 0.891959
v 0.066276 0.120994 0.834849
v -0.000601 0.102362 0.813035
v -0.067478 0.120994 0.834849
v -0.182986 0.468048 0.000000
v -0.179387 0.468048 0.000000
v -0.168727 0.468048 0.000000
v -0.151417 0.468048 0.000000
v -0.128121 0.468048 0.000000
v -0.099735 0.468048 0.000000
v -0.067349 0.468048 0.000000
v -0.032209 0.468048 0.000000
v 0.004335 0.468048 0.000000
v 0.040880 0.468048 0.000000
v 0.076020 0.468048 0.000000
v 0.108406 0.468048 0.000000
v 0.136792 0.468048 0.000000
v 0.160088 0.468048 0.000000
v 0.177398 0.468048 0.000000
v 0.188058 0.468048 0.000000
v 0.191657 0.468048 0.000000
v -0.196744 0.623406 0.000000
v -0.193015 0.623406 0.205915
v -0.181972 0.623406 0.241409
v -0.164040 0.623406 0.274121
v -0.139906 0.623406 0.302793
v -0.110500 0.623406 0.326324
v -0.076950 0.623406 0.343809
v -0.040547 0.623406 0.354576
v -0.002688 0.623406 0.358212
v 0.035170 0.623406 0.354576
v 0.071574 0.623406 0.343809
v 0.105124 0.623406 0.326324
v 0.134530 0.623406 0.302793
v 0.158664 0.623406 0.274121
v 0.175896 0.613363 0.243998
v 0.187639 0.598638 0.205915
v 0.191368 0.543329 0.000000
v 0.186193 0.523204 0.000000
v -0.192173 0.564007 0.000000
v -0.188444 0.564007 0.265554
v -0.177401 0.564007 0.301049
v -0.159468 0.564007 0.333761
v -0.135335 0.564007 0.362433
v -0.105928 0.564007 0.385964
v -0.072379 0.564007 0.403449
v -0.035975 0.564007 0.414216
v 0.001883 0.564007 0.417852
v 0.039742 0.564007 0.414216
v 0.076145 0.564007 0.403449
v 0.109695 0.564007 0.385964
v 0.139102 0.564007 0.362433
v 0.163235 0.564007 0.333761
v 0.180468 0.553964 0.303638
v 0.192211 0.539239 0.265554
v 0.327773 0.483930 0.000000
v 0.190765 0.463805 0.000000
v -0.119384 -0.934119 0.000000
v -0.107452 -0.935864 0.000000
v -0.101143 -0.935864 0.000000
v -0.090896 -0.935864 0.000000
v -0.077107 -0.935864 0.000000
v -0.060304 -0.935864 0.000000
v -0.041134 -0.935864 0.000000
v -0.020334 -0.935864 0.000000
v 0.001298 -0.935864 0.000000
v 0.022930 -0.935864 0.000000
v 0.043730 -0.935864 0.000000
v 0.062900 -0.935864 0.000000
v 0.079703 -0.935864 0.000000
v 0.093492 -0.935864 0.000000
v 0.103739 -0.935864 0.000000
v 0.124113 -0.934119 0.000000
v 0.112179 -0.935864 0.000000
v -0.030560 0.338627 0.000000
v -0.513303 -0.634643 0.000000
v -0.503467 -0.634643 0.127513
v -0.474338 -0.634643 0.274775
v -0.427035 -0.634643 0.410492
v -0.363375 -0.634643 0.529449
v -0.285806 -0.634643 0.627075
v -0.197308 -0.634643 0.699618
v -0.101282 -0.634643 0.744289
v -0.001418 -0.634643 0.759373
v 0.098446 -0.634643 0.744289
v 0.194472 -0.634643 0.699618
v 0.282970 -0.634643 0.627075
v 0.360539 -0.634643 0.529449
v 0.424199 -0.634643 0.410492
v 0.471502 -0.634643 0.274775
v 0.500631 -0.634643 0.127513
v 0.510467 -0.634643 0.000000
v 0.539905 -0.910011 -0.125479
v 0.508689 -0.910011 -0.279158
v 0.457998 -0.910011 -0.420790
v 0.389780 -0.910011 -0.544931
v 0.306655 -0.910011 -0.646811
v 0.211819 -0.910011 -0.722515
v 0.108916 -0.910011 -0.769133
v 0.001900 -0.910011 -0.784874
v -0.105116 -0.910011 -0.769133
v -0.208019 -0.910011 -0.722515
v -0.302855 -0.910011 -0.646811
v -0.385980 -0.910011 -0.544931
v -0.454199 -0.910011 -0.420790
v -0.504890 -0.910011 -0.279158
v -0.536105 -0.910011 -0.125479
v 0.187551 0.568250 -0.086737
v 0.342226 0.468200 -0.121725
v 0.176508 0.568250 -0.122231
v 0.322370 0.468200 -0.238773
v 0.158576 0.568250 -0.154943
v 0.290125 0.468200 -0.346644
v 0.134442 0.568250 -0.183616
v 0.246731 0.468200 -0.441194
v 0.105036 0.568250 -0.207146
v 0.193856 0.468200 -0.518790
v 0.071486 0.568250 -0.224631
v 0.166928 0.468200 -0.576448
v 0.035082 0.568250 -0.235398
v 0.085099 0.468200 -0.611954
v -0.002776 0.568250 -0.239034
v 0.000000 0.468200 -0.623943
v -0.040634 0.568250 -0.235398
v -0.085099 0.468200 -0.611954
v -0.077038 0.568250 -0.224631
v -0.166928 0.468200 -0.576448
v -0.110588 0.568250 -0.207146
v -0.193856 0.468200 -0.518790
v -0.139994 0.568250 -0.183616
v -0.246731 0.468200 -0.441194
v -0.164128 0.568250 -0.154943
v -0.290125 0.468200 -0.346644
v -0.181360 0.558207 -0.124820
v -0.322370 0.468200 -0.238773
v -0.193103 0.543483 -0.086737
v -0.342226 0.468200 -0.121725
v 0.396206 0.175955 -0.133501
v 0.373218 0.175955 -0.261872
v 0.335887 0.175955 -0.380179
v 0.285649 0.175955 -0.483876
v 0.224433 0.175955 -0.568978
v 0.154592 0.175955 -0.632214
v 0.078810 0.175955 -0.671155
v 0.000000 0.175955 -0.684304
v -0.078810 0.175955 -0.671155
v -0.154592 0.175955 -0.632214
v -0.224433 0.175955 -0.568978
v -0.285649 0.175955 -0.483876
v -0.335887 0.175955 -0.380179
v -0.373218 0.175955 -0.261872
v -0.396206 0.175955 -0.133501
v 0.052109 0.203840 -0.748914
v 0.000000 0.189382 -0.731988
v 0.052109 0.317451 -0.881930
v 0.082369 0.281740 -0.840119
v 0.000000 0.331908 -0.898857
v -0.051676 0.317451 -0.881930
v -0.081936 0.281740 -0.840119
v 0.082369 0.239551 -0.790725
v -0.081936 0.239551 -0.790725
v -0.051676 0.203840 -0.748914
v 0.067478 0.278846 -1.019662
v 0.108810 0.230067 -0.962552
v 0.000601 0.297478 -1.041476
v -0.066276 0.278846 -1.019662
v -0.107608 0.230067 -0.962552
v 0.108810 0.169773 -0.891959
v -0.107608 0.169773 -0.891959
v -0.066276 0.120994 -0.834849
v 0.000601 0.102362 -0.813035
v 0.067478 0.120994 -0.834849
v 0.193015 0.623406 -0.205915
v 0.181972 0.623406 -0.241409
v 0.164040 0.623406 -0.274121
v 0.139906 0.623406 -0.302793
v 0.110500 0.623406 -0.326324
v 0.076950 0.623406 -0.343809
v 0.040547 0.623406 -0.354576
v 0.002688 0.623406 -0.358212
v -0.035170 0.623406 -0.354576
v -0.071574 0.623406 -0.343809
v -0.105124 0.623406 -0.326324
v -0.134530 0.623406 -0.302793
v -0.158664 0.623406 -0.274121
v -0.175896 0.613363 -0.243998
v -0.187639 0.598638 -0.205915
v 0.188444 0.564007 -0.265554
v 0.177401 0.564007 -0.301049
v 0.159468 0.564007 -0.333761
v 0.135335 0.564007 -0.362433
v 0.105928 0.564007 -0.385964
v 0.072379 0.564007 -0.403449
v 0.035975 0.564007 -0.414216
v -0.001883 0.564007 -0.417852
v -0.039742 0.564007 -0.414216
v -0.076145 0.564007 -0.403449
v -0.109695 0.564007 -0.385964
v -0.139102 0.564007 -0.362433
v -0.163235 0.564007 -0.333761
v -0.180468 0.553964 -0.303638
v -0.192211 0.539239 -0.265554
v 0.503467 -0.634643 -0.127513
v 0.474338 -0.634643 -0.274775
v 0.427035 -0.634643 -0.410492
v 0.363375 -0.634643 -0.529449
v 0.285806 -0.634643 -0.627075
v 0.197308 -0.634643 -0.699618
v 0.101282 -0.634643 -0.744289
v 0.001418 -0.634643 -0.759373
v -0.098446 -0.634643 -0.744289
v -0.194472 -0.634643 -0.699618
v -0.282970 -0.634643 -0.627075
v -0.360539 -0.634643 -0.529449
v -0.424199 -0.634643 -0.410492
v -0.471502 -0.634643 -0.274775
v -0.500631 -0.634643 -0.127513
v -0.539905 -0.910011 -0.125479
v -0.508689 -0.910011 -0.279158
v -0.457998 -0.910011 -0.420790
v -0.389780 -0.910011 -0.544931
v -0.306655 -0.910011 -0.646811
v -0.211819 -0.910011 -0.722515
v -0.108916 -0.910011 -0.769133
v -0.001900 -0.910011 -0.784874
v 0.105116 -0.910011 -0.769133
v 0.208019 -0.910011 -0.722515
v 0.302855 -0.910011 -0.646811
v 0.385980 -0.910011 -0.544931
v 0.454199 -0.910011 -0.420790
v 0.504890 -0.910011 -0.279158
v 0.536105 -0.910011 -0.125479
v -0.187551 0.568250 -0.086737
v -0.342226 0.468200 -0.121725
v -0.176508 0.568250 -0.122231
v -0.322370 0.468200 -0.238773
v -0.158576 0.568250 -0.154943
v -0.290125 0.468200 -0.346644
v -0.134442 0.568250 -0.183616
v -0.246731 0.468200 -0.441194
v -0.105036 0.568250 -0.207146
v -0.193856 0.468200 -0.518790
v -0.071486 0.568250 -0.224631
v -0.166928 0.468200 -0.576448
v -0.035082 0.568250 -0.235398
v -0.085099 0.468200 -0.611954
v 0.002776 0.568250 -0.239034
v 0.040634 0.568250 -0.235398
v 0.085099 0.468200 -0.611954
v 0.077038 0.568250 -0.224631
v 0.166928 0.468200 -0.576448
v 0.110588 0.568250 -0.207146
v 0.193856 0.468200 -0.518790
v 0.139994 0.568250 -0.183616
v 0.246731 0.468200 -0.441194
v 0.164128 0.568250 -0.154943
v 0.290125 0.468200 -0.346644
v 0.181360 0.558207 -0.124820
v 0.322370 0.468200 -0.238773
v 0.193103 0.543483 -0.086737
v 0.342226 0.468200 -0.121725
v -0.396206 0.175955 -0.133501
v -0.373218 0.175955 -0.261872
v -0.335887 0.175955 -0.380179
v -0.285649 0.175955 -0.483876
v -0.224433 0.175955 -0.568978
v -0.154592 0.175955 -0.632214
v -0.078810 0.175955 -0.671155
v 0.078810 0.175955 -0.671155
v 0.154592 0.175955 -0.632214
v 0.224433 0.175955 -0.568978
v 0.285649 0.175955 -0.483876
v 0.335887 0.175955 -0.380179
v 0.373218 0.175955 -0.261872
v 0.396206 0.175955 -0.133501
v -0.052109 0.203840 -0.748914
v -0.052109 0.317451 -0.881930
v -0.082369 0.281740 -0.840119
v 0.051676 0.317451 -0.881930
v 0.081936 0.281740 -0.840119
v -0.082369 0.239551 -0.790725
v 0.081936 0.239551 -0.790725
v 0.051676 0.203840 -0.748914
v -0.067478 0.278846 -1.019662
v -0.108810 0.230067 -0.962552
v -0.000601 0.297478 -1.041476
v 0.066276 0.278846 -1.019662
v 0.107608 0.230067 -0.962552
v -0.108810 0.169773 -0.891959
v 0.107608 0.169773 -0.891959
v 0.066276 0.120994 -0.834849
v -0.000601 0.102362 -0.813035
v -0.067478 0.120994 -0.834849
v -0.193015 0.623406 -0.205915
v -0.181972 0.623406 -0.241409
v -0.164040 0.623406 -0.274121
v -0.139906 0.623406 -0.302793
v -0.110500 0.623406 -0.326324
v -0.076950 0.623406 -0.343809
v -0.040547 0.623406 -0.354576
v -0.002688 0.623406 -0.358212
v 0.035170 0.623406 -0.354576
v 0.071574 0.623406 -0.343809
v 0.105124 0.623406 -0.326324
v 0.134530 0.623406 -0.302793
v 0.158664 0.623406 -0.274121
v 0.175896 0.613363 -0.243998
v 0.187639 0.598638 -0.205915
v -0.188444 0.564007 -0.265554
v -0.177401 0.564007 -0.301049
v -0.159468 0.564007 -0.333761
v -0.135335 0.564007 -0.362433
v -0.105928 0.564007 -0.385964
v -0.072379 0.564007 -0.403449
v -0.035975 0.564007 -0.414216
v 0.001883 0.564007 -0.417852
v 0.039742 0.564007 -0.414216
v 0.076145 0.564007 -0.403449
v 0.109695 0.564007 -0.385964
v 0.139102 0.564007 -0.362433
v 0.163235 0.564007 -0.333761
v 0.180468 0.553964 -0.303638
v 0.192211 0.539239 -0.265554
v -0.503467 -0.634643 -0.127513
v -0.474338 -0.634643 -0.274775
v -0.427035 -0.634643 -0.410492
v -0.363375 -0.634643 -0.529449
v -0.285806 -0.634643 -0.627075
v -0.197308 -0.634643 -0.699618
v -0.101282 -0.634643 -0.744289
v -0.001418 -0.634643 -0.759373
v 0.098446 -0.634643 -0.744289
v 0.194472 -0.634643 -0.699618
v 0.282970 -0.634643 -0.627075
v 0.360539 -0.634643 -0.529449
v 0.424199 -0.634643 -0.410492
v 0.471502 -0.634643 -0.274775
v 0.500631 -0.634643 -0.127513
vn 0.5263 0.8478 0.0651
vn 0.5373 0.8434 -0.0000
vn 0.5256 0.8481 0.0675
vn 0.4813 0.8660 0.1356
vn 0.4831 0.8652 0.1339
vn 0.4055 0.8950 0.1857
vn 0.4120 0.8927 0.1825
vn 0.3177 0.9227 0.2182
vn 0.3264 0.9203 0.2158
vn 0.2691 0.9382 0.2175
vn 0.2717 0.9369 0.2199
vn 0.3196 0.8962 0.3077
vn 0.1747 0.9573 0.2304
vn 0.2746 0.8948 0.3520
vn 0.0629 0.9664 0.2491
vn -0.0001 0.9429 0.3330
vn -0.0002 0.9677 0.2523
vn -0.2750 0.8943 0.3530
vn -0.0636 0.9662 0.2499
vn -0.3198 0.8955 0.3095
vn -0.1778 0.9563 0.2323
vn -0.2728 0.9365 0.2205
vn -0.2757 0.9350 0.2232
vn -0.3224 0.9202 0.2220
vn -0.3326 0.9172 0.2192
vn -0.4246 0.8897 0.1676
vn -0.4328 0.8870 0.1606
vn -0.4888 0.8697 0.0692
vn -0.4090 0.9065 -0.1052
vn -0.4209 0.9028 -0.0880
vn -0.3262 0.9453 -0.0000
vn 0.9875 0.1579 -0.0000
vn 0.9828 0.1844 -0.0000
vn 0.9764 0.1843 0.1123
vn 0.9805 0.1563 0.1194
vn 0.9559 0.1839 0.2289
vn 0.9587 0.1532 0.2395
vn 0.9169 0.1839 0.3543
vn 0.9171 0.1502 0.3692
vn 0.8507 0.1850 0.4921
vn 0.8473 0.1475 0.5102
vn 0.7901 0.1617 0.5913
vn 0.7591 0.1333 0.6372
vn 0.7734 0.1364 0.6191
vn 0.6302 0.1123 0.7683
vn 0.9888 -0.0406 0.1437
vn 0.3773 0.8260 0.4188
vn 0.5913 0.6852 0.4254
vn -0.3935 -0.9161 -0.0770
vn -0.2989 -0.9317 -0.2063
vn -0.2886 -0.9320 -0.2195
vn 0.0002 0.9149 0.4037
vn -0.6305 0.1111 0.7682
vn -0.7734 0.1364 0.6191
vn -0.7901 0.1617 0.5913
vn -0.7593 0.1320 0.6372
vn -0.8507 0.1850 0.4921
vn -0.8476 0.1460 0.5102
vn -0.9169 0.1839 0.3543
vn -0.9174 0.1486 0.3693
vn -0.9559 0.1839 0.2289
vn -0.9590 0.1516 0.2395
vn -0.9764 0.1843 0.1123
vn -0.9807 0.1546 0.1195
vn -0.9828 0.1844 -0.0000
vn -0.9877 0.1562 -0.0000
vn -0.9833 0.1258 0.1312
vn -0.9917 0.1287 -0.0000
vn -0.9593 0.1200 0.2556
vn -0.9128 0.1139 0.3921
vn -0.8363 0.1075 0.5376
vn -0.7171 0.1015 0.6896
vn -0.5394 0.0966 0.8365
vn -0.2945 0.0937 0.9510
vn -0.3009 0.0937 0.9491
vn -0.0000 0.0930 0.9957
vn -0.0003 0.0931 0.9957
vn 0.2945 0.0947 0.9510
vn 0.3004 0.0947 0.9491
vn 0.5393 0.0985 0.8364
vn 0.7169 0.1039 0.6894
vn 0.8361 0.1104 0.5374
vn 0.9125 0.1170 0.3920
vn 0.9589 0.1233 0.2555
vn 0.9829 0.1291 0.1312
vn 0.9912 0.1322 -0.0000
vn -0.0005 -0.9176 -0.3976
vn 0.0005 -0.9176 -0.3976
vn -0.9883 -0.0408 0.1472
vn 0.2983 -0.9313 -0.2090
vn 0.2893 -0.9315 -0.2203
vn -0.5917 0.6840 0.4266
vn -0.3772 0.8256 0.4196
vn 0.3937 -0.9158 -0.0791
vn -0.0000 -0.7604 0.6495
vn -0.6376 -0.7574 -0.1410
vn -0.8029 -0.5912 -0.0761
vn -0.5862 -0.7948 -0.1572
vn 0.0022 -0.9721 -0.2347
vn -0.0006 -0.9721 -0.2347
vn 0.6404 -0.7545 -0.1437
vn 0.5868 -0.7937 -0.1604
vn 0.8046 -0.5885 -0.0797
vn -0.9761 -0.1652 0.1411
vn 0.9774 -0.1606 0.1372
vn 0.8745 0.2664 0.4054
vn 0.3945 0.6274 0.6713
vn -0.3933 0.6254 0.6739
vn -0.8742 0.2620 0.4089
vn -0.5518 0.6744 -0.4906
vn -0.7278 0.5219 -0.4450
vn -0.6066 0.6337 -0.4801
vn -0.0381 0.9187 -0.3932
vn -0.0816 0.9102 -0.4060
vn -0.0848 0.9094 -0.4072
vn -0.0392 0.9185 -0.3934
vn 0.2199 0.8603 -0.4598
vn 0.1381 0.8926 -0.4292
vn 0.1462 0.8897 -0.4325
vn 0.2369 0.8528 -0.4655
vn -0.1380 0.8933 -0.4277
vn -0.2193 0.8618 -0.4574
vn -0.2346 0.8551 -0.4623
vn -0.1452 0.8908 -0.4306
vn 0.0815 0.9099 -0.4068
vn 0.0379 0.9185 -0.3936
vn 0.0395 0.9183 -0.3939
vn 0.0853 0.9089 -0.4083
vn 0.4478 0.7132 -0.5392
vn 0.2776 0.7922 -0.5434
vn 0.3449 0.7649 -0.5441
vn -0.3466 0.8009 -0.4884
vn -0.3782 0.7837 -0.4928
vn -0.0001 0.9212 -0.3891
vn 0.0001 0.9212 -0.3891
vn 0.2778 0.8212 -0.4984
vn 0.2658 0.8169 -0.5119
vn -0.9896 0.1175 -0.0836
vn -0.9930 0.1179 -0.0000
vn 0.8699 0.3793 -0.3153
vn 0.1803 0.8895 -0.4199
vn 0.2880 0.8640 -0.4130
vn 0.2576 0.8723 -0.4155
vn 0.1623 0.8926 -0.4206
vn 0.9926 -0.1200 0.0201
vn -0.5388 0.7737 -0.3333
vn -0.3889 0.8428 -0.3722
vn -0.3532 0.8551 -0.3795
vn -0.4774 0.8056 -0.3509
vn 0.0017 0.9075 -0.4201
vn 0.0873 0.9025 -0.4217
vn 0.0777 0.9034 -0.4217
vn -0.0015 0.9075 -0.4199
vn 0.2868 0.8643 -0.4132
vn 0.2468 0.8751 -0.4163
vn 0.2214 0.8811 -0.4179
vn 0.4134 0.8190 -0.3980
vn -0.0000 -0.0000 1.0000
vn -0.7688 0.5930 -0.2392
vn -0.7290 0.6333 -0.2597
vn -0.6305 0.7151 -0.3020
vn -0.1711 0.8971 -0.4073
vn -0.0826 0.9059 -0.4154
vn -0.0797 0.9060 -0.4157
vn -0.1610 0.8985 -0.4084
vn 0.4210 0.8156 -0.3968
vn 0.3706 0.8363 -0.4040
vn -0.2702 0.8784 -0.3941
vn -0.2502 0.8830 -0.3972
vn 0.2534 0.8734 -0.4158
vn -0.9921 0.1256 -0.0000
vn -0.9918 0.1256 -0.0253
vn -0.5711 0.6031 0.5569
vn -0.7750 0.4765 0.4152
vn -0.7274 0.5133 0.4555
vn -0.5409 0.6163 0.5723
vn 0.4473 0.6163 0.6481
vn 0.2925 0.6663 0.6860
vn 0.2678 0.6723 0.6901
vn 0.4118 0.6297 0.6587
vn -0.9134 0.3213 0.2500
vn -0.8923 0.3522 0.2824
vn 0.1453 0.6954 0.7038
vn 0.1301 0.6975 0.7047
vn -0.9458 0.2634 0.1898
vn 0.0036 0.7084 0.7058
vn -0.0033 0.7087 0.7055
vn 0.9976 -0.0689 -0.0000
vn 0.9975 -0.0688 0.0158
vn -0.6419 0.7667 0.0098
vn -0.1359 0.7072 0.6939
vn -0.1349 0.7072 0.6940
vn 0.9316 0.2193 0.2898
vn 0.9050 0.2648 0.3331
vn 0.8514 0.3376 0.4015
vn -0.0000 -0.0000 -1.0000
vn -0.2766 0.6914 0.6674
vn -0.2672 0.6929 0.6697
vn 0.7686 0.4229 0.4801
vn 0.7125 0.4691 0.5218
vn -0.4213 0.6585 0.6236
vn -0.4023 0.6639 0.6304
vn 0.6089 0.5382 0.5827
vn 0.5617 0.5643 0.6051
vn 0.0164 -0.9994 0.0320
vn 0.0081 -0.9994 0.0328
vn 0.0077 -1.0000 -0.0000
vn 0.0156 -0.9999 -0.0000
vn -0.0529 -0.9985 0.0146
vn -0.0572 -0.9983 0.0106
vn -0.0572 -0.9984 -0.0000
vn -0.0498 -0.9988 -0.0000
vn -0.0000 -0.9995 0.0330
vn -0.0000 -1.0000 -0.0000
vn 0.0583 -0.9983 -0.0000
vn 0.0566 -0.9984 0.0049
vn 0.0552 -0.9985 -0.0000
vn -0.0570 -0.9984 -0.0000
vn -0.0081 -0.9994 0.0328
vn -0.0078 -1.0000 -0.0000
vn 0.0514 -0.9985 0.0171
vn 0.0490 -0.9988 -0.0000
vn -0.0164 -0.9993 0.0321
vn -0.0157 -0.9999 -0.0000
vn 0.0434 -0.9988 0.0234
vn 0.0410 -0.9992 -0.0000
vn -0.0253 -0.9992 0.0306
vn -0.0241 -0.9997 -0.0000
vn 0.0343 -0.9990 0.0277
vn 0.0325 -0.9995 -0.0000
vn -0.0346 -0.9990 0.0279
vn -0.0328 -0.9995 -0.0000
vn 0.0251 -0.9992 0.0304
vn 0.0239 -0.9997 -0.0000
vn -0.0439 -0.9988 0.0237
vn -0.0415 -0.9991 -0.0000
vn 0.9912 0.1321 -0.0000
vn 0.9824 0.1291 0.1353
vn 0.9578 0.1233 0.2598
vn 0.9096 0.1171 0.3986
vn 0.8309 0.1104 0.5453
vn 0.7094 0.1040 0.6971
vn 0.5310 0.0985 0.8416
vn 0.2887 0.0946 0.9527
vn 0.0002 0.0929 0.9957
vn -0.2883 0.0936 0.9529
vn -0.5308 0.0967 0.8420
vn -0.7094 0.1015 0.6974
vn -0.8311 0.1076 0.5457
vn -0.9099 0.1139 0.3989
vn -0.9581 0.1200 0.2600
vn -0.9828 0.1257 0.1354
vn -0.5263 0.8478 0.0651
vn -0.5256 0.8481 0.0675
vn -0.5373 0.8434 -0.0000
vn -0.4813 0.8660 0.1356
vn -0.4831 0.8652 0.1339
vn -0.4055 0.8950 0.1857
vn -0.4120 0.8927 0.1825
vn -0.3177 0.9227 0.2182
vn -0.3264 0.9203 0.2158
vn -0.2691 0.9382 0.2175
vn -0.2717 0.9369 0.2199
vn -0.3196 0.8962 0.3077
vn -0.1747 0.9573 0.2304
vn -0.2746 0.8948 0.3520
vn -0.0629 0.9664 0.2491
vn 0.0001 0.9429 0.3330
vn 0.0002 0.9677 0.2523
vn 0.2750 0.8943 0.3530
vn 0.0636 0.9662 0.2499
vn 0.3198 0.8955 0.3095
vn 0.1778 0.9563 0.2323
vn 0.2728 0.9365 0.2205
vn 0.2757 0.9350 0.2232
vn 0.3224 0.9202 0.2220
vn 0.3326 0.9172 0.2192
vn 0.4246 0.8897 0.1676
vn 0.4328 0.8870 0.1606
vn 0.4888 0.8697 0.0692
vn 0.4090 0.9065 -0.1052
vn 0.4209 0.9028 -0.0880
vn 0.3262 0.9453 -0.0000
vn -0.9875 0.1579 -0.0000
vn -0.9805 0.1563 0.1194
vn -0.9587 0.1532 0.2395
vn -0.9171 0.1502 0.3692
vn -0.8473 0.1475 0.5102
vn -0.7591 0.1333 0.6372
vn -0.6302 0.1123 0.7683
vn -0.9888 -0.0406 0.1437
vn -0.5913 0.6852 0.4254
vn -0.3773 0.8260 0.4188
vn 0.3935 -0.9161 -0.0770
vn 0.2886 -0.9320 -0.2195
vn 0.2989 -0.9317 -0.2063
vn -0.0002 0.9149 0.4037
vn 0.6305 0.1111 0.7682
vn 0.7593 0.1320 0.6372
vn 0.8476 0.1460 0.5102
vn 0.9174 0.1486 0.3693
vn 0.9590 0.1516 0.2395
vn 0.9807 0.1546 0.1195
vn 0.9877 0.1562 -0.0000
vn 0.9833 0.1258 0.1312
vn 0.9917 0.1287 -0.0000
vn 0.9593 0.1200 0.2556
vn 0.9128 0.1139 0.3921
vn 0.8363 0.1075 0.5376
vn 0.7171 0.1015 0.6896
vn 0.5394 0.0966 0.8365
vn 0.2945 0.0937 0.9510
vn 0.3009 0.0937 0.9491
vn 0.0003 0.0931 0.9957
vn -0.2945 0.0947 0.9510
vn -0.3004 0.0947 0.9491
vn -0.5393 0.0985 0.8364
vn -0.7169 0.1039 0.6894
vn -0.8361 0.1104 0.5374
vn -0.9125 0.1170 0.3920
vn -0.9589 0.1233 0.2555
vn -0.9829 0.1291 0.1312
vn -0.9912 0.1322 -0.0000
vn 0.9883 -0.0408 0.1472
vn -0.2893 -0.9315 -0.2203
vn -0.2983 -0.9313 -0.2090
vn 0.3772 0.8256 0.4196
vn 0.5917 0.6840 0.4266
vn -0.3937 -0.9158 -0.0791
vn 0.6376 -0.7574 -0.1410
vn 0.5862 -0.7948 -0.1572
vn 0.8029 -0.5912 -0.0761
vn -0.0022 -0.9721 -0.2347
vn 0.0006 -0.9721 -0.2347
vn -0.6404 -0.7545 -0.1437
vn -0.5868 -0.7937 -0.1604
vn -0.8046 -0.5885 -0.0797
vn 0.9761 -0.1652 0.1411
vn -0.9774 -0.1606 0.1372
vn -0.8745 0.2664 0.4054
vn -0.3945 0.6274 0.6713
vn 0.3933 0.6254 0.6739
vn 0.8742 0.2620 0.4089
vn 0.5518 0.6744 -0.4906
vn 0.6066 0.6337 -0.4801
vn 0.7278 0.5219 -0.4450
vn 0.0381 0.9187 -0.3932
vn 0.0392 0.9185 -0.3934
vn 0.0848 0.9094 -0.4072
vn 0.0816 0.9102 -0.4060
vn -0.2199 0.8603 -0.4598
vn -0.2369 0.8528 -0.4655
vn -0.1462 0.8897 -0.4325
vn -0.1381 0.8926 -0.4292
vn 0.1380 0.8933 -0.4277
vn 0.1452 0.8908 -0.4306
vn 0.2346 0.8551 -0.4623
vn 0.2193 0.8618 -0.4574
vn -0.0815 0.9099 -0.4068
vn -0.0853 0.9089 -0.4083
vn -0.0395 0.9183 -0.3939
vn -0.0379 0.9185 -0.3936
vn -0.4478 0.7132 -0.5392
vn -0.3449 0.7649 -0.5441
vn -0.2776 0.7922 -0.5434
vn 0.3466 0.8009 -0.4884
vn 0.3782 0.7837 -0.4928
vn -0.2778 0.8212 -0.4984
vn -0.2658 0.8169 -0.5119
vn 0.9896 0.1175 -0.0836
vn 0.9930 0.1179 -0.0000
vn -0.8699 0.3793 -0.3153
vn -0.1803 0.8895 -0.4199
vn -0.1623 0.8926 -0.4206
vn -0.2576 0.8723 -0.4155
vn -0.2880 0.8640 -0.4130
vn -0.9926 -0.1200 0.0201
vn 0.5388 0.7737 -0.3333
vn 0.4774 0.8056 -0.3509
vn 0.3532 0.8551 -0.3795
vn 0.3889 0.8428 -0.3722
vn -0.0017 0.9075 -0.4201
vn 0.0015 0.9075 -0.4199
vn -0.0777 0.9034 -0.4217
vn -0.0873 0.9025 -0.4217
vn -0.2868 0.8643 -0.4132
vn -0.4134 0.8190 -0.3980
vn -0.2214 0.8811 -0.4179
vn -0.2468 0.8751 -0.4163
vn 0.7688 0.5930 -0.2392
vn 0.6305 0.7151 -0.3020
vn 0.7290 0.6333 -0.2597
vn 0.1711 0.8971 -0.4073
vn 0.1610 0.8985 -0.4084
vn 0.0797 0.9060 -0.4157
vn 0.0826 0.9059 -0.4154
vn -0.3706 0.8363 -0.4040
vn -0.4210 0.8156 -0.3968
vn 0.2502 0.8830 -0.3972
vn 0.2702 0.8784 -0.3941
vn -0.2534 0.8734 -0.4158
vn 0.9921 0.1256 -0.0000
vn 0.9918 0.1256 -0.0253
vn 0.5711 0.6031 0.5569
vn 0.5409 0.6163 0.5723
vn 0.7274 0.5133 0.4555
vn 0.7750 0.4765 0.4152
vn -0.4473 0.6163 0.6481
vn -0.4118 0.6297 0.6587
vn -0.2678 0.6723 0.6901
vn -0.2925 0.6663 0.6860
vn 0.8923 0.3522 0.2824
vn 0.9134 0.3213 0.2500
vn -0.1301 0.6975 0.7047
vn -0.1453 0.6954 0.7038
vn 0.9458 0.2634 0.1898
vn 0.0033 0.7087 0.7055
vn -0.0036 0.7084 0.7058
vn -0.9976 -0.0689 -0.0000
vn -0.9975 -0.0688 0.0158
vn 0.6419 0.7667 0.0098
vn 0.1349 0.7072 0.6940
vn 0.1359 0.7072 0.6939
vn -0.9316 0.2193 0.2898
vn -0.8514 0.3376 0.4015
vn -0.9050 0.2648 0.3331
vn 0.2672 0.6929 0.6697
vn 0.2766 0.6914 0.6674
vn -0.7125 0.4691 0.5218
vn -0.7686 0.4229 0.4801
vn 0.4023 0.6639 0.6304
vn 0.4213 0.6585 0.6236
vn -0.5617 0.5643 0.6051
vn -0.6089 0.5382 0.5827
vn -0.0164 -0.9994 0.0320
vn -0.0156 -0.9999 -0.0000
vn -0.0077 -1.0000 -0.0000
vn 0.0529 -0.9985 0.0146
vn 0.0498 -0.9988 -0.0000
vn 0.0572 -0.9984 -0.0000
vn 0.0572 -0.9983 0.0106
vn -0.0583 -0.9983 -0.0000
vn -0.0552 -0.9985 -0.0000
vn -0.0566 -0.9984 0.0049
vn 0.0570 -0.9984 -0.0000
vn 0.0078 -1.0000 -0.0000
vn -0.0490 -0.9988 -0.0000
vn -0.0514 -0.9985 0.0171
vn 0.0157 -0.9999 -0.0000
vn 0.0164 -0.9993 0.0321
vn -0.0410 -0.9992 -0.0000
vn -0.0434 -0.9988 0.0234
vn 0.0241 -0.9997 -0.0000
vn 0.0253 -0.9992 0.0306
vn -0.0325 -0.9995 -0.0000
vn -0.0343 -0.9990 0.0277
vn 0.0328 -0.9995 -0.0000
vn 0.0346 -0.9990 0.0279
vn -0.0239 -0.9997 -0.0000
vn -0.0251 -0.9992 0.0304
vn 0.0415 -0.9991 -0.0000
vn 0.0439 -0.9988 0.0237
vn -0.9912 0.1321 -0.0000
vn -0.9824 0.1291 0.1353
vn -0.9578 0.1233 0.2598
vn -0.9096 0.1171 0.3986
vn -0.8309 0.1104 0.5453
vn -0.7094 0.1040 0.6971
vn -0.5310 0.0985 0.8416
vn -0.2887 0.0946 0.9527
vn -0.0002 0.0929 0.9957
vn 0.2883 0.0936 0.9529
vn 0.5308 0.0967 0.8420
vn 0.7094 0.1015 0.6974
vn 0.8311 0.1076 0.5457
vn 0.9099 0.1139 0.3989
vn 0.9581 0.1200 0.2600
vn 0.9828 0.1257 0.1354
vn 0.5263 0.8478 -0.0651
vn 0.5256 0.8481 -0.0675
vn 0.4813 0.8660 -0.1356
vn 0.4831 0.8652 -0.1339
vn 0.4055 0.8950 -0.1857
vn 0.4120 0.8927 -0.1825
vn 0.3177 0.9227 -0.2182
vn 0.3264 0.9203 -0.2158
vn 0.2691 0.9382 -0.2175
vn 0.2717 0.9369 -0.2199
vn 0.3196 0.8962 -0.3077
vn 0.1747 0.9573 -0.2304
vn 0.2746 0.8948 -0.3520
vn 0.0629 0.9664 -0.2491
vn -0.0001 0.9429 -0.3330
vn -0.0002 0.9677 -0.2523
vn -0.2750 0.8943 -0.3530
vn -0.0636 0.9662 -0.2499
vn -0.3198 0.8955 -0.3095
vn -0.1778 0.9563 -0.2323
vn -0.2728 0.9365 -0.2205
vn -0.2757 0.9350 -0.2232
vn -0.3224 0.9202 -0.2220
vn -0.3326 0.9172 -0.2192
vn -0.4246 0.8897 -0.1676
vn -0.4328 0.8870 -0.1606
vn -0.4888 0.8697 -0.0692
vn -0.4090 0.9065 0.1052
vn -0.4209 0.9028 0.0880
vn 0.9805 0.1563 -0.1194
vn 0.9764 0.1843 -0.1123
vn 0.9587 0.1532 -0.2395
vn 0.9559 0.1839 -0.2289
vn 0.9171 0.1502 -0.3692
vn 0.9169 0.1839 -0.3543
vn 0.8473 0.1475 -0.5102
vn 0.8507 0.1850 -0.4921
vn 0.7591 0.1333 -0.6372
vn 0.7901 0.1617 -0.5913
vn 0.6302 0.1123 -0.7683
vn 0.7734 0.1364 -0.6191
vn 0.9888 -0.0406 -0.1437
vn 0.5913 0.6852 -0.4254
vn 0.3773 0.8260 -0.4188
vn -0.3935 -0.9161 0.0770
vn -0.2886 -0.9320 0.2195
vn -0.2989 -0.9317 0.2063
vn 0.0002 0.9149 -0.4037
vn -0.6305 0.1111 -0.7682
vn -0.7593 0.1320 -0.6372
vn -0.7901 0.1617 -0.5913
vn -0.7734 0.1364 -0.6191
vn -0.8476 0.1460 -0.5102
vn -0.8507 0.1850 -0.4921
vn -0.9174 0.1486 -0.3693
vn -0.9169 0.1839 -0.3543
vn -0.9590 0.1516 -0.2395
vn -0.9559 0.1839 -0.2289
vn -0.9807 0.1546 -0.1195
vn -0.9764 0.1843 -0.1123
vn -0.9833 0.1258 -0.1312
vn -0.9593 0.1200 -0.2556
vn -0.9128 0.1139 -0.3921
vn -0.8363 0.1075 -0.5376
vn -0.7171 0.1015 -0.6896
vn -0.5394 0.0966 -0.8365
vn -0.2945 0.0937 -0.9510
vn -0.3009 0.0937 -0.9491
vn -0.0000 0.0930 -0.9957
vn -0.0003 0.0931 -0.9957
vn 0.2945 0.0947 -0.9510
vn 0.3004 0.0947 -0.9491
vn 0.5393 0.0985 -0.8364
vn 0.7169 0.1039 -0.6894
vn 0.8361 0.1104 -0.5374
vn 0.9125 0.1170 -0.3920
vn 0.9589 0.1233 -0.2555
vn 0.9829 0.1291 -0.1312
vn 0.0005 -0.9176 0.3976
vn -0.0005 -0.9176 0.3976
vn -0.9883 -0.0408 -0.1472
vn 0.2893 -0.9315 0.2203
vn 0.2983 -0.9313 0.2090
vn -0.3772 0.8256 -0.4196
vn -0.5917 0.6840 -0.4266
vn 0.3937 -0.9158 0.0791
vn -0.0000 -0.7604 -0.6495
vn -0.6376 -0.7574 0.1410
vn -0.5862 -0.7948 0.1572
vn -0.8029 -0.5912 0.0761
vn 0.0022 -0.9721 0.2347
vn -0.0006 -0.9721 0.2347
vn 0.6404 -0.7545 0.1437
vn 0.5868 -0.7937 0.1604
vn 0.8046 -0.5885 0.0797
vn -0.9761 -0.1652 -0.1411
vn 0.9774 -0.1606 -0.1372
vn 0.8745 0.2664 -0.4054
vn 0.3945 0.6274 -0.6713
vn -0.3933 0.6254 -0.6739
vn -0.8742 0.2620 -0.4089
vn -0.5518 0.6744 0.4906
vn -0.6066 0.6337 0.4801
vn -0.7278 0.5219 0.4450
vn -0.0381 0.9187 0.3932
vn -0.0392 0.9185 0.3934
vn -0.0848 0.9094 0.4072
vn -0.0816 0.9102 0.4060
vn 0.2199 0.8603 0.4598
vn 0.2369 0.8528 0.4655
vn 0.1462 0.8897 0.4325
vn 0.1381 0.8926 0.4292
vn -0.1380 0.8933 0.4277
vn -0.1452 0.8908 0.4306
vn -0.2346 0.8551 0.4623
vn -0.2193 0.8618 0.4574
vn 0.0815 0.9099 0.4068
vn 0.0853 0.9089 0.4083
vn 0.0395 0.9183 0.3939
vn 0.0379 0.9185 0.3936
vn 0.4478 0.7132 0.5392
vn 0.3449 0.7649 0.5441
vn 0.2776 0.7922 0.5434
vn -0.3466 0.8009 0.4884
vn -0.3782 0.7837 0.4928
vn -0.0001 0.9212 0.3891
vn 0.0001 0.9212 0.3891
vn 0.2778 0.8212 0.4984
vn 0.2658 0.8169 0.5119
vn -0.9896 0.1175 0.0836
vn 0.8699 0.3793 0.3153
vn 0.1803 0.8895 0.4199
vn 0.1623 0.8926 0.4206
vn 0.2576 0.8723 0.4155
vn 0.2880 0.8640 0.4130
vn 0.9926 -0.1200 -0.0201
vn -0.5388 0.7737 0.3333
vn -0.4774 0.8056 0.3509
vn -0.3532 0.8551 0.3795
vn -0.3889 0.8428 0.3722
vn 0.0017 0.9075 0.4201
vn -0.0015 0.9075 0.4199
vn 0.0777 0.9034 0.4217
vn 0.0873 0.9025 0.4217
vn 0.2868 0.8643 0.4132
vn 0.4134 0.8190 0.3980
vn 0.2214 0.8811 0.4179
vn 0.2468 0.8751 0.4163
vn -0.7688 0.5930 0.2392
vn -0.6305 0.7151 0.3020
vn -0.7290 0.6333 0.2597
vn -0.1711 0.8971 0.4073
vn -0.1610 0.8985 0.4084
vn -0.0797 0.9060 0.4157
vn -0.0826 0.9059 0.4154
vn 0.3706 0.8363 0.4040
vn 0.4210 0.8156 0.3968
vn -0.2502 0.8830 0.3972
vn -0.2702 0.8784 0.3941
vn 0.2534 0.8734 0.4158
vn -0.9918 0.1256 0.0253
vn -0.5711 0.6031 -0.5569
vn -0.5409 0.6163 -0.5723
vn -0.7274 0.5133 -0.4555
vn -0.7750 0.4765 -0.4152
vn 0.4473 0.6163 -0.6481
vn 0.4118 0.6297 -0.6587
vn 0.2678 0.6723 -0.6901
vn 0.2925 0.6663 -0.6860
vn -0.8923 0.3522 -0.2824
vn -0.9134 0.3213 -0.2500
vn 0.1301 0.6975 -0.7047
vn 0.1453 0.6954 -0.7038
vn -0.9458 0.2634 -0.1898
vn -0.0033 0.7087 -0.7055
vn 0.0036 0.7084 -0.7058
vn 0.9975 -0.0688 -0.0158
vn -0.6419 0.7667 -0.0098
vn -0.1349 0.7072 -0.6940
vn -0.1359 0.7072 -0.6939
vn 0.9316 0.2193 -0.2898
vn 0.8514 0.3376 -0.4015
vn 0.9050 0.2648 -0.3331
vn -0.2672 0.6929 -0.6697
vn -0.2766 0.6914 -0.6674
vn 0.7125 0.4691 -0.5218
vn 0.7686 0.4229 -0.4801
vn -0.4023 0.6639 -0.6304
vn -0.4213 0.6585 -0.6236
vn 0.5617 0.5643 -0.6051
vn 0.6089 0.5382 -0.5827
vn 0.0164 -0.9994 -0.0320
vn 0.0081 -0.9994 -0.0328
vn -0.0529 -0.9985 -0.0146
vn -0.0572 -0.9983 -0.0106
vn -0.0000 -0.9995 -0.0330
vn 0.0566 -0.9984 -0.0049
vn -0.0081 -0.9994 -0.0328
vn 0.0514 -0.9985 -0.0171
vn -0.0164 -0.9993 -0.0321
vn 0.0434 -0.9988 -0.0234
vn -0.0253 -0.9992 -0.0306
vn 0.0343 -0.9990 -0.0277
vn -0.0346 -0.9990 -0.0279
vn 0.0251 -0.9992 -0.0304
vn -0.0439 -0.9988 -0.0237
vn 0.9824 0.1291 -0.1353
vn 0.9578 0.1233 -0.2598
vn 0.9096 0.1171 -0.3986
vn 0.8309 0.1104 -0.5453
vn 0.7094 0.1040 -0.6971
vn 0.5310 0.0985 -0.8416
vn 0.2887 0.0946 -0.9527
vn 0.0002 0.0929 -0.9957
vn -0.2883 0.0936 -0.9529
vn -0.5308 0.0967 -0.8420
vn -0.7094 0.1015 -0.6974
vn -0.8311 0.1076 -0.5457
vn -0.9099 0.1139 -0.3989
vn -0.9581 0.1200 -0.2600
vn -0.9828 0.1257 -0.1354
vn -0.5263 0.8478 -0.0651
vn -0.5256 0.8481 -0.0675
vn -0.4813 0.8660 -0.1356
vn -0.4831 0.8652 -0.1339
vn -0.4055 0.8950 -0.1857
vn -0.4120 0.8927 -0.1825
vn -0.3177 0.9227 -0.2182
vn -0.3264 0.9203 -0.2158
vn -0.2691 0.9382 -0.2175
vn -0.2717 0.9369 -0.2199
vn -0.3196 0.8962 -0.3077
vn -0.1747 0.9573 -0.2304
vn -0.2746 0.8948 -0.3520
vn -0.0629 0.9664 -0.2491
vn 0.0001 0.9429 -0.3330
vn 0.0002 0.9677 -0.2523
vn 0.2750 0.8943 -0.3530
vn 0.0636 0.9662 -0.2499
vn 0.3198 0.8955 -0.3095
vn 0.1778 0.9563 -0.2323
vn 0.2728 0.9365 -0.2205
vn 0.2757 0.9350 -0.2232
vn 0.3224 0.9202 -0.2220
vn 0.3326 0.9172 -0.2192
vn 0.4246 0.8897 -0.1676
vn 0.4328 0.8870 -0.1606
vn 0.4888 0.8697 -0.0692
vn 0.4090 0.9065 0.1052
vn 0.4209 0.9028 0.0880
vn -0.9805 0.1563 -0.1194
vn -0.9587 0.1532 -0.2395
vn -0.9171 0.1502 -0.3692
vn -0.8473 0.1475 -0.5102
vn -0.7591 0.1333 -0.6372
vn -0.6302 0.1123 -0.7683
vn -0.9888 -0.0406 -0.1437
vn -0.3773 0.8260 -0.4188
vn -0.5913 0.6852 -0.4254
vn 0.3935 -0.9161 0.0770
vn 0.2989 -0.9317 0.2063
vn 0.2886 -0.9320 0.2195
vn -0.0002 0.9149 -0.4037
vn 0.6305 0.1111 -0.7682
vn 0.7593 0.1320 -0.6372
vn 0.8476 0.1460 -0.5102
vn 0.9174 0.1486 -0.3693
vn 0.9590 0.1516 -0.2395
vn 0.9807 0.1546 -0.1195
vn 0.9833 0.1258 -0.1312
vn 0.9593 0.1200 -0.2556
vn 0.9128 0.1139 -0.3921
vn 0.8363 0.1075 -0.5376
vn 0.7171 0.1015 -0.6896
vn 0.5394 0.0966 -0.8365
vn 0.2945 0.0937 -0.9510
vn 0.3009 0.0937 -0.9491
vn 0.0003 0.0931 -0.9957
vn -0.2945 0.0947 -0.9510
vn -0.3004 0.0947 -0.9491
vn -0.5393 0.0985 -0.8364
vn -0.7169 0.1039 -0.6894
vn -0.8361 0.1104 -0.5374
vn -0.9125 0.1170 -0.3920
vn -0.9589 0.1233 -0.2555
vn -0.9829 0.1291 -0.1312
vn 0.9883 -0.0408 -0.1472
vn -0.2983 -0.9313 0.2090
vn -0.2893 -0.9315 0.2203
vn 0.5917 0.6840 -0.4266
vn 0.3772 0.8256 -0.4196
vn -0.3937 -0.9158 0.0791
vn 0.6376 -0.7574 0.1410
vn 0.8029 -0.5912 0.0761
vn 0.5862 -0.7948 0.1572
vn -0.0022 -0.9721 0.2347
vn 0.0006 -0.9721 0.2347
vn -0.6404 -0.7545 0.1437
vn -0.5868 -0.7937 0.1604
vn -0.8046 -0.5885 0.0797
vn 0.9761 -0.1652 -0.1411
vn -0.9774 -0.1606 -0.1372
vn -0.8745 0.2664 -0.4054
vn -0.3945 0.6274 -0.6713
vn 0.3933 0.6254 -0.6739
vn 0.8742 0.2620 -0.4089
vn 0.5518 0.6744 0.4906
vn 0.7278 0.5219 0.4450
vn 0.6066 0.6337 0.4801
vn 0.0381 0.9187 0.3932
vn 0.0816 0.9102 0.4060
vn 0.0848 0.9094 0.4072
vn 0.0392 0.9185 0.3934
vn -0.2199 0.8603 0.4598
vn -0.1381 0.8926 0.4292
vn -0.1462 0.8897 0.4325
vn -0.2369 0.8528 0.4655
vn 0.1380 0.8933 0.4277
vn 0.2193 0.8618 0.4574
vn 0.2346 0.8551 0.4623
vn 0.1452 0.8908 0.4306
vn -0.0815 0.9099 0.4068
vn -0.0379 0.9185 0.3936
vn -0.0395 0.9183 0.3939
vn -0.0853 0.9089 0.4083
vn -0.4478 0.7132 0.5392
vn -0.2776 0.7922 0.5434
vn -0.3449 0.7649 0.5441
vn 0.3466 0.8009 0.4884
vn 0.3782 0.7837 0.4928
vn -0.2778 0.8212 0.4984
vn -0.2658 0.8169 0.5119
vn 0.9896 0.1175 0.0836
vn -0.8699 0.3793 0.3153
vn -0.1803 0.8895 0.4199
vn -0.2880 0.8640 0.4130
vn -0.2576 0.8723 0.4155
vn -0.1623 0.8926 0.4206
vn -0.9926 -0.1200 -0.0201
vn 0.5388 0.7737 0.3333
vn 0.3889 0.8428 0.3722
vn 0.3532 0.8551 0.3795
vn 0.4774 0.8056 0.3509
vn -0.0017 0.9075 0.4201
vn -0.0873 0.9025 0.4217
vn -0.0777 0.9034 0.4217
vn 0.0015 0.9075 0.4199
vn -0.2868 0.8643 0.4132
vn -0.2468 0.8751 0.4163
vn -0.2214 0.8811 0.4179
vn -0.4134 0.8190 0.3980
vn 0.7688 0.5930 0.2392
vn 0.7290 0.6333 0.2597
vn 0.6305 0.7151 0.3020
vn 0.1711 0.8971 0.4073
vn 0.0826 0.9059 0.4154
vn 0.0797 0.9060 0.4157
vn 0.1610 0.8985 0.4084
vn -0.4210 0.8156 0.3968
vn -0.3706 0.8363 0.4040
vn 0.2702 0.8784 0.3941
vn 0.2502 0.8830 0.3972
vn -0.2534 0.8734 0.4158
vn 0.9918 0.1256 0.0253
vn 0.5711 0.6031 -0.5569
vn 0.7750 0.4765 -0.4152
vn 0.7274 0.5133 -0.4555
vn 0.5409 0.6163 -0.5723
vn -0.4473 0.6163 -0.6481
vn -0.2925 0.6663 -0.6860
vn -0.2678 0.6723 -0.6901
vn -0.4118 0.6297 -0.6587
vn 0.9134 0.3213 -0.2500
vn 0.8923 0.3522 -0.2824
vn -0.1453 0.6954 -0.7038
vn -0.1301 0.6975 -0.7047
vn 0.9458 0.2634 -0.1898
vn -0.0036 0.7084 -0.7058
vn 0.0033 0.7087 -0.7055
vn -0.9975 -0.0688 -0.0158
vn 0.6419 0.7667 -0.0098
vn 0.1359 0.7072 -0.6939
vn 0.1349 0.7072 -0.6940
vn -0.9316 0.2193 -0.2898
vn -0.9050 0.2648 -0.3331
vn -0.8514 0.3376 -0.4015
vn 0.2766 0.6914 -0.6674
vn 0.2672 0.6929 -0.6697
vn -0.7686 0.4229 -0.4801
vn -0.7125 0.4691 -0.5218
vn 0.4213 0.6585 -0.6236
vn 0.4023 0.6639 -0.6304
vn -0.6089 0.5382 -0.5827
vn -0.5617 0.5643 -0.6051
vn -0.0164 -0.9994 -0.0320
vn 0.0529 -0.9985 -0.0146
vn 0.0572 -0.9983 -0.0106
vn -0.0566 -0.9984 -0.0049
vn -0.0514 -0.9985 -0.0171
vn 0.0164 -0.9993 -0.0321
vn -0.0434 -0.9988 -0.0234
vn 0.0253 -0.9992 -0.0306
vn -0.0343 -0.9990 -0.0277
vn 0.0346 -0.9990 -0.0279
vn -0.0251 -0.9992 -0.0304
vn 0.0439 -0.9988 -0.0237
vn -0.9824 0.1291 -0.1353
vn -0.9578 0.1233 -0.2598
vn -0.9096 0.1171 -0.3986
vn -0.8309 0.1104 -0.5453
vn -0.7094 0.1040 -0.6971
vn -0.5310 0.0985 -0.8416
vn -0.2887 0.0946 -0.9527
vn -0.0002 0.0929 -0.9957
vn 0.2883 0.0936 -0.9529
vn 0.5308 0.0967 -0.8420
vn 0.7094 0.1015 -0.6974
vn 0.8311 0.1076 -0.5457
vn 0.9099 0.1139 -0.3989
vn 0.9581 0.1200 -0.2600
vn 0.9828 0.1257 -0.1354
vt 0.485388 0.203178
vt 0.490000 0.250000
vt 0.436120 0.250000
vt 0.432544 0.213690
vt 0.471731 0.158156
vt 0.421953 0.178775
vt 0.449553 0.116663
vt 0.404753 0.146597
vt 0.419706 0.080294
vt 0.381607 0.118393
vt 0.383337 0.050447
vt 0.353403 0.095247
vt 0.341844 0.028269
vt 0.321225 0.078047
vt 0.296822 0.014612
vt 0.286310 0.067456
vt 0.250000 0.010000
vt 0.250000 0.063880
vt 0.203178 0.014612
vt 0.213690 0.067456
vt 0.158156 0.028269
vt 0.178775 0.078047
vt 0.116663 0.050447
vt 0.146597 0.095247
vt 0.080294 0.080294
vt 0.118393 0.118393
vt 0.050447 0.116663
vt 0.095247 0.146597
vt 0.028269 0.158156
vt 0.078047 0.178775
vt 0.014612 0.203178
vt 0.067456 0.213690
vt 0.010000 0.250000
vt 0.063880 0.250000
vt 0.750000 0.858325
vt 0.750000 0.954912
vt 0.718750 0.954912
vt 0.718750 0.858325
vt 0.687500 0.954912
vt 0.687500 0.858325
vt 0.656250 0.954912
vt 0.656250 0.858325
vt 0.625000 0.954911
vt 0.625000 0.858325
vt 0.593750 0.954911
vt 0.593750 0.858325
vt 0.562500 0.954911
vt 0.562500 0.858325
vt 0.437500 0.858325
vt 0.468750 0.858325
vt 0.437500 0.954912
vt 0.406250 0.954911
vt 0.406250 0.858325
vt 0.375000 0.954911
vt 0.375000 0.858325
vt 0.343750 0.954912
vt 0.343750 0.858325
vt 0.312500 0.954911
vt 0.312500 0.858325
vt 0.281250 0.954912
vt 0.281250 0.858325
vt 0.250000 0.954912
vt 0.250000 0.858325
vt 0.705665 0.000983
vt 0.705665 1.000942
vt 0.560892 1.000942
vt 0.560892 0.000983
vt 0.850437 0.000983
vt 0.850437 1.000942
vt 0.995209 0.000983
vt 0.995209 1.000942
vt 0.375000 0.590860
vt 0.343750 0.590860
vt 0.406250 0.590860
vt 0.437500 0.590860
vt 0.468750 0.590860
vt 0.500000 0.590860
vt 0.500000 0.858325
vt 0.531250 0.590860
vt 0.531250 0.858325
vt 0.562500 0.590860
vt 0.593750 0.590860
vt 0.625000 0.590860
vt 0.656250 0.590860
vt 0.687500 0.590860
vt 0.718750 0.590860
vt 0.750000 0.590860
vt 0.526151 0.869821
vt 0.546247 0.883138
vt 0.546247 0.930098
vt 0.526151 0.943416
vt 0.500000 0.944810
vt 0.473849 0.943416
vt 0.453753 0.930098
vt 0.453753 0.883138
vt 0.473849 0.869821
vt 0.500000 0.868426
vt 0.531250 0.954912
vt 0.500000 0.954912
vt 0.468750 0.954912
vt 0.562500 0.500000
vt 0.531250 0.500000
vt 0.312500 0.500000
vt 0.281250 0.500000
vt 0.500000 0.500000
vt 0.750000 0.500000
vt 0.718750 0.500000
vt 0.250000 0.500000
vt 0.468750 0.500000
vt 0.687500 0.500000
vt 0.437500 0.500000
vt 0.656250 0.500000
vt 0.406250 0.500000
vt 0.625000 0.500000
vt 0.375000 0.500000
vt 0.593750 0.500000
vt 0.343750 0.500000
vt 0.312500 0.590860
vt 0.281250 0.590860
vt 0.250000 0.590860
vt 0.839664 0.001850
vt 1.006124 0.001850
vt 0.968944 0.996067
vt 0.823838 0.996067
vt 0.659043 0.001850
vt 0.666388 0.996067
vt 0.502646 0.001850
vt 0.502646 0.996067
vt 0.165628 0.001850
vt 0.181454 0.996067
vt 0.036347 0.996067
vt -0.000833 0.001850
vt 0.346248 0.001850
vt 0.338903 0.996067
s 1
usemtl Color_Camiseta
f 21/1/1 19/2/2 18/3/2 20/4/3
f 23/5/4 21/1/1 20/4/3 22/6/5
f 25/7/6 23/5/4 22/6/5 24/8/7
f 27/9/8 25/7/6 24/8/7 26/10/9
f 29/11/10 27/9/8 26/10/9 28/12/11
f 31/13/12 29/11/10 28/12/11 30/14/13
f 33/15/14 31/13/12 30/14/13 32/16/15
f 35/17/16 33/15/14 32/16/15 34/18/17
f 37/19/18 35/17/16 34/18/17 36/20/19
f 39/21/20 37/19/18 36/20/19 38/22/21
f 41/23/22 39/21/20 38/22/21 40/24/23
f 43/25/24 41/23/22 40/24/23 42/26/25
f 45/27/26 43/25/24 42/26/25 44/28/27
f 47/29/28 45/27/26 44/28/27 46/30/28
f 49/31/29 47/29/28 46/30/28 48/32/30
f 51/33/31 49/31/29 48/32/30 50/34/31
f 52/35/32 19/36/33 21/37/34 53/38/35
f 53/38/35 21/37/34 23/39/36 54/40/37
f 54/40/37 23/39/36 25/41/38 55/42/39
f 55/42/39 25/41/38 27/43/40 56/44/41
f 56/44/41 27/43/40 29/45/42 57/46/43
f 57/46/43 29/45/42 31/47/44 58/48/45
f 58/48/46 31/47/46 80/47/46 84/48/46
f 31/13/12 33/15/14 79/15/47 80/13/48
f 62/49/49 61/50/50 86/50/51 85/49/49
f 33/15/14 35/17/16 81/17/52 79/15/47
f 62/49/53 39/51/54 41/52/55 63/53/56
f 63/53/56 41/52/55 43/54/57 64/55/58
f 64/55/58 43/54/57 45/56/59 65/57/60
f 65/57/60 45/56/59 47/58/61 66/59/62
f 66/59/62 47/58/61 49/60/63 67/61/64
f 67/61/64 49/60/63 51/62/65 68/63/66
f 172/72/71 64/55/58 65/57/60 173/73/70
f 171/74/72 63/53/56 64/55/58 172/72/71
f 170/75/73 62/49/53 63/53/56 171/74/72
f 169/76/74 61/50/75 62/49/53 170/75/73
f 168/77/76 60/78/77 61/50/75 169/76/74
f 167/79/78 59/80/79 60/78/77 168/77/76
f 166/81/80 58/48/45 59/80/79 167/79/78
f 165/82/81 57/46/43 58/48/45 166/81/80
f 164/83/82 56/44/41 57/46/43 165/82/81
f 163/84/83 55/42/39 56/44/41 164/83/82
f 162/85/84 54/40/37 55/42/39 163/84/83
f 161/86/85 53/38/35 54/40/37 162/85/84
f 160/87/86 52/35/32 53/38/35 161/86/85
f 61/50/50 60/78/87 87/78/88 86/50/51
f 39/51/89 62/49/89 85/49/89 83/51/89
f 60/78/87 59/80/90 88/80/91 87/78/88
f 37/19/18 39/21/20 83/21/92 82/19/93
f 35/17/16 37/19/18 82/19/93 81/17/52
f 59/80/90 58/48/94 84/48/94 88/80/91
f 69/88/95 76/89/95 72/90/95 71/91/95 73/92/95 74/93/95 75/94/95 77/95/95 78/96/95 70/97/95
f 71/91/96 72/90/97 80/47/97 79/98/98
f 73/92/99 71/91/96 79/98/98 81/99/100
f 74/93/101 73/92/99 81/99/100 82/100/102
f 75/94/103 74/93/101 82/100/102 83/51/103
f 72/90/104 76/89/104 84/48/104 80/47/104
f 77/95/105 75/94/105 83/51/105 85/49/105
f 78/96/106 77/95/106 85/49/106 86/50/106
f 70/97/107 78/96/107 86/50/107 87/78/107
f 69/88/108 70/97/108 87/78/108 88/80/108
f 76/89/109 69/88/109 88/80/109 84/48/109
f 22/6/110 20/4/111 90/4/111 91/6/112
f 32/16/113 30/14/114 95/14/115 96/16/116
f 42/26/117 40/24/118 100/24/119 101/26/120
f 28/12/121 26/10/122 93/10/123 94/12/124
f 38/22/125 36/20/126 98/20/127 99/22/128
f 48/32/129 46/30/130 103/30/131 104/32/129
f 24/8/132 22/6/110 91/6/112 92/8/133
f 34/18/134 32/16/113 96/16/116 97/18/135
f 44/28/136 42/26/117 101/26/120 102/28/137
f 20/4/138 18/3/139 89/3/139 90/4/139
f 30/14/114 28/12/121 94/12/124 95/14/115
f 40/24/118 38/22/125 99/22/128 100/24/119
f 50/34/140 48/32/140 104/32/140 105/34/140
f 26/10/122 24/8/132 92/8/133 93/10/123
f 36/20/126 34/18/134 97/18/135 98/20/127
f 46/30/130 44/28/136 102/28/137 103/30/131
f 38/22/141 40/24/142 117/24/143 116/22/144
f 48/32/145 50/34/145 122/34/145 121/32/145
f 24/8/146 26/10/147 110/10/148 109/8/149
f 34/18/150 36/20/151 115/20/152 114/18/153
f 44/28/154 46/30/155 120/30/156 119/28/157
f 50/34/158 105/34/158 123/34/158 122/34/158
f 20/4/159 22/6/160 108/6/161 107/4/159
f 30/14/162 32/16/163 113/16/164 112/14/165
f 40/24/142 42/26/166 118/26/167 117/24/143
f 26/10/147 28/12/168 111/12/169 110/10/148
f 36/20/151 38/22/141 116/22/144 115/20/152
f 46/30/155 48/32/170 121/32/170 120/30/156
f 22/6/160 24/8/146 109/8/149 108/6/161
f 32/16/163 34/18/150 114/18/153 113/16/164
f 42/26/166 44/28/154 119/28/157 118/26/167
f 18/3/171 20/4/172 107/4/172 106/3/171
f 28/12/168 30/14/162 112/14/165 111/12/169
f 118/26/173 119/28/174 137/28/175 136/26/176
f 111/12/177 112/14/178 130/14/179 129/12/180
f 119/28/174 120/30/181 138/30/182 137/28/175
f 112/14/178 113/16/183 131/16/184 130/14/179
f 120/30/181 121/32/185 139/32/185 138/30/182
f 113/16/183 114/18/186 132/18/187 131/16/184
f 106/3/188 107/4/189 125/4/189 124/3/188
f 121/32/190 122/34/190 140/34/190 139/32/190
f 114/18/186 115/20/191 133/20/192 132/18/187
f 107/4/193 108/6/194 126/6/195 125/4/193
f 122/34/196 123/34/196 141/34/196 140/34/196
f 115/20/191 116/22/197 134/22/198 133/20/192
f 108/6/194 109/8/199 127/8/200 126/6/195
f 116/22/197 117/24/201 135/24/202 134/22/198
f 109/8/199 110/10/203 128/10/204 127/8/200
f 117/24/201 118/26/173 136/26/176 135/24/202
f 110/10/203 111/12/177 129/12/180 128/10/204
f 7/101/205 8/102/206 149/102/207 148/101/208
f 15/103/209 16/104/210 157/104/211 156/103/212
f 8/102/206 9/105/213 150/105/214 149/102/207
f 1/106/215 2/107/216 143/107/217 142/106/215
f 16/104/210 17/108/218 158/108/218 157/104/211
f 9/105/213 10/109/219 151/109/220 150/105/214
f 2/107/216 3/110/221 144/110/222 143/107/217
f 10/109/219 11/111/223 152/111/224 151/109/220
f 3/110/221 4/112/225 145/112/226 144/110/222
f 11/111/223 12/113/227 153/113/228 152/111/224
f 4/112/225 5/114/229 146/114/230 145/112/226
f 12/113/227 13/115/231 154/115/232 153/113/228
f 5/114/229 6/116/233 147/116/234 146/114/230
f 13/115/231 14/117/235 155/117/236 154/115/232
f 6/116/233 7/101/205 148/101/208 147/116/234
f 14/117/235 15/103/209 156/103/212 155/117/236
f 1/106/237 160/87/86 161/86/85 2/107/238
f 2/107/238 161/86/85 162/85/84 3/110/239
f 3/110/239 162/85/84 163/84/83 4/112/240
f 4/112/240 163/84/83 164/83/82 5/114/241
f 5/114/241 164/83/82 165/82/81 6/116/242
f 6/116/242 165/82/81 166/81/80 7/101/243
f 7/101/243 166/81/80 167/79/78 8/102/244
f 8/102/244 167/79/78 168/77/76 9/105/245
f 9/105/245 168/77/76 169/76/74 10/109/246
f 10/109/246 169/76/74 170/75/73 11/111/247
f 11/111/247 170/75/73 171/74/72 12/113/248
f 12/113/248 171/74/72 172/72/71 13/115/249
f 13/115/249 172/72/71 173/73/70 14/117/250
f 14/117/250 173/73/70 174/118/69 15/103/251
f 15/103/251 174/118/69 175/119/67 16/104/252
f 16/104/252 175/119/67 176/120/68 17/108/68
f 197/1/253 196/4/254 194/3/255 195/2/255
f 199/5/256 198/6/257 196/4/254 197/1/253
f 201/7/258 200/8/259 198/6/257 199/5/256
f 203/9/260 202/10/261 200/8/259 201/7/258
f 205/11/262 204/12/263 202/10/261 203/9/260
f 207/13/264 206/14/265 204/12/263 205/11/262
f 209/15/266 208/16/267 206/14/265 207/13/264
f 35/17/268 210/18/269 208/16/267 209/15/266
f 212/19/270 211/20/271 210/18/269 35/17/268
f 214/21/272 213/22/273 211/20/271 212/19/270
f 216/23/274 215/24/275 213/22/273 214/21/272
f 218/25/276 217/26/277 215/24/275 216/23/274
f 220/27/278 219/28/279 217/26/277 218/25/276
f 222/29/280 221/30/280 219/28/279 220/27/278
f 224/31/281 223/32/282 221/30/280 222/29/280
f 226/33/283 225/34/283 223/32/282 224/31/281
f 227/35/284 228/38/285 197/37/63 195/36/65
f 228/38/285 229/40/286 199/39/61 197/37/63
f 229/40/286 230/42/287 201/41/59 199/39/61
f 230/42/287 231/44/288 203/43/57 201/41/59
f 231/44/288 232/46/289 205/45/55 203/43/57
f 232/46/289 233/48/290 207/47/54 205/45/55
f 233/48/291 256/48/291 252/47/291 207/47/291
f 207/13/264 252/13/292 251/15/293 209/15/266
f 236/49/294 257/49/294 258/50/295 235/50/296
f 209/15/266 251/15/293 253/17/297 35/17/268
f 236/49/298 237/53/299 216/52/42 214/51/44
f 237/53/299 238/55/300 218/54/40 216/52/42
f 238/55/300 239/57/301 220/56/38 218/54/40
f 239/57/301 240/59/302 222/58/36 220/56/38
f 240/59/302 241/61/303 224/60/34 222/58/36
f 241/61/303 242/63/304 226/62/33 224/60/34
f 344/72/309 345/73/308 239/57/301 238/55/300
f 343/74/310 344/72/309 238/55/300 237/53/299
f 342/75/311 343/74/310 237/53/299 236/49/298
f 341/76/312 342/75/311 236/49/298 235/50/313
f 340/77/76 341/76/312 235/50/313 60/78/314
f 339/79/315 340/77/76 60/78/314 234/80/316
f 338/81/317 339/79/315 234/80/316 233/48/290
f 337/82/318 338/81/317 233/48/290 232/46/289
f 336/83/319 337/82/318 232/46/289 231/44/288
f 335/84/320 336/83/319 231/44/288 230/42/287
f 235/50/296 258/50/295 259/78/87 60/78/88
f 214/51/324 255/51/324 257/49/324 236/49/324
f 60/78/88 259/78/87 260/80/325 234/80/326
f 212/19/270 254/19/327 255/21/328 214/21/272
f 35/17/268 253/17/297 254/19/327 212/19/270
f 234/80/326 260/80/325 256/48/329 233/48/329
f 243/88/95 70/97/95 250/96/95 249/95/95 247/94/95 246/93/95 73/92/95 244/91/95 245/90/95 248/89/95
f 244/91/330 251/98/331 252/47/332 245/90/332
f 73/92/333 253/99/334 251/98/331 244/91/330
f 246/93/335 254/100/336 253/99/334 73/92/333
f 247/94/337 255/51/337 254/100/336 246/93/335
f 245/90/338 252/47/338 256/48/338 248/89/338
f 249/95/339 257/49/339 255/51/339 247/94/339
f 250/96/340 258/50/340 257/49/340 249/95/340
f 70/97/341 259/78/341 258/50/341 250/96/341
f 243/88/342 260/80/342 259/78/342 70/97/342
f 248/89/343 256/48/343 260/80/343 243/88/343
f 198/6/344 263/6/345 262/4/346 196/4/346
f 208/16/347 268/16/348 267/14/349 206/14/350
f 217/26/351 273/26/352 272/24/353 215/24/354
f 204/12/355 266/12/356 265/10/357 202/10/358
f 213/22/359 271/22/360 270/20/361 211/20/362
f 223/32/363 276/32/363 275/30/364 221/30/365
f 200/8/366 264/8/367 263/6/345 198/6/344
f 210/18/135 269/18/134 268/16/348 208/16/347
f 219/28/368 274/28/369 273/26/352 217/26/351
f 196/4/370 262/4/371 261/3/371 194/3/371
f 206/14/350 267/14/349 266/12/356 204/12/355
f 215/24/354 272/24/353 271/22/360 213/22/359
f 225/34/372 277/34/372 276/32/372 223/32/372
f 202/10/358 265/10/357 264/8/367 200/8/366
f 211/20/362 270/20/361 269/18/134 210/18/135
f 221/30/365 275/30/364 274/28/369 219/28/368
f 213/22/373 288/22/374 289/24/375 215/24/376
f 223/32/377 293/32/377 294/34/377 225/34/377
f 200/8/378 281/8/379 282/10/380 202/10/381
f 210/18/382 286/18/383 287/20/384 211/20/385
f 219/28/386 291/28/387 292/30/388 221/30/389
f 225/34/158 294/34/158 295/34/158 277/34/158
f 196/4/390 279/4/390 280/6/391 198/6/392
f 206/14/393 284/14/394 285/16/395 208/16/396
f 215/24/376 289/24/375 290/26/397 217/26/398
f 202/10/381 282/10/380 283/12/399 204/12/400
f 211/20/385 287/20/384 288/22/374 213/22/373
f 221/30/389 292/30/388 293/32/401 223/32/401
f 198/6/392 280/6/391 281/8/379 200/8/378
f 208/16/396 285/16/395 286/18/383 210/18/382
f 217/26/398 290/26/397 291/28/387 219/28/386
f 194/3/402 278/3/402 279/4/403 196/4/403
f 204/12/400 283/12/399 284/14/394 206/14/393
f 290/26/404 308/26/405 309/28/406 291/28/407
f 283/12/408 301/12/409 302/14/410 284/14/411
f 291/28/407 309/28/406 310/30/412 292/30/413
f 284/14/411 302/14/410 303/16/414 285/16/415
f 292/30/413 310/30/412 311/32/416 293/32/416
f 285/16/415 303/16/414 304/18/417 286/18/418
f 278/3/419 296/3/419 297/4/420 279/4/420
f 293/32/421 311/32/421 312/34/421 294/34/421
f 286/18/418 304/18/417 305/20/422 287/20/423
f 279/4/424 297/4/424 298/6/425 280/6/426
f 294/34/196 312/34/196 313/34/196 295/34/196
f 287/20/423 305/20/422 306/22/427 288/22/428
f 280/6/426 298/6/425 299/8/429 281/8/430
f 288/22/428 306/22/427 307/24/431 289/24/432
f 281/8/430 299/8/429 300/10/433 282/10/434
f 289/24/432 307/24/431 308/26/405 290/26/404
f 282/10/434 300/10/433 301/12/409 283/12/408
f 183/101/435 320/101/436 321/102/437 184/102/219
f 191/103/438 328/103/439 329/104/440 192/104/441
f 184/102/219 321/102/437 322/105/214 185/105/213
f 177/106/442 314/106/442 315/107/443 178/107/444
f 192/104/441 329/104/440 330/108/445 193/108/445
f 185/105/213 322/105/214 323/109/446 186/109/206
f 178/107/444 315/107/443 316/110/447 179/110/448
f 186/109/206 323/109/446 324/111/449 187/111/450
f 179/110/448 316/110/447 317/112/451 180/112/452
f 187/111/450 324/111/449 325/113/453 188/113/454
f 180/112/452 317/112/451 318/114/455 181/114/456
f 188/113/454 325/113/453 326/115/457 189/115/458
f 181/114/456 318/114/455 319/116/459 182/116/460
f 189/115/458 326/115/457 327/117/461 190/117/462
f 182/116/460 319/116/459 320/101/436 183/101/435
f 190/117/462 327/117/461 328/103/439 191/103/438
f 177/106/463 178/107/464 333/86/322 332/87/323
f 178/107/464 179/110/465 334/85/321 333/86/322
f 179/110/465 180/112/466 335/84/320 334/85/321
f 180/112/466 181/114/467 336/83/319 335/84/320
f 181/114/467 182/116/468 337/82/318 336/83/319
f 182/116/468 183/101/469 338/81/317 337/82/318
f 183/101/469 184/102/470 339/79/315 338/81/317
f 184/102/470 185/105/471 340/77/76 339/79/315
f 185/105/471 186/109/472 341/76/312 340/77/76
f 186/109/472 187/111/473 342/75/311 341/76/312
f 187/111/473 188/113/474 343/74/310 342/75/311
f 188/113/474 189/115/475 344/72/309 343/74/310
f 189/115/475 190/117/476 345/73/308 344/72/309
f 190/117/476 191/103/477 346/118/307 345/73/308
f 191/103/477 192/104/478 347/119/305 346/118/307
f 192/104/478 193/108/306 348/120/306 347/119/305
f 365/1/479 364/4/480 18/3/2 19/2/2
f 367/5/481 366/6/482 364/4/480 365/1/479
f 369/7/483 368/8/484 366/6/482 367/5/481
f 371/9/485 370/10/486 368/8/484 369/7/483
f 373/11/487 372/12/488 370/10/486 371/9/485
f 375/13/489 374/14/490 372/12/488 373/11/487
f 377/15/491 376/16/492 374/14/490 375/13/489
f 379/17/493 378/18/494 376/16/492 377/15/491
f 381/19/495 380/20/496 378/18/494 379/17/493
f 383/21/497 382/22/498 380/20/496 381/19/495
f 385/23/499 384/24/500 382/22/498 383/21/497
f 387/25/501 386/26/502 384/24/500 385/23/499
f 389/27/503 388/28/504 386/26/502 387/25/501
f 391/29/505 390/30/505 388/28/504 389/27/503
f 393/31/506 392/32/507 390/30/505 391/29/505
f 51/33/31 50/34/31 392/32/507 393/31/506
f 52/35/32 394/38/508 365/37/509 19/36/33
f 394/38/508 395/40/510 367/39/511 365/37/509
f 395/40/510 396/42/512 369/41/513 367/39/511
f 396/42/512 397/44/514 371/43/515 369/41/513
f 397/44/514 398/46/516 373/45/517 371/43/515
f 398/46/516 399/48/518 375/47/519 373/45/517
f 399/48/520 424/48/520 420/47/520 375/47/520
f 375/13/489 420/13/521 419/15/522 377/15/491
f 403/49/523 425/49/523 426/50/524 402/50/525
f 377/15/491 419/15/522 421/17/526 379/17/493
f 403/49/527 404/53/528 385/52/529 383/51/530
f 404/53/528 405/55/531 387/54/532 385/52/529
f 405/55/531 406/57/533 389/56/534 387/54/532
f 406/57/533 407/59/535 391/58/536 389/56/534
f 407/59/535 408/61/537 393/60/538 391/58/536
f 408/61/537 68/63/66 51/62/65 393/60/538
f 470/72/542 471/73/541 406/57/533 405/55/531
f 469/74/543 470/72/542 405/55/531 404/53/528
f 468/75/544 469/74/543 404/53/528 403/49/527
f 467/76/545 468/75/544 403/49/527 402/50/546
f 466/77/547 467/76/545 402/50/546 401/78/548
f 465/79/549 466/77/547 401/78/548 400/80/550
f 464/81/551 465/79/549 400/80/550 399/48/518
f 463/82/552 464/81/551 399/48/518 398/46/516
f 462/83/553 463/82/552 398/46/516 397/44/514
f 461/84/554 462/83/553 397/44/514 396/42/512
f 460/85/555 461/84/554 396/42/512 395/40/510
f 459/86/556 460/85/555 395/40/510 394/38/508
f 160/87/86 459/86/556 394/38/508 52/35/32
f 402/50/525 426/50/524 427/78/557 401/78/558
f 383/51/559 423/51/559 425/49/559 403/49/559
f 401/78/558 427/78/557 428/80/560 400/80/561
f 381/19/495 422/19/562 423/21/563 383/21/497
f 379/17/493 421/17/526 422/19/562 381/19/495
f 400/80/561 428/80/560 424/48/564 399/48/564
f 409/88/565 410/97/565 418/96/565 417/95/565 415/94/565 414/93/565 413/92/565 411/91/565 412/90/565 416/89/565
f 411/91/566 419/98/567 420/47/568 412/90/568
f 413/92/569 421/99/570 419/98/567 411/91/566
f 414/93/571 422/100/572 421/99/570 413/92/569
f 415/94/573 423/51/573 422/100/572 414/93/571
f 412/90/574 420/47/574 424/48/574 416/89/574
f 417/95/575 425/49/575 423/51/575 415/94/575
f 418/96/576 426/50/576 425/49/576 417/95/576
f 410/97/577 427/78/577 426/50/577 418/96/577
f 409/88/578 428/80/578 427/78/578 410/97/578
f 416/89/579 424/48/579 428/80/579 409/88/579
f 366/6/580 91/6/581 90/4/582 364/4/582
f 376/16/583 96/16/584 95/14/585 374/14/586
f 386/26/587 101/26/588 100/24/589 384/24/590
f 372/12/591 94/12/592 93/10/593 370/10/594
f 382/22/595 99/22/596 98/20/597 380/20/598
f 392/32/599 104/32/599 103/30/600 390/30/601
f 368/8/602 92/8/603 91/6/581 366/6/580
f 378/18/604 97/18/605 96/16/584 376/16/583
f 388/28/606 102/28/607 101/26/588 386/26/587
f 364/4/608 90/4/139 89/3/139 18/3/139
f 374/14/586 95/14/585 94/12/592 372/12/591
f 384/24/590 100/24/589 99/22/596 382/22/595
f 50/34/609 105/34/609 104/32/609 392/32/609
f 370/10/594 93/10/593 92/8/603 368/8/602
f 380/20/598 98/20/597 97/18/605 378/18/604
f 390/30/601 103/30/600 102/28/607 388/28/606
f 382/22/610 438/22/611 439/24/612 384/24/613
f 392/32/614 443/32/614 122/34/614 50/34/614
f 368/8/615 431/8/616 432/10/617 370/10/618
f 378/18/619 436/18/620 437/20/621 380/20/622
f 388/28/623 441/28/624 442/30/625 390/30/626
f 364/4/627 429/4/627 430/6/628 366/6/629
f 374/14/630 434/14/631 435/16/632 376/16/633
f 384/24/613 439/24/612 440/26/634 386/26/635
f 370/10/618 432/10/617 433/12/636 372/12/637
f 380/20/622 437/20/621 438/22/611 382/22/610
f 390/30/626 442/30/625 443/32/638 392/32/638
f 366/6/629 430/6/628 431/8/616 368/8/615
f 376/16/633 435/16/632 436/18/620 378/18/619
f 386/26/635 440/26/634 441/28/624 388/28/623
f 18/3/171 106/3/171 429/4/639 364/4/639
f 372/12/637 433/12/636 434/14/631 374/14/630
f 440/26/640 455/26/641 456/28/642 441/28/643
f 433/12/644 448/12/645 449/14/646 434/14/647
f 441/28/643 456/28/642 457/30/648 442/30/649
f 434/14/647 449/14/646 450/16/650 435/16/651
f 442/30/649 457/30/648 458/32/652 443/32/652
f 435/16/651 450/16/650 451/18/653 436/18/654
f 106/3/188 124/3/188 444/4/655 429/4/655
f 443/32/656 458/32/656 140/34/656 122/34/656
f 436/18/654 451/18/653 452/20/657 437/20/658
f 429/4/659 444/4/659 445/6/660 430/6/661
f 437/20/658 452/20/657 453/22/662 438/22/663
f 430/6/661 445/6/660 446/8/664 431/8/665
f 438/22/663 453/22/662 454/24/666 439/24/667
f 431/8/665 446/8/664 447/10/668 432/10/669
f 439/24/667 454/24/666 455/26/641 440/26/640
f 432/10/669 447/10/668 448/12/645 433/12/644
f 354/101/670 148/101/208 149/102/207 355/102/671
f 362/103/672 156/103/212 157/104/211 363/104/673
f 355/102/671 149/102/207 150/105/214 356/105/674
f 1/106/215 142/106/215 143/107/217 349/107/675
f 363/104/673 157/104/211 158/108/218 17/108/218
f 356/105/674 150/105/214 151/109/220 357/109/676
f 349/107/675 143/107/217 144/110/222 350/110/677
f 357/109/676 151/109/220 152/111/224 358/111/678
f 350/110/677 144/110/222 145/112/226 351/112/679
f 358/111/678 152/111/224 153/113/228 359/113/680
f 351/112/679 145/112/226 146/114/230 352/114/681
f 359/113/680 153/113/228 154/115/232 360/115/682
f 352/114/681 146/114/230 147/116/234 353/116/683
f 360/115/682 154/115/232 155/117/236 361/117/684
f 353/116/683 147/116/234 148/101/208 354/101/670
f 361/117/684 155/117/236 156/103/212 362/103/672
f 1/106/237 349/107/685 459/86/556 160/87/86
f 349/107/685 350/110/686 460/85/555 459/86/556
f 350/110/686 351/112/687 461/84/554 460/85/555
f 351/112/687 352/114/688 462/83/553 461/84/554
f 352/114/688 353/116/689 463/82/552 462/83/553
f 353/116/689 354/101/690 464/81/551 463/82/552
f 354/101/690 355/102/691 465/79/549 464/81/551
f 355/102/691 356/105/692 466/77/547 465/79/549
f 356/105/692 357/109/693 467/76/545 466/77/547
f 357/109/693 358/111/694 468/75/544 467/76/545
f 358/111/694 359/113/695 469/74/543 468/75/544
f 359/113/695 360/115/696 470/72/542 469/74/543
f 360/115/696 361/117/697 471/73/541 470/72/542
f 361/117/697 362/103/698 472/118/540 471/73/541
f 362/103/698 363/104/699 473/119/539 472/118/540
f 363/104/699 17/108/68 176/120/68 473/119/539
f 490/1/700 195/2/255 194/3/255 489/4/701
f 492/5/702 490/1/700 489/4/701 491/6/703
f 494/7/704 492/5/702 491/6/703 493/8/705
f 496/9/706 494/7/704 493/8/705 495/10/707
f 498/11/708 496/9/706 495/10/707 497/12/709
f 500/13/710 498/11/708 497/12/709 499/14/711
f 502/15/712 500/13/710 499/14/711 501/16/713
f 379/17/714 502/15/712 501/16/713 503/18/715
f 505/19/716 379/17/714 503/18/715 504/20/717
f 507/21/718 505/19/716 504/20/717 506/22/719
f 509/23/720 507/21/718 506/22/719 508/24/721
f 511/25/722 509/23/720 508/24/721 510/26/723
f 513/27/724 511/25/722 510/26/723 512/28/725
f 515/29/726 513/27/724 512/28/725 514/30/726
f 517/31/727 515/29/726 514/30/726 516/32/728
f 226/33/283 517/31/727 516/32/728 225/34/283
f 227/35/284 195/36/65 490/37/538 518/38/729
f 518/38/729 490/37/538 492/39/536 519/40/730
f 519/40/730 492/39/536 494/41/534 520/42/731
f 520/42/731 494/41/534 496/43/532 521/44/732
f 521/44/732 496/43/532 498/45/529 522/46/733
f 522/46/733 498/45/529 500/47/530 523/48/734
f 523/48/735 500/47/735 541/47/735 545/48/735
f 500/13/710 502/15/712 540/15/736 541/13/737
f 526/49/738 525/50/739 547/50/740 546/49/738
f 502/15/712 379/17/714 542/17/741 540/15/736
f 526/49/742 507/51/519 509/52/517 527/53/743
f 527/53/743 509/52/517 511/54/515 528/55/744
f 528/55/744 511/54/515 513/56/513 529/57/745
f 529/57/745 513/56/513 515/58/511 530/59/746
f 530/59/746 515/58/511 517/60/509 531/61/747
f 531/61/747 517/60/509 226/62/33 242/63/304
f 591/72/751 528/55/744 529/57/745 592/73/750
f 590/74/752 527/53/743 528/55/744 591/72/751
f 589/75/753 526/49/742 527/53/743 590/74/752
f 588/76/754 525/50/755 526/49/742 589/75/753
f 587/77/547 401/78/756 525/50/755 588/76/754
f 586/79/757 524/80/758 401/78/756 587/77/547
f 585/81/759 523/48/734 524/80/758 586/79/757
f 584/82/760 522/46/733 523/48/734 585/81/759
f 583/83/761 521/44/732 522/46/733 584/82/760
f 582/84/762 520/42/731 521/44/732 583/83/761
f 525/50/739 401/78/557 548/78/558 547/50/740
f 507/51/765 526/49/765 546/49/765 544/51/765
f 401/78/557 524/80/766 549/80/767 548/78/558
f 505/19/716 507/21/718 544/21/768 543/19/769
f 379/17/714 505/19/716 543/19/769 542/17/741
f 524/80/766 523/48/770 545/48/770 549/80/767
f 532/88/565 537/89/565 534/90/565 533/91/565 413/92/565 535/93/565 536/94/565 538/95/565 539/96/565 410/97/565
f 533/91/771 534/90/772 541/47/772 540/98/773
f 413/92/774 533/91/771 540/98/773 542/99/775
f 535/93/776 413/92/774 542/99/775 543/100/777
f 536/94/778 535/93/776 543/100/777 544/51/778
f 534/90/779 537/89/779 545/48/779 541/47/779
f 538/95/780 536/94/780 544/51/780 546/49/780
f 539/96/781 538/95/781 546/49/781 547/50/781
f 410/97/782 539/96/782 547/50/782 548/78/782
f 532/88/783 410/97/783 548/78/783 549/80/783
f 537/89/784 532/88/784 549/80/784 545/48/784
f 491/6/785 489/4/786 262/4/786 263/6/787
f 501/16/788 499/14/789 267/14/790 268/16/791
f 510/26/792 508/24/793 272/24/794 273/26/795
f 497/12/796 495/10/797 265/10/798 266/12/799
f 506/22/800 504/20/801 270/20/802 271/22/803
f 516/32/804 514/30/805 275/30/806 276/32/804
f 493/8/807 491/6/785 263/6/787 264/8/808
f 503/18/605 501/16/788 268/16/791 269/18/604
f 512/28/809 510/26/792 273/26/795 274/28/810
f 489/4/811 194/3/371 261/3/371 262/4/371
f 499/14/789 497/12/796 266/12/799 267/14/790
f 508/24/793 506/22/800 271/22/803 272/24/794
f 225/34/812 516/32/812 276/32/812 277/34/812
f 495/10/797 493/8/807 264/8/808 265/10/798
f 504/20/801 503/18/605 269/18/604 270/20/802
f 514/30/805 512/28/809 274/28/810 275/30/806
f 506/22/813 508/24/814 560/24/815 559/22/816
f 516/32/817 225/34/817 294/34/817 564/32/817
f 493/8/818 495/10/819 553/10/820 552/8/821
f 503/18/822 504/20/823 558/20/824 557/18/825
f 512/28/826 514/30/827 563/30/828 562/28/829
f 489/4/830 491/6/831 551/6/832 550/4/830
f 499/14/833 501/16/834 556/16/835 555/14/836
f 508/24/814 510/26/837 561/26/838 560/24/815
f 495/10/819 497/12/839 554/12/840 553/10/820
f 504/20/823 506/22/813 559/22/816 558/20/824
f 514/30/827 516/32/841 564/32/841 563/30/828
f 491/6/831 493/8/818 552/8/821 551/6/832
f 501/16/834 503/18/822 557/18/825 556/16/835
f 510/26/837 512/28/826 562/28/829 561/26/838
f 194/3/402 489/4/842 550/4/842 278/3/402
f 497/12/839 499/14/833 555/14/836 554/12/840
f 561/26/843 562/28/844 577/28/845 576/26/846
f 554/12/847 555/14/848 570/14/849 569/12/850
f 562/28/844 563/30/851 578/30/852 577/28/845
f 555/14/848 556/16/853 571/16/854 570/14/849
f 563/30/851 564/32/855 579/32/855 578/30/852
f 556/16/853 557/18/856 572/18/857 571/16/854
f 278/3/419 550/4/858 565/4/858 296/3/419
f 564/32/859 294/34/859 312/34/859 579/32/859
f 557/18/856 558/20/860 573/20/861 572/18/857
f 550/4/862 551/6/863 566/6/864 565/4/862
f 558/20/860 559/22/865 574/22/866 573/20/861
f 551/6/863 552/8/867 567/8/868 566/6/864
f 559/22/865 560/24/869 575/24/870 574/22/866
f 552/8/867 553/10/871 568/10/872 567/8/868
f 560/24/869 561/26/843 576/26/846 575/24/870
f 553/10/871 554/12/847 569/12/850 568/10/872
f 479/101/873 480/102/676 321/102/437 320/101/436
f 487/103/874 488/104/875 329/104/440 328/103/439
f 480/102/676 481/105/674 322/105/214 321/102/437
f 177/106/442 474/107/876 315/107/443 314/106/442
f 488/104/875 193/108/445 330/108/445 329/104/440
f 481/105/674 482/109/671 323/109/446 322/105/214
f 474/107/876 475/110/877 316/110/447 315/107/443
f 482/109/671 483/111/878 324/111/449 323/109/446
f 475/110/877 476/112/879 317/112/451 316/110/447
f 483/111/878 484/113/880 325/113/453 324/111/449
f 476/112/879 477/114/881 318/114/455 317/112/451
f 484/113/880 485/115/882 326/115/457 325/113/453
f 477/114/881 478/116/883 319/116/459 318/114/455
f 485/115/882 486/117/884 327/117/461 326/115/457
f 478/116/883 479/101/873 320/101/436 319/116/459
f 486/117/884 487/103/874 328/103/439 327/117/461
f 177/106/463 332/87/323 580/86/764 474/107/885
f 474/107/885 580/86/764 581/85/763 475/110/886
f 475/110/886 581/85/763 582/84/762 476/112/887
f 476/112/887 582/84/762 583/83/761 477/114/888
f 477/114/888 583/83/761 584/82/760 478/116/889
f 478/116/889 584/82/760 585/81/759 479/101/890
f 479/101/890 585/81/759 586/79/757 480/102/891
f 480/102/891 586/79/757 587/77/547 481/105/892
f 481/105/892 587/77/547 588/76/754 482/109/893
f 482/109/893 588/76/754 589/75/753 483/111/894
f 483/111/894 589/75/753 590/74/752 484/113/895
f 484/113/895 590/74/752 591/72/751 485/115/896
f 485/115/896 591/72/751 592/73/750 486/117/897
f 486/117/897 592/73/750 593/118/749 487/103/898
f 487/103/898 593/118/749 594/119/748 488/104/899
f 488/104/899 594/119/748 348/120/306 193/108/306
usemtl logo
f 175/64/67 67/65/64 68/66/66 176/67/68
f 174/68/69 66/69/62 67/65/64 175/64/67
f 173/70/70 65/71/60 66/69/62 174/68/69
f 347/64/305 348/67/306 242/66/304 241/65/303
f 346/68/307 347/64/305 241/65/303 240/69/302
f 345/70/308 346/68/307 240/69/302 239/71/301
f 334/121/321 335/122/320 230/123/287 229/124/286
f 333/125/322 334/121/321 229/124/286 228/126/285
f 332/127/323 333/125/322 228/126/285 227/128/284
f 473/64/539 176/67/68 68/66/66 408/65/537
f 472/68/540 473/64/539 408/65/537 407/69/535
f 471/70/541 472/68/540 407/69/535 406/71/533
f 594/64/748 531/65/747 242/66/304 348/67/306
f 593/68/749 530/69/746 531/65/747 594/64/748
f 592/70/750 529/71/745 530/69/746 593/68/749
f 581/129/763 519/130/730 520/131/731 582/132/762
f 580/133/764 518/134/729 519/130/730 581/129/763
f 332/127/323 227/128/284 518/134/729 580/133/764
l 91 159
l 263 331
o Cube
v 0.008469 -0.478250 -1.623822
v -0.113290 -0.456552 -1.652148
v 0.049593 -0.611552 -1.918242
v -0.071103 -0.590236 -1.944146
v 0.084774 -0.169339 -1.774135
v -0.007128 -0.149880 -1.799132
v 0.147624 -0.281024 -2.052750
v 0.021474 -0.273257 -2.083332
v 0.033240 -0.532901 -1.733858
v -0.106473 -0.506296 -1.765935
v 0.119316 -0.212826 -1.883500
v -0.006154 -0.192728 -1.912993
v 0.092181 -0.532826 -1.974771
v -0.057291 -0.507323 -2.006834
v 0.043929 -0.374067 -1.645117
v -0.099530 -0.362016 -1.680875
v -0.101256 -0.411016 -1.821853
v 0.085903 -0.441445 -1.778439
v -0.019748 -0.382619 -2.061735
v 0.079803 -0.249617 -1.701560
v -0.065814 -0.288063 -1.877616
v 0.137639 -0.395777 -2.032227
v -0.057802 -0.217259 -1.746528
v 0.121861 -0.319922 -1.832719
v 0.137044 -0.372877 -2.088017
v 0.026636 -0.358492 -2.116649
v 0.043301 -0.287313 -2.136791
v 0.153400 -0.301197 -2.106955
v 0.053643 -0.635489 -1.972188
v -0.061076 -0.621280 -1.990934
v -0.046707 -0.568579 -2.033518
v 0.068012 -0.582789 -2.014772
v 0.086202 -0.521149 -2.021520
v -0.027947 -0.500661 -2.046776
v -0.006535 -0.432783 -2.079541
v 0.106555 -0.451505 -2.055311
v 0.042869 -0.389477 -2.216481
v 0.166338 -0.408508 -2.182047
v 0.186139 -0.320591 -2.204458
v 0.062670 -0.301560 -2.238893
v -0.075265 -0.699704 -2.056153
v 0.069143 -0.713093 -2.035714
v 0.089947 -0.636560 -2.098983
v -0.054460 -0.623171 -2.119422
v -0.036164 -0.550787 -2.130717
v 0.110189 -0.578060 -2.097830
v 0.131278 -0.491335 -2.144334
v -0.004899 -0.465959 -2.174935
v 0.086361 -0.418400 -2.334467
v 0.182514 -0.433220 -2.307651
v 0.198205 -0.363554 -2.325410
v 0.102052 -0.348734 -2.352226
v -0.057560 -0.803746 -2.156757
v 0.056982 -0.813980 -2.140732
v 0.074105 -0.751123 -2.191870
v -0.040437 -0.740890 -2.207896
v -0.000690 -0.609457 -2.261792
v 0.114420 -0.630907 -2.235926
v 0.131406 -0.558304 -2.266053
v 0.022402 -0.537992 -2.290547
v -0.009924 -0.546669 -1.616122
v -0.128746 -0.512534 -1.646308
v -0.109172 -0.514816 -1.727099
v 0.009991 -0.547622 -1.691966
v -0.024874 -0.655846 -1.603063
v -0.177630 -0.608597 -1.650464
v 0.003198 -0.647062 -1.676735
v -0.150036 -0.601674 -1.747126
v -0.072841 -0.773085 -1.615529
v -0.194715 -0.737028 -1.667006
v -0.050080 -0.764400 -1.659955
v -0.172380 -0.730003 -1.730099
v -0.068031 -0.193942 -1.639661
v -0.097639 -0.296652 -1.593078
v 0.029671 -0.315717 -1.575288
v 0.054999 -0.227851 -1.615139
v -0.057474 -0.215310 -1.629344
v -0.076791 -0.282322 -1.598951
v 0.017503 -0.299129 -1.582402
v 0.035537 -0.236569 -1.610775
v 0.039527 -0.500913 -1.661807
v -0.054796 -0.461600 -1.622835
v -0.084609 -0.551810 -1.865538
v -0.014322 -0.613364 -1.924898
v 0.084834 -0.581140 -1.932363
v -0.015622 -0.313986 -2.074309
v 0.088384 -0.262225 -2.073341
v 0.135264 -0.250418 -1.975893
v -0.013410 -0.158608 -1.840453
v 0.039686 -0.149869 -1.782397
v 0.087914 -0.199687 -1.746608
v -0.104412 -0.419518 -1.668839
v 0.040922 -0.575055 -1.837413
v -0.131003 -0.469309 -1.701410
v 0.104859 -0.181724 -1.810945
v 0.007258 -0.237495 -2.005849
v -0.045425 -0.230480 -1.901715
v 0.067368 -0.495501 -1.753644
v 0.060762 -0.187774 -1.904524
v -0.036635 -0.538033 -1.764964
v 0.125420 -0.461072 -1.986190
v -0.085428 -0.551146 -1.968921
v 0.022585 -0.434021 -1.638375
v -0.096392 -0.287734 -1.719010
v -0.114588 -0.464440 -1.795229
v 0.103706 -0.381590 -1.805436
v 0.098019 -0.487498 -1.875480
v -0.086871 -0.455679 -1.916106
v -0.109816 -0.381091 -1.747818
v 0.072915 -0.404363 -1.702167
v -0.035083 -0.378524 -1.639282
v 0.018791 -0.531644 -2.009467
v -0.054215 -0.437030 -2.022008
v 0.079475 -0.315870 -1.669269
v -0.083713 -0.350560 -1.849789
v 0.163252 -0.326462 -2.034977
v -0.030220 -0.172951 -1.782168
v 0.134721 -0.260390 -1.858899
v 0.014295 -0.207229 -1.716971
v -0.071654 -0.248706 -1.807859
v -0.052230 -0.336016 -1.970227
v 0.137872 -0.359506 -1.930986
v 0.107464 -0.284911 -1.756238
v 0.062619 -0.396856 -2.066391
v 0.078744 -0.379077 -2.098669
v 0.165895 -0.339687 -2.092004
v 0.014296 -0.320252 -2.132201
v 0.101446 -0.280862 -2.125537
v 0.134311 -0.373531 -2.067676
v 0.013271 -0.362639 -2.094498
v 0.033565 -0.286342 -2.117343
v 0.150473 -0.295573 -2.087379
v -0.006411 -0.638266 -1.973577
v 0.082338 -0.611803 -1.989965
v -0.075401 -0.592265 -2.015741
v 0.013347 -0.565803 -2.032129
v 0.051940 -0.625789 -1.955963
v -0.062649 -0.608122 -1.977940
v -0.047270 -0.550280 -2.017790
v 0.070299 -0.568433 -1.995147
v 0.025212 -0.523798 -2.027908
v 0.117682 -0.490002 -2.033776
v -0.038544 -0.463046 -2.067798
v 0.053926 -0.429251 -2.073666
v 0.085848 -0.516392 -2.007256
v -0.031940 -0.496582 -2.032623
v -0.008922 -0.420445 -2.067132
v 0.111944 -0.435395 -2.043606
v 0.100891 -0.415477 -2.195062
v 0.199389 -0.368118 -2.186796
v 0.029619 -0.341950 -2.234143
v 0.128118 -0.294591 -2.225878
v -0.006962 -0.720748 -2.034071
v 0.106622 -0.677337 -2.063516
v -0.091939 -0.658927 -2.091620
v 0.021644 -0.615515 -2.121066
v 0.032104 -0.580506 -2.105768
v 0.147220 -0.539633 -2.115130
v -0.047019 -0.503437 -2.158778
v 0.068098 -0.462564 -2.168139
v 0.077878 -0.600193 -2.048819
v -0.050346 -0.587084 -2.067653
v -0.006879 -0.444816 -2.115203
v -0.032817 -0.518899 -2.076116
v 0.148778 -0.386284 -2.124662
v 0.166469 -0.307854 -2.144738
v -0.067307 -0.649724 -2.014344
v 0.060917 -0.662833 -1.995509
v 0.115722 -0.467368 -2.087801
v 0.051773 -0.290562 -2.176617
v 0.034043 -0.368929 -2.156390
v 0.095767 -0.542763 -2.047271
v 0.134945 -0.436396 -2.328728
v 0.203121 -0.402964 -2.323208
v 0.085898 -0.384896 -2.355900
v 0.154074 -0.351463 -2.350379
v -0.002178 -0.825176 -2.151064
v 0.078081 -0.793099 -2.172468
v -0.061562 -0.780623 -2.192006
v 0.018697 -0.748545 -2.213409
v 0.056154 -0.633564 -2.256793
v 0.136603 -0.602116 -2.258848
v -0.000009 -0.576659 -2.289546
v 0.080440 -0.545211 -2.291602
v 0.091571 -0.698304 -2.157204
v -0.053572 -0.685275 -2.177541
v -0.075172 -0.764586 -2.112890
v 0.069972 -0.777614 -2.092554
v 0.141168 -0.526505 -2.216540
v 0.004589 -0.501053 -2.247231
v 0.182293 -0.429914 -2.253747
v 0.202178 -0.341625 -2.276254
v -0.026698 -0.589337 -2.207353
v 0.120708 -0.616806 -2.174229
v 0.080057 -0.322802 -2.310312
v 0.060171 -0.411091 -2.287806
v -0.073037 -0.529298 -1.616530
v 0.022345 -0.553421 -1.647921
v -0.141270 -0.507399 -1.692827
v -0.045888 -0.531522 -1.724217
v -0.002335 -0.512252 -1.618272
v -0.119023 -0.484306 -1.645897
v -0.104367 -0.504187 -1.728303
v 0.014465 -0.531852 -1.698780
v -0.106471 -0.633694 -1.610794
v 0.017849 -0.660139 -1.628856
v -0.192520 -0.596451 -1.709837
v -0.068201 -0.622896 -1.727899
v -0.149933 -0.551470 -1.647210
v -0.015280 -0.592912 -1.609586
v 0.009145 -0.586472 -1.686856
v -0.125868 -0.546435 -1.736467
v -0.139157 -0.766085 -1.636159
v -0.050929 -0.782524 -1.630115
v -0.199833 -0.739824 -1.705997
v -0.111605 -0.756263 -1.699953
v -0.016684 -0.718859 -1.662942
v -0.171462 -0.674721 -1.749018
v -0.045371 -0.729295 -1.603887
v -0.199449 -0.682427 -1.658589
v -0.106304 -0.240331 -1.620336
v -0.039134 -0.324051 -1.576080
v 0.065804 -0.276751 -1.591247
v -0.001366 -0.193030 -1.635503
v 0.060802 -0.240794 -1.647192
v 0.034058 -0.333569 -1.605115
v -0.062722 -0.208496 -1.679858
v -0.094613 -0.319128 -1.629683
v -0.077119 -0.247744 -1.618132
v -0.031330 -0.298210 -1.589378
v 0.036963 -0.270606 -1.596030
v -0.008826 -0.220141 -1.624785
v -0.067903 -0.197459 -1.630296
v 0.050567 -0.227355 -1.607851
v 0.027066 -0.308879 -1.570877
v -0.094054 -0.288178 -1.589151
v -0.025384 -0.577110 -1.846971
v 0.179132 -0.350318 -2.128737
v 0.049506 -0.155822 -1.830645
v -0.043602 -0.421568 -1.637361
v 0.119197 -0.227213 -1.785112
v -0.123369 -0.433508 -1.721678
v -0.099665 -0.508976 -1.889548
v 0.151467 -0.297529 -1.953704
v 0.075394 -0.228693 -1.996941
v -0.087152 -0.573267 -1.612786
v 0.078406 -0.541397 -1.849751
v -0.070481 -0.396175 -1.942033
v -0.092336 -0.315806 -1.778595
v 0.055474 -0.458916 -1.679567
v 0.070322 -0.291756 -1.621544
v -0.043397 -0.477506 -2.100933
v 0.027685 -0.176303 -1.750909
v -0.050421 -0.192331 -1.831024
v -0.032514 -0.277621 -1.994146
v 0.118228 -0.424303 -1.902418
v 0.091399 -0.345558 -1.728209
v 0.016946 -0.581893 -2.068232
v 0.070880 -0.381834 -2.078616
v 0.001868 -0.321712 -2.110557
v 0.095384 -0.277117 -2.106669
v 0.164039 -0.335450 -2.071655
v -0.008342 -0.627619 -1.960157
v -0.076336 -0.576046 -2.000877
v 0.014463 -0.550222 -2.014493
v 0.081969 -0.600460 -1.970493
v 0.023014 -0.520518 -2.015597
v -0.041739 -0.454607 -2.052423
v 0.055896 -0.415440 -2.062935
v 0.119629 -0.478304 -2.019329
v 0.077867 -0.497446 -2.240542
v -0.006663 -0.786942 -2.091347
v 0.023060 -0.677806 -2.180310
v -0.006375 -0.668023 -1.994931
v 0.058724 -0.442078 -2.108967
v 0.021399 -0.326497 -2.172467
v 0.093439 -0.633971 -2.018633
v 0.027172 -0.544845 -2.054229
v 0.112442 -0.284508 -2.164456
v -0.082868 -0.615946 -2.044530
v 0.129293 -0.509417 -2.062263
v 0.088090 -0.392306 -2.136748
v 0.149182 -0.400126 -2.359732
v 0.008233 -0.806642 -2.198865
v 0.071261 -0.600348 -2.296479
v 0.215418 -0.389600 -2.259544
v 0.042294 -0.620434 -2.184228
v 0.108062 -0.741338 -2.121836
v 0.047371 -0.363698 -2.306411
v 0.157776 -0.577145 -2.190432
v -0.091665 -0.723410 -2.149820
v 0.145076 -0.315904 -2.298463
v -0.037615 -0.540735 -2.234339
v 0.117713 -0.437395 -2.267492
v -0.063590 -0.495068 -1.617384
v -0.133397 -0.488260 -1.691449
v -0.042149 -0.522599 -1.728901
v 0.027667 -0.526349 -1.652338
v -0.089021 -0.696048 -1.719835
v -0.053816 -0.565378 -1.727273
v 0.022214 -0.597330 -1.640043
v -0.163182 -0.541314 -1.700017
v -0.131418 -0.782254 -1.667865
v -0.002267 -0.733597 -1.619980
v -0.214783 -0.671035 -1.717220
v -0.128029 -0.708584 -1.617365
v -0.004007 -0.196396 -1.626542
v 0.004253 -0.205367 -1.670739
v -0.101462 -0.259809 -1.660287
v -0.035801 -0.344319 -1.607720
v -0.019600 -0.260944 -1.610677
v -0.038111 -0.314706 -1.572884
v 0.061354 -0.272920 -1.585630
v -0.103471 -0.238182 -1.613796
vn -0.0693 -0.9164 0.3941
vn -0.4231 -0.8484 0.3180
vn -0.4526 -0.8303 0.3251
vn -0.0245 -0.9100 0.4139
vn 0.9001 0.3685 0.2323
vn 0.7114 -0.5594 0.4254
vn 0.7197 -0.5484 0.4259
vn 0.9125 0.3450 0.2199
vn 0.4731 0.8363 -0.2770
vn 0.0035 0.9117 -0.4109
vn 0.0138 0.9868 -0.1612
vn 0.4220 0.9054 -0.0468
vn 0.0508 0.0691 0.9963
vn -0.4751 0.1828 0.8608
vn -0.3892 0.4311 0.8141
vn 0.0827 0.3028 0.9495
vn 0.9676 -0.0927 0.2348
vn 0.9433 0.3282 0.0491
vn 0.8350 0.4321 0.3406
vn 0.8781 0.1501 0.4543
vn -0.9712 0.1574 -0.1790
vn -0.9770 -0.1191 -0.1771
vn -0.9128 0.3295 0.2415
vn -0.9597 0.2211 0.1733
vn -0.9276 0.1701 -0.3327
vn -0.9423 -0.3348 0.0053
vn -0.9557 -0.2906 -0.0463
vn -0.9683 0.1311 -0.2125
vn 0.9548 -0.2557 0.1518
vn 0.9429 0.3324 0.0188
vn 0.9431 0.3310 0.0326
vn 0.9688 -0.1248 0.2140
vn 0.3990 0.8675 -0.2971
vn -0.0740 0.9044 -0.4203
vn -0.0376 0.9048 -0.4242
vn 0.4387 0.8509 -0.2889
vn 0.0042 0.1123 0.9937
vn -0.4134 0.2064 0.8869
vn -0.4330 0.1637 0.8864
vn -0.0491 0.0802 0.9956
vn 0.6872 -0.6320 0.3583
vn 0.9763 -0.1947 0.0942
vn 0.9472 -0.2303 0.2232
vn 0.7354 -0.5919 0.3300
vn -0.9095 0.2037 -0.3624
vn -0.9568 0.0530 -0.2857
vn -0.9594 0.1705 -0.2246
vn -0.9571 0.1776 -0.2288
vn -0.9595 0.1967 -0.2019
vn -0.9647 0.1783 -0.1936
vn -0.9896 0.1438 -0.0049
vn -0.9282 0.3582 -0.1011
vn 0.8684 -0.4353 0.2376
vn 0.9456 -0.2018 0.2554
vn 0.8064 -0.1250 0.5781
vn 0.7691 -0.0289 0.6385
vn 0.7994 -0.3878 0.4589
vn 0.9618 0.1781 0.2078
vn 0.9721 0.2272 0.0591
vn 0.7570 -0.5196 0.3961
vn -0.9667 -0.1318 0.2194
vn -0.7034 0.6795 -0.2085
vn -0.6969 0.6691 -0.2581
vn -0.9783 -0.1532 0.1394
vn 0.1984 0.6912 0.6949
vn -0.2496 0.7619 0.5977
vn -0.3195 0.7313 0.6026
vn 0.2258 0.6494 0.7262
vn -0.6862 0.6241 -0.3736
vn -0.9428 0.2557 -0.2138
vn -0.8841 0.4634 0.0595
vn -0.6917 0.7219 -0.0219
vn -0.7126 0.5741 -0.4033
vn -0.9454 0.0872 -0.3141
vn -0.9425 0.2227 -0.2494
vn -0.7006 0.5946 -0.3945
vn 0.9329 -0.3260 0.1531
vn 0.9782 -0.1781 0.1071
vn 0.9560 -0.1852 0.2276
vn 0.9549 -0.1978 0.2216
vn 0.9525 -0.1823 0.2438
vn 0.9576 -0.1594 0.2400
vn 0.9487 0.0272 0.3150
vn 0.8774 -0.2230 0.4248
vn -0.0532 0.8958 -0.4412
vn 0.3720 0.8634 -0.3409
vn 0.3920 0.7893 -0.4725
vn -0.0828 0.8291 -0.5530
vn 0.2422 -0.7764 -0.5819
vn -0.1196 -0.7275 -0.6757
vn -0.2505 -0.9274 -0.2777
vn 0.1270 -0.9906 -0.0504
vn -0.7712 -0.2084 -0.6015
vn -0.7049 0.5422 -0.4574
vn -0.7214 0.5774 -0.3822
vn -0.7548 -0.4257 -0.4990
vn -0.0791 0.9124 -0.4015
vn 0.3920 0.8635 -0.3173
vn 0.3793 0.9155 -0.1344
vn -0.0988 0.9819 -0.1616
vn 0.9509 0.3049 -0.0522
vn 0.8800 -0.4607 -0.1157
vn 0.7725 -0.6191 0.1416
vn 0.9445 0.3268 0.0324
vn -0.0044 -0.9317 0.3632
vn -0.4283 -0.8502 0.3062
vn -0.4204 -0.7010 0.5760
vn 0.0053 -0.8242 0.5663
vn -0.9289 -0.3703 -0.0069
vn -0.7790 0.1634 -0.6054
vn -0.7102 0.4494 -0.5419
vn -0.9405 -0.2727 0.2029
vn 0.0496 0.2554 -0.9656
vn 0.4043 0.2205 -0.8876
vn 0.4164 0.6898 -0.5922
vn 0.0111 0.7015 -0.7126
vn 0.9541 -0.1601 -0.2533
vn 0.6919 -0.6620 0.2882
vn 0.7070 -0.5905 0.3891
vn 0.9494 0.2392 -0.2038
vn 0.1992 -0.7925 -0.5765
vn -0.1910 -0.7183 -0.6690
vn -0.4351 -0.8886 0.1453
vn 0.0177 -0.9566 0.2910
vn -0.8223 -0.2136 -0.5275
vn -0.7236 0.1334 -0.6772
vn -0.7016 0.4958 -0.5118
vn -0.9490 -0.2971 -0.1051
vn -0.0010 0.0343 -0.9994
vn 0.3670 -0.0783 -0.9269
vn 0.4457 0.4643 -0.7654
vn 0.0150 0.6628 -0.7487
vn 0.9118 -0.2499 -0.3258
vn 0.8301 -0.5379 -0.1468
vn 0.7445 -0.5962 0.3004
vn 0.9490 0.0435 -0.3124
vn -0.0029 0.9001 -0.4357
vn 0.4920 0.8079 -0.3245
vn 0.4896 0.6664 -0.5622
vn 0.0490 0.7486 -0.6613
vn 0.0868 -0.6547 0.7508
vn -0.4095 -0.5994 0.6878
vn -0.3842 -0.7770 0.4986
vn 0.0866 -0.8226 0.5619
vn -0.0886 0.6827 -0.7253
vn 0.4093 0.6327 -0.6575
vn 0.3756 0.3938 -0.8390
vn -0.0539 0.4451 -0.8938
vn 0.0333 -0.6132 0.7892
vn -0.3998 -0.5317 0.7466
vn -0.4022 -0.5459 0.7350
vn 0.0666 -0.6059 0.7928
vn -0.0151 0.9434 -0.3314
vn 0.4621 0.8468 -0.2632
vn 0.4689 0.8536 -0.2269
vn -0.0106 0.9435 -0.3313
vn -0.9384 -0.3304 -0.1013
vn -0.7525 0.6208 -0.2199
vn -0.7594 0.6024 -0.2457
vn -0.9551 -0.2926 -0.0472
vn 0.8960 0.4436 0.0196
vn 0.7130 -0.3644 0.5990
vn 0.7408 -0.3511 0.5727
vn 0.9325 0.3574 -0.0520
vn -0.0364 -0.7770 0.6285
vn -0.4906 -0.6996 0.5195
vn -0.4897 -0.7389 0.4629
vn -0.0321 -0.8236 0.5663
vn -0.0831 0.9907 -0.1073
vn 0.3823 0.9240 -0.0042
vn 0.4176 0.9073 -0.0491
vn -0.0651 0.9813 -0.1812
vn -0.9237 -0.1213 0.3635
vn -0.7274 0.6225 -0.2889
vn -0.7595 0.5536 -0.3415
vn -0.9402 -0.1291 0.3151
vn 0.9294 0.3513 0.1135
vn 0.6786 -0.4335 0.5929
vn 0.7143 -0.4683 0.5200
vn 0.9255 0.3646 0.1027
vn 0.0308 -0.9387 0.3433
vn -0.4294 -0.8856 0.1769
vn -0.4621 -0.8560 0.2317
vn 0.0220 -0.9287 0.3701
vn 0.3745 -0.6553 -0.6560
vn -0.1566 -0.5734 -0.8042
vn 0.0064 0.1502 -0.9886
vn 0.5374 0.0684 -0.8405
vn 0.2695 -0.9011 -0.3398
vn -0.3212 -0.8363 -0.4443
vn -0.1563 -0.2470 -0.9563
vn 0.3629 -0.3204 -0.8750
vn 0.2823 -0.7604 -0.5849
vn -0.2568 -0.6599 -0.7061
vn -0.0479 0.0573 -0.9972
vn 0.4730 -0.0397 -0.8802
vn 0.9447 0.3052 0.1198
vn 0.7495 -0.5707 0.3354
vn 0.7962 -0.6050 0.0040
vn 0.9687 0.1602 -0.1898
vn -0.0171 -0.8923 0.4511
vn -0.4789 -0.8063 0.3473
vn -0.4190 -0.9019 0.1046
vn 0.0002 -0.9800 0.1988
vn 0.9571 0.2092 -0.2006
vn 0.7670 -0.4206 0.4846
vn 0.7778 -0.5976 0.1947
vn 0.9015 -0.0592 -0.4288
vn -0.9409 -0.3102 -0.1360
vn -0.7458 0.5657 -0.3517
vn -0.6492 0.4095 -0.6410
vn -0.8208 -0.3558 -0.4470
vn 0.9526 0.3036 -0.0175
vn 0.7470 -0.5465 0.3785
vn 0.7646 -0.6437 0.0319
vn 0.9466 0.1119 -0.3022
vn -0.9564 -0.1954 0.2169
vn -0.7684 0.4292 -0.4747
vn -0.7150 0.1631 -0.6798
vn -0.9200 -0.3836 -0.0805
vn -0.0457 0.9550 -0.2931
vn 0.4529 0.8781 -0.1541
vn 0.4817 0.7718 -0.4150
vn 0.0333 0.8409 -0.5401
vn -0.9741 -0.2258 -0.0083
vn -0.6915 0.6100 -0.3870
vn -0.6344 0.4066 -0.6575
vn -0.8788 -0.3374 -0.3374
vn 0.0449 -0.9538 0.2969
vn -0.4539 -0.8770 0.1578
vn -0.3642 -0.9267 -0.0924
vn 0.0845 -0.9959 0.0328
vn 0.0544 0.1453 0.9879
vn -0.4072 0.2638 0.8744
vn -0.4327 0.1391 0.8907
vn 0.0150 0.0400 0.9991
vn -0.9287 0.2551 0.2693
vn -0.8443 -0.5035 -0.1833
vn -0.6760 0.2918 -0.6767
vn -0.9061 0.3265 0.2689
vn -0.3482 -0.9154 0.2018
vn -0.1211 -0.9753 0.1846
vn 0.3369 -0.4872 -0.8057
vn -0.0567 -0.2651 -0.9626
vn 0.7080 -0.6984 0.1045
vn 0.7305 -0.1082 0.6743
vn 0.7126 -0.0751 0.6975
vn 0.9237 -0.2798 -0.2618
vn 0.2536 -0.1138 -0.9606
vn 0.5212 -0.2685 -0.8101
vn 0.4680 -0.4163 -0.7795
vn 0.2550 -0.3542 -0.8997
vn 0.1244 0.1396 -0.9824
vn 0.5004 -0.0847 -0.8617
vn 0.5196 -0.1570 -0.8399
vn 0.1899 0.0333 -0.9812
vn 0.9589 -0.0550 -0.2784
vn 0.6707 0.0771 0.7377
vn 0.5771 0.0507 0.8151
vn 0.9418 -0.1321 -0.3091
vn -0.8377 0.4635 0.2887
vn -0.5716 0.5010 -0.6498
vn -0.5882 0.4140 -0.6947
vn -0.8647 0.4047 0.2974
vn -0.1946 -0.9058 0.3764
vn -0.5686 -0.7995 0.1934
vn -0.1072 -0.7951 -0.5970
vn 0.2314 -0.8272 -0.5121
vn 0.8781 -0.3000 -0.3728
vn 0.4318 -0.0701 0.8992
vn 0.3029 -0.4465 0.8420
vn 0.7079 -0.5849 -0.3959
vn -0.9263 0.2452 0.2862
vn -0.5968 0.2250 -0.7702
vn -0.5860 -0.2533 -0.7697
vn -0.9702 -0.1504 0.1900
vn -0.1312 -0.0122 0.9913
vn -0.4783 0.0529 0.8766
vn -0.5411 -0.1691 0.8238
vn -0.2524 -0.1890 0.9490
vn 0.3955 0.8594 0.3240
vn -0.0352 0.9372 0.3471
vn -0.0717 0.0552 0.9959
vn -0.2584 0.1217 0.9583
vn 0.5228 0.8503 0.0606
vn -0.0655 0.9926 -0.1021
vn 0.0048 0.9422 -0.3352
vn 0.5727 0.7947 -0.2013
vn -0.8602 0.4669 -0.2051
vn -0.9997 -0.0214 0.0124
vn -0.9893 -0.1441 -0.0227
vn -0.8022 0.5063 -0.3166
vn -0.5158 -0.6136 0.5978
vn 0.0855 -0.6829 0.7255
vn 0.1025 -0.8395 0.5335
vn -0.4844 -0.7610 0.4315
vn -0.1631 0.3726 0.9136
vn -0.0477 0.3440 0.9378
vn -0.0052 0.4915 0.8709
vn -0.1234 0.5103 0.8511
vn -0.3795 -0.2571 0.8888
vn 0.0258 -0.4232 0.9057
vn -0.0851 0.7229 0.6857
vn 0.1149 0.7026 0.7023
vn 0.6187 -0.2807 0.7338
vn 0.8133 0.3946 0.4276
vn -0.3543 0.3486 0.8677
vn -0.2885 0.5768 0.7642
vn -0.7089 0.6792 0.1903
vn -0.8827 0.0763 0.4638
vn 0.3084 0.4654 0.8296
vn 0.2288 0.1891 0.9549
vt 0.375000 0.088033
vt 0.500000 0.108979
vt 0.500000 0.169080
vt 0.375000 0.169016
vt 0.625000 0.088033
vt 0.625000 0.169016
vt 0.625000 0.250000
vt 0.500000 0.229583
vt 0.375000 0.250000
vt 0.429925 0.479096
vt 0.403647 0.456782
vt 0.406838 0.456782
vt 0.432246 0.477959
vt 0.429925 0.434468
vt 0.432246 0.435605
vt 0.432577 0.435768
vt 0.407294 0.456782
vt 0.432577 0.477796
vt 0.402261 0.649645
vt 0.500000 0.649645
vt 0.500000 0.704421
vt 0.399989 0.704438
vt 0.597739 0.649645
vt 0.600011 0.704438
vt 0.625000 0.750000
vt 0.500000 0.749778
vt 0.375000 0.750000
vt 0.375000 0.922872
vt 0.500000 0.933585
vt 0.500000 0.962507
vt 0.375000 0.961436
vt 0.625000 0.922872
vt 0.625000 0.961436
vt 0.625000 1.000000
vt 0.500000 1.000000
vt 0.375000 1.000000
vt 0.288564 0.649645
vt 0.335190 0.649645
vt 0.334622 0.704444
vt 0.288564 0.704138
vt 0.331782 0.750000
vt 0.288564 0.750000
vt 0.796321 0.649645
vt 0.836242 0.650672
vt 0.836275 0.704700
vt 0.796450 0.704138
vt 0.875000 0.661967
vt 0.875000 0.705984
vt 0.875000 0.750000
vt 0.836436 0.750000
vt 0.797872 0.750000
vt 0.797872 0.500000
vt 0.836436 0.500000
vt 0.836275 0.579700
vt 0.796450 0.579443
vt 0.875000 0.500000
vt 0.875000 0.580984
vt 0.288564 0.500000
vt 0.331782 0.500000
vt 0.334622 0.579443
vt 0.288564 0.579443
vt 0.375000 0.500000
vt 0.399989 0.579965
vt 0.500000 0.520352
vt 0.500000 0.581531
vt 0.625000 0.500000
vt 0.600011 0.579965
vt 0.424720 0.018619
vt 0.500000 0.009095
vt 0.500000 0.010045
vt 0.426129 0.019310
vt 0.575280 0.018619
vt 0.573871 0.019310
vt 0.573670 0.019408
vt 0.500000 0.010180
vt 0.426330 0.019408
vt 0.125000 0.500000
vt 0.163564 0.500000
vt 0.163725 0.579700
vt 0.125000 0.580984
vt 0.202128 0.500000
vt 0.203550 0.579443
vt 0.203679 0.649645
vt 0.163758 0.650672
vt 0.125000 0.661967
vt 0.711436 0.500000
vt 0.754654 0.500000
vt 0.754493 0.579443
vt 0.711436 0.579443
vt 0.754460 0.649645
vt 0.711436 0.649645
vt 0.754493 0.703221
vt 0.711436 0.704138
vt 0.754622 0.737773
vt 0.711436 0.750000
vt 0.163725 0.704700
vt 0.125000 0.705984
vt 0.203550 0.704138
vt 0.202128 0.750000
vt 0.163564 0.750000
vt 0.125000 0.750000
vt 0.245378 0.737773
vt 0.245346 0.748777
vt 0.202128 0.750000
vt 0.288564 0.750000
vt 0.245346 0.750000
vt 0.570075 0.348032
vt 0.596353 0.370346
vt 0.593162 0.370346
vt 0.567754 0.349169
vt 0.570075 0.392660
vt 0.567754 0.391522
vt 0.567423 0.391360
vt 0.592707 0.370346
vt 0.567423 0.349332
vt 0.500000 0.791995
vt 0.375000 0.793218
vt 0.625000 0.793218
vt 0.625000 0.836436
vt 0.500000 0.824431
vt 0.375000 0.836436
vt 0.664811 0.649645
vt 0.665379 0.704444
vt 0.668218 0.750000
vt 0.668218 0.500000
vt 0.665378 0.579443
vt 0.245346 0.500000
vt 0.245507 0.579443
vt 0.245540 0.649645
vt 0.245507 0.703221
vt 0.570075 0.307775
vt 0.500000 0.314979
vt 0.500000 0.313415
vt 0.567755 0.306638
vt 0.429925 0.307775
vt 0.432246 0.306638
vt 0.432577 0.306475
vt 0.500000 0.313192
vt 0.567423 0.306475
vt 0.375000 0.413564
vt 0.500000 0.413564
vt 0.500000 0.421703
vt 0.420818 0.430506
vt 0.625000 0.413564
vt 0.579182 0.430506
vt 0.570075 0.434468
vt 0.500000 0.426100
vt 0.625000 0.456782
vt 0.605837 0.456782
vt 0.579182 0.483580
vt 0.570075 0.479096
vt 0.596353 0.456782
vt 0.500000 0.520352
vt 0.500000 0.493948
vt 0.420818 0.483580
vt 0.500000 0.487464
vt 0.375000 0.456782
vt 0.394163 0.456782
vt 0.403647 0.456782
vt 0.500000 0.255729
vt 0.420818 0.264998
vt 0.579182 0.264998
vt 0.570075 0.269353
vt 0.500000 0.262149
vt 0.429925 0.269353
vt 0.625000 0.288564
vt 0.605837 0.288564
vt 0.625000 0.327128
vt 0.579182 0.311608
vt 0.596353 0.288564
vt 0.500000 0.327192
vt 0.500000 0.319312
vt 0.375000 0.327128
vt 0.420818 0.311608
vt 0.429925 0.307775
vt 0.500000 0.314979
vt 0.375000 0.288564
vt 0.394163 0.288564
vt 0.403647 0.288564
vt 0.500000 0.327192
vt 0.500000 0.335267
vt 0.420818 0.344070
vt 0.579182 0.344070
vt 0.570075 0.348032
vt 0.500000 0.339664
vt 0.429925 0.348032
vt 0.625000 0.370346
vt 0.605837 0.370346
vt 0.579182 0.396622
vt 0.596353 0.370346
vt 0.500000 0.413564
vt 0.500000 0.405425
vt 0.420818 0.396622
vt 0.429925 0.392660
vt 0.500000 0.401027
vt 0.375000 0.370346
vt 0.394163 0.370346
vt 0.403647 0.370346
vt 0.567423 0.391360
vt 0.500000 0.399240
vt 0.500000 0.398024
vt 0.564536 0.390460
vt 0.432577 0.391360
vt 0.435464 0.390460
vt 0.449433 0.386106
vt 0.500000 0.389560
vt 0.550567 0.386106
vt 0.432577 0.270652
vt 0.500000 0.263936
vt 0.500000 0.264972
vt 0.435464 0.271419
vt 0.567423 0.270653
vt 0.564536 0.271420
vt 0.550567 0.275130
vt 0.500000 0.272187
vt 0.449433 0.275130
vt 0.567423 0.306475
vt 0.500000 0.313192
vt 0.500000 0.312155
vt 0.564536 0.305708
vt 0.435464 0.305708
vt 0.449433 0.301997
vt 0.500000 0.304941
vt 0.550567 0.301997
vt 0.429925 0.269353
vt 0.500000 0.262149
vt 0.500000 0.263712
vt 0.432246 0.270490
vt 0.567754 0.270490
vt 0.567423 0.270653
vt 0.500000 0.263936
vt 0.500000 0.401027
vt 0.500000 0.399464
vt 0.429925 0.392660
vt 0.432246 0.391522
vt 0.500000 0.399240
vt 0.596353 0.456782
vt 0.593162 0.456782
vt 0.567754 0.435605
vt 0.570075 0.479096
vt 0.567754 0.477959
vt 0.567423 0.477796
vt 0.592707 0.456782
vt 0.567423 0.435768
vt 0.403647 0.288564
vt 0.406838 0.288564
vt 0.407293 0.288564
vt 0.500000 0.339664
vt 0.500000 0.341228
vt 0.432246 0.349169
vt 0.500000 0.341451
vt 0.432577 0.349332
vt 0.500000 0.487464
vt 0.500000 0.485900
vt 0.500000 0.485677
vt 0.596353 0.288564
vt 0.593162 0.288564
vt 0.592707 0.288564
vt 0.403647 0.370346
vt 0.406838 0.370346
vt 0.407294 0.370346
vt 0.500000 0.426100
vt 0.500000 0.427664
vt 0.500000 0.427887
vt 0.449433 0.441021
vt 0.500000 0.437568
vt 0.500000 0.456782
vt 0.438352 0.456782
vt 0.550567 0.441021
vt 0.561648 0.456782
vt 0.550567 0.472543
vt 0.500000 0.475996
vt 0.449433 0.472543
vt 0.500000 0.288564
vt 0.438352 0.288564
vt 0.561648 0.288564
vt 0.500000 0.304941
vt 0.449433 0.354585
vt 0.500000 0.351131
vt 0.500000 0.370346
vt 0.438352 0.370346
vt 0.550567 0.354585
vt 0.561648 0.370346
vt 0.500000 0.389560
vt 0.432577 0.477796
vt 0.407294 0.456782
vt 0.411195 0.456782
vt 0.435464 0.476896
vt 0.432577 0.435768
vt 0.435464 0.436668
vt 0.438352 0.456782
vt 0.432577 0.349332
vt 0.500000 0.341451
vt 0.500000 0.342667
vt 0.435464 0.350232
vt 0.567423 0.349332
vt 0.564536 0.350231
vt 0.407293 0.288564
vt 0.411195 0.288564
vt 0.438352 0.288564
vt 0.592707 0.456782
vt 0.588805 0.456782
vt 0.564536 0.436668
vt 0.564536 0.476896
vt 0.561648 0.456782
vt 0.407294 0.370346
vt 0.411195 0.370346
vt 0.438352 0.370346
vt 0.592707 0.288564
vt 0.588805 0.288564
vt 0.500000 0.485677
vt 0.500000 0.484460
vt 0.500000 0.475996
vt 0.592707 0.370346
vt 0.588805 0.370346
vt 0.561648 0.370346
vt 0.500000 0.427887
vt 0.500000 0.429104
vt 0.375000 0.000000
vt 0.500000 0.000000
vt 0.500000 0.006177
vt 0.417825 0.015719
vt 0.625000 0.000000
vt 0.582175 0.015719
vt 0.575281 0.018619
vt 0.500000 0.009095
vt 0.424720 0.018619
vt 0.625000 0.044016
vt 0.609953 0.044016
vt 0.582175 0.072852
vt 0.575280 0.069414
vt 0.603511 0.044016
vt 0.500000 0.084006
vt 0.417825 0.072852
vt 0.424720 0.069414
vt 0.500000 0.078938
vt 0.375000 0.044016
vt 0.390047 0.044016
vt 0.396489 0.044016
vt 0.573670 0.068624
vt 0.500000 0.077852
vt 0.500000 0.076428
vt 0.570515 0.067571
vt 0.426330 0.068624
vt 0.429485 0.067571
vt 0.444748 0.062472
vt 0.500000 0.066517
vt 0.555252 0.062472
vt 0.575280 0.069414
vt 0.500000 0.078938
vt 0.500000 0.077988
vt 0.573871 0.068723
vt 0.424720 0.069414
vt 0.426129 0.068723
vt 0.500000 0.077852
vt 0.573670 0.068624
vt 0.396490 0.044016
vt 0.398427 0.044016
vt 0.398704 0.044016
vt 0.603511 0.044016
vt 0.601573 0.044016
vt 0.601296 0.044016
vt 0.444748 0.025560
vt 0.500000 0.021516
vt 0.500000 0.044016
vt 0.432640 0.044016
vt 0.555252 0.025560
vt 0.567360 0.044016
vt 0.500000 0.066517
vt 0.398704 0.044016
vt 0.402967 0.044016
vt 0.429485 0.020462
vt 0.432640 0.044016
vt 0.601296 0.044016
vt 0.597033 0.044016
vt 0.570515 0.020462
vt 0.567360 0.044016
vt 0.500000 0.010180
vt 0.500000 0.011604
vt 0.500000 0.836436
vt 0.500000 0.837637
vt 0.375000 0.836436
vt 0.625000 0.836436
vt 0.500000 0.848441
vt 0.500000 0.835236
vt 0.754654 0.748777
vt 0.711436 0.750000
vt 0.797872 0.750000
vt 0.754654 0.750000
vt 0.500000 0.933585
vt 0.500000 0.923944
vt 0.625000 0.922872
vt 0.375000 0.922872
vt 0.500000 0.922872
vt 0.500000 0.879654
vt 0.375000 0.879654
vt 0.625000 0.879654
vt 0.500000 0.910867
vt 0.500000 0.921672
vt 0.500000 0.910867
vt 0.245346 0.750000
vt 0.288564 0.750000
vt 0.202128 0.750000
vt 0.797872 0.750000
vt 0.754654 0.750000
vt 0.711436 0.750000
s 0
usemtl gloves
f 603/135/900 694/136/900 831/137/900 687/138/900
f 694/136/901 604/139/901 677/140/901 831/137/901
f 831/137/902 677/140/902 598/141/902 678/142/902
f 687/138/903 831/137/903 678/142/903 597/143/903
f 622/144/904 720/145/904 832/146/904 760/147/904
f 720/145/905 619/148/905 759/149/905 832/146/905
f 832/146/906 759/149/906 632/150/906 744/151/906
f 760/147/907 832/146/907 744/151/907 633/152/907
f 605/153/908 693/154/908 833/155/908 689/156/908
f 693/154/909 606/157/909 683/158/909 833/155/909
f 833/155/910 683/158/910 600/159/910 684/160/910
f 689/156/911 833/155/911 684/160/911 599/161/911
f 609/162/912 705/163/912 834/164/912 697/165/912
f 705/163/913 610/166/913 686/167/913 834/164/913
f 834/164/914 686/167/914 596/168/914 676/169/914
f 697/165/915 834/164/915 676/169/915 595/170/915
f 618/171/916 712/172/916 835/173/916 717/174/916
f 712/172/917 605/153/917 689/156/917 835/173/917
f 835/173/918 689/156/918 599/161/918 685/175/918
f 717/174/919 835/173/919 685/175/919 614/176/919
f 611/177/920 699/178/920 836/179/920 703/180/920
f 699/178/921 604/181/921 688/182/921 836/179/921
f 836/179/922 688/182/922 596/183/922 686/184/922
f 703/180/923 836/179/923 686/184/923 610/185/923
f 608/186/924 696/187/924 837/188/924 702/189/924
f 696/187/925 598/190/925 677/191/925 837/188/925
f 837/188/926 677/191/926 604/181/926 699/178/926
f 702/189/927 837/188/927 699/178/927 611/177/927
f 616/192/928 710/193/928 838/194/928 716/195/928
f 710/193/929 601/196/929 682/197/929 838/194/929
f 838/194/930 682/197/930 605/153/930 712/172/930
f 716/195/931 838/194/931 712/172/931 618/171/931
f 601/196/932 681/198/932 839/199/932 682/197/932
f 681/198/933 602/200/933 690/201/933 839/199/933
f 839/199/934 690/201/934 606/157/934 693/154/934
f 682/197/935 839/199/935 693/154/935 605/153/935
f 655/202/936 791/203/936 840/204/936 804/205/936
f 791/203/937 656/206/937 803/207/937 840/204/937
f 840/204/938 803/207/938 660/208/938 799/209/938
f 804/205/939 840/204/939 799/209/939 659/210/939
f 597/211/940 679/212/940 841/213/940 687/214/940
f 679/212/941 607/215/941 701/216/941 841/213/941
f 841/213/942 701/216/942 612/217/942 692/218/942
f 687/214/943 841/213/943 692/218/943 603/219/943
f 613/220/944 707/221/944 842/222/944 715/223/944
f 707/221/945 608/186/945 702/189/945 842/222/945
f 842/222/946 702/189/946 611/177/946 709/224/946
f 715/223/947 842/222/947 709/224/947 615/225/947
f 615/225/948 709/224/948 843/226/948 714/227/948
f 709/224/949 611/177/949 703/180/949 843/226/949
f 843/226/950 703/180/950 610/185/950 698/228/950
f 714/227/951 843/226/951 698/228/951 617/229/951
f 603/219/952 692/218/952 844/230/952 675/231/952
f 692/218/953 612/217/953 704/232/953 844/230/953
f 844/230/954 704/232/954 609/233/954 697/234/954
f 675/231/955 844/230/955 697/234/955 595/235/955
f 609/233/956 708/236/956 845/237/956 820/238/956
f 708/236/957 614/176/957 819/239/957 845/237/957
f 845/237/958 819/239/958 670/176/958 817/240/958
f 820/238/959 845/237/959 817/240/959 669/233/959
f 628/241/960 737/242/960 846/243/960 758/244/960
f 737/242/961 629/245/961 757/246/961 846/243/961
f 846/243/962 757/246/962 642/247/962 753/248/962
f 758/244/963 846/243/963 753/248/963 639/249/963
f 599/161/964 684/160/964 847/250/964 685/251/964
f 684/160/965 600/159/965 711/252/965 847/250/965
f 847/250/966 711/252/966 617/253/966 713/254/966
f 685/251/967 847/250/967 713/254/967 614/255/967
f 606/157/968 691/256/968 848/257/968 683/158/968
f 691/256/969 615/225/969 714/227/969 848/257/969
f 848/257/970 714/227/970 617/229/970 711/258/970
f 683/158/971 848/257/971 711/258/971 600/159/971
f 602/200/972 680/259/972 849/260/972 690/201/972
f 680/259/973 613/220/973 715/223/973 849/260/973
f 849/260/974 715/223/974 615/225/974 691/256/974
f 690/201/975 849/260/975 691/256/975 606/157/975
f 607/215/976 695/261/976 850/262/976 701/216/976
f 695/261/977 616/192/977 716/195/977 850/262/977
f 850/262/978 716/195/978 618/171/978 700/263/978
f 701/216/979 850/262/979 700/263/979 612/217/979
f 612/217/980 700/263/980 851/264/980 704/232/980
f 700/263/981 618/171/981 717/174/981 851/264/981
f 851/264/982 717/174/982 614/176/982 708/236/982
f 704/232/983 851/264/983 708/236/983 609/233/983
f 625/265/984 730/266/984 852/267/984 756/268/984
f 730/266/985 626/269/985 755/270/985 852/267/985
f 852/267/986 755/270/986 637/271/986 750/272/986
f 756/268/987 852/267/987 750/272/987 638/273/987
f 616/274/988 718/275/988 853/276/988 723/277/988
f 718/275/989 613/278/989 724/279/989 853/276/989
f 853/276/990 724/279/990 620/280/990 719/281/990
f 723/277/991 853/276/991 719/281/991 619/148/991
f 613/278/992 680/282/992 854/283/992 724/279/992
f 680/282/993 602/200/993 725/284/993 854/283/993
f 854/283/994 725/284/994 621/285/994 721/286/994
f 724/279/995 854/283/995 721/286/995 620/280/995
f 602/200/996 681/287/996 855/288/996 725/284/996
f 681/287/997 601/196/997 726/289/997 855/288/997
f 855/288/998 726/289/998 622/144/998 722/290/998
f 725/284/999 855/288/999 722/290/999 621/285/999
f 601/196/1000 710/291/1000 856/292/1000 726/289/1000
f 710/291/1001 616/274/1001 723/277/1001 856/292/1001
f 856/292/1002 723/277/1002 619/148/1002 720/293/1002
f 726/289/1003 856/292/1003 720/293/1003 622/144/1003
f 597/143/1004 678/142/1004 857/294/1004 731/295/1004
f 678/142/1005 598/141/1005 732/296/1005 857/294/1005
f 857/294/1006 732/296/1006 624/297/1006 727/298/1006
f 731/295/1007 857/294/1007 727/298/1007 623/299/1007
f 598/141/1008 696/300/1008 858/301/1008 732/296/1008
f 696/300/1009 608/302/1009 733/303/1009 858/301/1009
f 858/301/1010 733/303/1010 625/265/1010 729/304/1010
f 732/296/1011 858/301/1011 729/304/1011 624/297/1011
f 608/302/1012 706/305/1012 859/306/1012 733/303/1012
f 706/305/1013 607/307/1013 734/308/1013 859/306/1013
f 859/306/1014 734/308/1014 626/309/1014 730/310/1014
f 733/303/1015 859/306/1015 730/310/1015 625/265/1015
f 607/307/1016 679/311/1016 860/312/1016 734/308/1016
f 679/311/1017 597/143/1017 731/295/1017 860/312/1017
f 860/312/1018 731/295/1018 623/299/1018 728/313/1018
f 734/308/1019 860/312/1019 728/313/1019 626/309/1019
f 607/307/1020 706/314/1020 861/315/1020 739/316/1020
f 706/314/1021 608/302/1021 740/317/1021 861/315/1021
f 861/315/1022 740/317/1022 628/318/1022 735/319/1022
f 739/316/1023 861/315/1023 735/319/1023 627/320/1023
f 608/302/1024 707/321/1024 862/322/1024 740/317/1024
f 707/321/1025 613/278/1025 741/323/1025 862/322/1025
f 862/322/1026 741/323/1026 629/245/1026 737/324/1026
f 740/317/1027 862/322/1027 737/324/1027 628/318/1027
f 613/278/1028 718/325/1028 863/326/1028 741/323/1028
f 718/325/1029 616/274/1029 742/327/1029 863/326/1029
f 863/326/1030 742/327/1030 630/328/1030 738/329/1030
f 741/323/1031 863/326/1031 738/329/1031 629/245/1031
f 616/274/1032 695/330/1032 864/331/1032 742/327/1032
f 695/330/1033 607/307/1033 739/316/1033 864/331/1033
f 864/331/1034 739/316/1034 627/320/1034 736/332/1034
f 742/327/1035 864/331/1035 736/332/1035 630/328/1035
f 642/333/1036 754/334/1036 865/335/1036 784/336/1036
f 754/334/1037 641/337/1037 783/338/1037 865/335/1037
f 865/335/1038 783/338/1038 653/339/1038 778/340/1038
f 784/336/1039 865/335/1039 778/340/1039 654/341/1039
f 636/342/1040 747/343/1040 866/344/1040 782/345/1040
f 747/343/1041 635/346/1041 781/347/1041 866/344/1041
f 866/344/1042 781/347/1042 647/348/1042 771/349/1042
f 782/345/1043 866/344/1043 771/349/1043 648/350/1043
f 638/351/1044 750/352/1044 867/353/1044 780/354/1044
f 750/352/1045 637/271/1045 779/355/1045 867/353/1045
f 867/353/1046 779/355/1046 649/356/1046 774/357/1046
f 780/354/1047 867/353/1047 774/357/1047 650/358/1047
f 623/359/1048 727/360/1048 868/361/1048 762/362/1048
f 727/360/1049 624/297/1049 761/363/1049 868/361/1049
f 868/361/1050 761/363/1050 635/364/1050 747/365/1050
f 762/362/1051 868/361/1051 747/365/1051 636/342/1051
f 629/245/1052 738/366/1052 869/367/1052 757/246/1052
f 738/366/1053 630/368/1053 763/369/1053 869/367/1053
f 869/367/1054 763/369/1054 641/337/1054 754/370/1054
f 757/246/1055 869/367/1055 754/370/1055 642/247/1055
f 620/280/1056 721/371/1056 870/372/1056 765/373/1056
f 721/371/1057 621/374/1057 764/375/1057 870/372/1057
f 870/372/1058 764/375/1058 634/376/1058 745/377/1058
f 765/373/1059 870/372/1059 745/377/1059 631/378/1059
f 626/269/1060 728/379/1060 871/380/1060 755/270/1060
f 728/379/1061 623/359/1061 762/362/1061 871/380/1061
f 871/380/1062 762/362/1062 636/342/1062 748/381/1062
f 755/270/1063 871/380/1063 748/381/1063 637/271/1063
f 627/320/1064 735/382/1064 872/383/1064 766/384/1064
f 735/382/1065 628/241/1065 758/244/1065 872/383/1065
f 872/383/1066 758/244/1066 639/249/1066 751/385/1066
f 766/384/1067 872/383/1067 751/385/1067 640/386/1067
f 621/374/1068 722/387/1068 873/388/1068 764/375/1068
f 722/387/1069 622/144/1069 760/147/1069 873/388/1069
f 873/388/1070 760/147/1070 633/152/1070 746/389/1070
f 764/375/1071 873/388/1071 746/389/1071 634/376/1071
f 624/297/1072 729/390/1072 874/391/1072 761/363/1072
f 729/390/1073 625/265/1073 756/268/1073 874/391/1073
f 874/391/1074 756/268/1074 638/273/1074 749/392/1074
f 761/363/1075 874/391/1075 749/392/1075 635/364/1075
f 630/368/1076 736/393/1076 875/394/1076 763/369/1076
f 736/393/1077 627/320/1077 766/384/1077 875/394/1077
f 875/394/1078 766/384/1078 640/386/1078 752/395/1078
f 763/369/1079 875/394/1079 752/395/1079 641/337/1079
f 619/148/1080 719/396/1080 876/397/1080 759/149/1080
f 719/396/1081 620/280/1081 765/373/1081 876/397/1081
f 876/397/1082 765/373/1082 631/378/1082 743/398/1082
f 759/149/1083 876/397/1083 743/398/1083 632/150/1083
f 644/399/1084 767/400/1084 877/401/1084 768/402/1084
f 767/400/1085 643/403/1085 769/404/1085 877/401/1085
f 877/401/1086 769/404/1086 646/405/1086 770/406/1086
f 768/402/1087 877/401/1087 770/406/1087 645/407/1087
f 648/350/1088 771/349/1088 878/408/1088 772/409/1088
f 771/349/1089 647/348/1089 773/410/1089 878/408/1089
f 878/408/1090 773/410/1090 650/358/1090 774/411/1090
f 772/409/1091 878/408/1091 774/411/1091 649/356/1091
f 652/412/1092 775/413/1092 879/414/1092 776/415/1092
f 775/413/1093 651/416/1093 777/417/1093 879/414/1093
f 879/414/1094 777/417/1094 654/341/1094 778/418/1094
f 776/415/1095 879/414/1095 778/418/1095 653/339/1095
f 633/419/1096 744/420/1096 880/421/1096 786/422/1096
f 744/420/1097 632/423/1097 785/424/1097 880/421/1097
f 880/421/1098 785/424/1098 644/399/1098 768/425/1098
f 786/422/1099 880/421/1099 768/425/1099 645/407/1099
f 640/426/1100 751/427/1100 881/428/1100 788/429/1100
f 751/427/1101 639/430/1101 787/431/1101 881/428/1101
f 881/428/1102 787/431/1102 651/416/1102 775/413/1102
f 788/429/1103 881/428/1103 775/413/1103 652/412/1103
f 637/271/1104 748/432/1104 882/433/1104 779/355/1104
f 748/432/1105 636/342/1105 782/345/1105 882/433/1105
f 882/433/1106 782/345/1106 648/350/1106 772/434/1106
f 779/355/1107 882/433/1107 772/434/1107 649/356/1107
f 631/378/1108 745/435/1108 883/436/1108 790/437/1108
f 745/435/1109 634/376/1109 789/438/1109 883/436/1109
f 883/436/1110 789/438/1110 646/405/1110 769/439/1110
f 790/437/1111 883/436/1111 769/439/1111 643/403/1111
f 641/337/1112 752/440/1112 884/441/1112 783/338/1112
f 752/440/1113 640/426/1113 788/429/1113 884/441/1113
f 884/441/1114 788/429/1114 652/412/1114 776/442/1114
f 783/338/1115 884/441/1115 776/442/1115 653/339/1115
f 635/346/1116 749/443/1116 885/444/1116 781/347/1116
f 749/443/1117 638/351/1117 780/354/1117 885/444/1117
f 885/444/1118 780/354/1118 650/358/1118 773/410/1118
f 781/347/1119 885/444/1119 773/410/1119 647/348/1119
f 634/376/1120 746/445/1120 886/446/1120 789/438/1120
f 746/445/1121 633/419/1121 786/422/1121 886/446/1121
f 886/446/1122 786/422/1122 645/407/1122 770/447/1122
f 789/438/1123 886/446/1123 770/447/1123 646/405/1123
f 639/430/1124 753/448/1124 887/449/1124 787/431/1124
f 753/448/1125 642/333/1125 784/336/1125 887/449/1125
f 887/449/1126 784/336/1126 654/341/1126 777/450/1126
f 787/431/1127 887/449/1127 777/450/1127 651/416/1127
f 632/423/1128 743/451/1128 888/452/1128 785/424/1128
f 743/451/1129 631/378/1129 790/437/1129 888/452/1129
f 888/452/1130 790/437/1130 643/403/1130 767/400/1130
f 785/424/1131 888/452/1131 767/400/1131 644/399/1131
f 595/453/1132 676/454/1132 889/455/1132 795/456/1132
f 676/454/1133 596/457/1133 796/458/1133 889/455/1133
f 889/455/1134 796/458/1134 656/459/1134 791/460/1134
f 795/456/1135 889/455/1135 791/460/1135 655/461/1135
f 596/457/1136 688/462/1136 890/463/1136 796/458/1136
f 688/462/1137 604/139/1137 797/464/1137 890/463/1137
f 890/463/1138 797/464/1138 657/465/1138 793/466/1138
f 796/458/1139 890/463/1139 793/466/1139 656/459/1139
f 604/139/1140 694/136/1140 891/467/1140 797/464/1140
f 694/136/1141 603/135/1141 798/468/1141 891/467/1141
f 891/467/1142 798/468/1142 658/469/1142 794/470/1142
f 797/464/1143 891/467/1143 794/470/1143 657/465/1143
f 603/135/1144 675/471/1144 892/472/1144 798/468/1144
f 675/471/1145 595/453/1145 795/456/1145 892/472/1145
f 892/472/1146 795/456/1146 655/461/1146 792/473/1146
f 798/468/1147 892/472/1147 792/473/1147 658/469/1147
f 662/474/1148 802/475/1148 893/476/1148 812/477/1148
f 802/475/1149 661/478/1149 811/479/1149 893/476/1149
f 893/476/1150 811/479/1150 665/480/1150 810/481/1150
f 812/477/1151 893/476/1151 810/481/1151 666/482/1151
f 657/483/1152 794/484/1152 894/485/1152 806/486/1152
f 794/484/1153 658/487/1153 805/488/1153 894/485/1153
f 894/485/1154 805/488/1154 661/478/1154 802/489/1154
f 806/486/1155 894/485/1155 802/489/1155 662/490/1155
f 658/487/1156 792/491/1156 895/492/1156 805/488/1156
f 792/491/1157 655/202/1157 804/205/1157 895/492/1157
f 895/492/1158 804/205/1158 659/210/1158 800/493/1158
f 805/488/1159 895/492/1159 800/493/1159 661/478/1159
f 656/206/1160 793/494/1160 896/495/1160 803/207/1160
f 793/494/1161 657/483/1161 806/486/1161 896/495/1161
f 896/495/1162 806/486/1162 662/490/1162 801/496/1162
f 803/207/1163 896/495/1163 801/496/1163 660/208/1163
f 663/497/1164 807/498/1164 897/499/1164 808/500/1164
f 807/498/1165 664/501/1165 809/502/1165 897/499/1165
f 897/499/1166 809/502/1166 666/482/1166 810/503/1166
f 808/500/1167 897/499/1167 810/503/1167 665/480/1167
f 661/478/1168 800/504/1168 898/505/1168 811/479/1168
f 800/504/1169 659/210/1169 813/506/1169 898/505/1169
f 898/505/1170 813/506/1170 663/497/1170 808/507/1170
f 811/479/1171 898/505/1171 808/507/1171 665/480/1171
f 660/208/1172 801/508/1172 899/509/1172 814/510/1172
f 801/508/1173 662/474/1173 812/477/1173 899/509/1173
f 899/509/1174 812/477/1174 666/482/1174 809/511/1174
f 814/510/1175 899/509/1175 809/511/1175 664/501/1175
f 659/210/1176 799/512/1176 900/513/1176 813/506/1176
f 799/512/1177 660/208/1177 814/510/1177 900/513/1177
f 900/513/1178 814/510/1178 664/501/1178 807/498/1178
f 813/506/1179 900/513/1179 807/498/1179 663/497/1179
f 670/255/1180 818/514/1180 901/515/1180 828/516/1180
f 818/514/1181 667/253/1181 827/517/1181 901/515/1181
f 901/515/1182 827/517/1182 671/253/1182 826/518/1182
f 828/516/1183 901/515/1183 826/518/1183 674/255/1183
f 614/255/1184 713/254/1184 902/519/1184 819/516/1184
f 713/254/1185 617/253/1185 821/517/1185 902/519/1185
f 902/519/1186 821/517/1186 667/253/1186 818/514/1186
f 819/516/1187 902/519/1187 818/514/1187 670/255/1187
f 617/229/1188 698/228/1188 903/520/1188 821/521/1188
f 698/228/1189 610/185/1189 822/522/1189 903/520/1189
f 903/520/1190 822/522/1190 668/185/1190 815/523/1190
f 821/521/1191 903/520/1191 815/523/1191 667/229/1191
f 610/166/1192 705/524/1192 904/525/1192 822/526/1192
f 705/524/1193 609/162/1193 820/527/1193 904/525/1193
f 904/525/1194 820/527/1194 669/162/1194 816/528/1194
f 822/526/1195 904/525/1195 816/528/1195 668/166/1195
f 674/255/1196 826/518/1196 905/529/1196 825/530/1196
f 826/518/1197 671/253/1197 823/531/1197 905/529/1197
f 905/529/1198 823/531/1198 672/166/1198 824/532/1198
f 825/530/1199 905/529/1199 824/532/1199 673/162/1199
f 668/166/1200 816/528/1200 906/533/1200 830/526/1200
f 816/528/1201 669/162/1201 829/527/1201 906/533/1201
f 906/533/1202 829/527/1202 673/162/1202 824/534/1202
f 830/526/1203 906/533/1203 824/534/1203 672/166/1203
f 669/233/1204 817/240/1204 907/535/1204 829/238/1204
f 817/240/1205 670/176/1205 828/239/1205 907/535/1205
f 907/535/1206 828/239/1206 674/536/1206 825/240/1206
f 829/238/1207 907/535/1207 825/240/1207 673/537/1207
f 667/229/1208 815/523/1208 908/523/1208 827/521/1208
f 815/523/1209 668/185/1209 830/522/1209 908/523/1209
f 908/523/1210 830/522/1210 672/538/1210 823/539/1210
f 827/521/1211 908/523/1211 823/539/1211 671/540/1211
o Cube.001
v 0.018834 -0.608725 1.586709
v 0.142408 -0.590811 1.609221
v 0.012950 -0.836369 1.819706
v 0.135215 -0.818052 1.839924
v -0.047884 -0.374397 1.840641
v 0.045708 -0.359213 1.862073
v -0.077574 -0.577658 2.068354
v 0.050932 -0.573328 2.087765
v 0.007402 -0.698893 1.673007
v 0.149114 -0.676590 1.699029
v -0.069357 -0.454434 1.931072
v 0.058070 -0.438200 1.953776
v -0.025079 -0.784209 1.903613
v 0.126355 -0.762361 1.928327
v -0.016518 -0.520273 1.645798
v 0.129652 -0.512661 1.669896
v 0.147776 -0.606483 1.784559
v -0.042228 -0.631318 1.751081
v 0.092097 -0.666198 2.026070
v -0.048944 -0.424774 1.744738
v 0.115741 -0.512132 1.882309
v -0.067212 -0.677795 2.008736
v 0.091935 -0.401579 1.784980
v -0.074904 -0.537836 1.847000
v -0.061109 -0.675236 2.068681
v 0.051389 -0.664959 2.090026
v 0.035357 -0.605984 2.134912
v -0.076975 -0.615363 2.112586
v 0.015323 -0.877416 1.862239
v 0.131038 -0.863688 1.873883
v 0.120147 -0.829551 1.933156
v 0.004433 -0.843279 1.921511
v -0.014343 -0.788792 1.950744
v 0.101363 -0.771420 1.970685
v 0.082058 -0.720114 2.026672
v -0.032526 -0.736116 2.008198
v 0.046789 -0.728942 2.174140
v -0.079209 -0.742376 2.147000
v -0.098500 -0.668648 2.200063
v 0.027498 -0.655213 2.227203
v 0.154024 -0.958633 1.906476
v 0.008601 -0.972766 1.896317
v -0.006997 -0.923673 1.983722
v 0.138426 -0.909540 1.993882
v 0.119787 -0.846522 2.031071
v -0.028595 -0.869568 2.004685
v -0.046529 -0.805225 2.079965
v 0.091536 -0.783782 2.104516
v 0.017017 -0.798769 2.278479
v -0.081105 -0.809231 2.257344
v -0.096392 -0.750808 2.299392
v 0.001730 -0.740345 2.320527
v 0.149740 -1.091535 1.966295
v 0.034404 -1.102445 1.958544
v 0.021468 -1.061847 2.029563
v 0.136804 -1.050936 2.037315
v 0.100091 -0.948246 2.136643
v -0.016614 -0.966372 2.115890
v -0.031916 -0.909474 2.170624
v 0.078599 -0.892310 2.190277
v 0.037866 -0.669238 1.554235
v 0.158435 -0.640457 1.583041
v 0.147786 -0.671222 1.659563
v 0.026312 -0.697095 1.626624
v 0.053842 -0.766387 1.503043
v 0.209697 -0.729149 1.549264
v 0.033720 -0.784847 1.577521
v 0.192583 -0.757144 1.644533
v 0.105584 -0.877835 1.469823
v 0.231448 -0.854308 1.518895
v 0.087574 -0.886131 1.516450
v 0.215922 -0.870484 1.582348
v 0.089983 -0.342756 1.692217
v 0.116745 -0.421572 1.610562
v -0.011266 -0.440925 1.599319
v -0.034160 -0.373499 1.669174
v 0.078869 -0.359925 1.676213
v 0.096329 -0.411349 1.622937
v 0.001213 -0.427056 1.610535
v -0.015087 -0.379050 1.660270
v -0.007393 -0.644742 1.617303
v 0.081216 -0.589032 1.585586
v 0.139230 -0.754463 1.778454
v 0.077234 -0.836564 1.819305
v -0.021250 -0.814703 1.846674
v 0.087767 -0.606299 2.061834
v -0.016904 -0.563522 2.088506
v -0.074327 -0.522071 2.005935
v 0.056631 -0.381084 1.897079
v -0.002631 -0.356272 1.850834
v -0.053283 -0.393706 1.804772
v 0.134534 -0.562250 1.638397
v 0.011965 -0.774120 1.755951
v 0.165644 -0.618490 1.649186
v -0.063570 -0.399721 1.872647
v 0.055838 -0.512580 2.026363
v 0.096752 -0.467482 1.926559
v -0.025239 -0.672529 1.707568
v -0.009467 -0.434616 1.953846
v 0.080337 -0.710166 1.693745
v -0.058541 -0.722706 1.942103
v 0.151228 -0.788942 1.875183
v 0.005354 -0.572994 1.616856
v 0.128941 -0.456093 1.731390
v 0.159382 -0.646786 1.740045
v -0.058385 -0.585368 1.798579
v -0.042689 -0.708251 1.827013
v 0.144726 -0.681297 1.858579
v 0.147569 -0.552719 1.724900
v -0.038442 -0.569814 1.691380
v 0.061478 -0.517814 1.631403
v 0.051590 -0.790569 1.929549
v 0.123311 -0.701727 1.966993
v -0.050579 -0.475959 1.691731
v 0.131965 -0.560273 1.833117
v -0.093977 -0.615184 2.037573
v 0.067356 -0.373737 1.836116
v -0.086229 -0.491620 1.893160
v 0.016847 -0.386367 1.767584
v 0.113076 -0.451131 1.830148
v 0.113385 -0.589429 1.953586
v -0.079253 -0.609343 1.926671
v -0.069692 -0.478122 1.786258
v 0.011072 -0.686000 2.033243
v -0.001869 -0.681239 2.071030
v -0.090119 -0.647142 2.086540
v 0.064451 -0.633629 2.116563
v -0.023799 -0.599531 2.132073
v -0.060580 -0.668773 2.049198
v 0.062367 -0.660532 2.066653
v 0.042903 -0.597886 2.116166
v -0.076317 -0.603255 2.095961
v 0.075222 -0.876953 1.856947
v -0.011818 -0.862921 1.889691
v 0.147289 -0.844046 1.905703
v 0.060248 -0.830014 1.938447
v 0.015033 -0.862694 1.850262
v 0.130888 -0.846827 1.866127
v 0.118578 -0.806996 1.924712
v -0.000299 -0.823267 1.908335
v 0.047025 -0.789854 1.950079
v -0.045024 -0.765583 1.975869
v 0.113301 -0.742638 2.002280
v 0.021252 -0.718366 2.028070
v -0.015647 -0.779457 1.939023
v 0.103704 -0.762543 1.958493
v 0.082800 -0.704173 2.019104
v -0.039524 -0.717333 2.003315
v -0.012593 -0.749483 2.150621
v -0.112479 -0.708031 2.168443
v 0.060768 -0.689559 2.205760
v -0.039118 -0.648107 2.223583
v 0.084237 -0.974905 1.885008
v -0.026465 -0.950870 1.938114
v 0.173491 -0.931437 1.952084
v 0.062790 -0.907402 2.005190
v 0.049926 -0.869959 2.003935
v -0.064416 -0.841567 2.037549
v 0.132516 -0.810981 2.072569
v 0.018174 -0.782590 2.106183
v -0.001279 -0.871772 1.948250
v 0.127891 -0.858311 1.958332
v 0.086542 -0.743512 2.055811
v 0.109806 -0.798226 1.991357
v -0.068489 -0.700971 2.099398
v -0.085715 -0.635228 2.146816
v 0.140426 -0.897977 1.885374
v 0.011255 -0.911438 1.875292
v -0.037749 -0.762592 2.033947
v 0.031327 -0.623074 2.171792
v 0.048574 -0.688704 2.124252
v -0.020559 -0.818398 1.968254
v -0.031472 -0.816573 2.271479
v -0.100602 -0.787337 2.284226
v 0.019022 -0.774582 2.309993
v -0.050108 -0.745347 2.322741
v 0.094579 -1.112978 1.958793
v 0.016388 -1.094881 1.997360
v 0.156999 -1.081580 2.006809
v 0.078808 -1.063483 2.045376
v 0.043615 -0.972525 2.129004
v -0.036846 -0.948451 2.149297
v 0.101661 -0.926940 2.173926
v 0.021200 -0.902866 2.194219
v -0.000871 -1.001515 2.017004
v 0.145279 -0.987643 2.026874
v 0.161583 -1.038826 1.937147
v 0.015432 -1.052698 1.927277
v -0.047720 -0.863369 2.136236
v 0.090753 -0.841862 2.160860
v -0.086802 -0.787787 2.208106
v -0.106175 -0.713747 2.261394
v 0.119575 -0.909319 2.090276
v -0.029874 -0.932530 2.063700
v 0.018448 -0.700459 2.288238
v 0.037821 -0.774499 2.234950
v 0.100232 -0.649352 1.554677
v 0.009397 -0.688290 1.584641
v 0.175802 -0.650716 1.627091
v 0.084967 -0.689654 1.657054
v 0.029758 -0.638114 1.568804
v 0.148072 -0.614396 1.593288
v 0.142895 -0.661939 1.664799
v 0.022238 -0.684874 1.638839
v 0.135260 -0.743413 1.510239
v 0.014276 -0.781706 1.529666
v 0.230645 -0.737059 1.607514
v 0.109661 -0.775351 1.626941
v 0.180492 -0.676059 1.568491
v 0.043554 -0.710103 1.531705
v 0.027500 -0.731771 1.608395
v 0.166128 -0.703100 1.655862
v 0.173564 -0.874369 1.485286
v 0.085606 -0.892945 1.482254
v 0.240823 -0.869888 1.553877
v 0.152864 -0.888464 1.550846
v 0.053651 -0.846372 1.538052
v 0.215777 -0.825084 1.619141
v 0.076006 -0.834396 1.476601
v 0.233974 -0.799920 1.529388
v 0.127004 -0.377468 1.654604
v 0.057395 -0.444959 1.590736
v -0.046352 -0.411908 1.631032
v 0.023257 -0.344417 1.694900
v -0.036154 -0.396887 1.695205
v -0.011981 -0.468080 1.621447
v 0.089399 -0.370396 1.725256
v 0.118224 -0.455291 1.637302
v 0.097932 -0.385397 1.652730
v 0.050480 -0.425686 1.612788
v -0.017312 -0.406067 1.634912
v 0.030139 -0.365778 1.674854
v 0.088923 -0.342880 1.682271
v -0.030555 -0.370294 1.662122
v -0.009314 -0.432853 1.597309
v 0.112560 -0.412495 1.610147
v 0.078945 -0.775388 1.757953
v -0.099049 -0.670389 2.118435
v -0.007025 -0.378844 1.894777
v 0.070736 -0.557058 1.613989
v -0.079564 -0.434477 1.834198
v 0.159423 -0.592229 1.681162
v 0.155801 -0.721536 1.814219
v -0.091741 -0.559700 1.970507
v -0.013048 -0.505307 2.027463
v 0.114875 -0.688514 1.534717
v -0.024733 -0.748934 1.782581
v 0.129866 -0.635230 1.904824
v 0.132016 -0.502939 1.777768
v -0.022292 -0.612304 1.649849
v -0.047212 -0.436560 1.654592
v 0.122048 -0.767189 2.027800
v 0.006499 -0.369669 1.811192
v 0.093175 -0.407347 1.873188
v 0.095028 -0.543916 1.997885
v -0.061321 -0.659289 1.875831
v -0.055356 -0.524567 1.737688
v 0.060956 -0.857604 1.966970
v 0.003838 -0.676545 2.050611
v 0.074490 -0.626907 2.094676
v -0.019905 -0.589244 2.115169
v -0.090577 -0.636137 2.068815
v 0.075441 -0.862284 1.847895
v 0.146232 -0.823714 1.897315
v 0.056867 -0.809460 1.927441
v -0.013824 -0.845632 1.875372
v 0.047799 -0.782460 1.939502
v 0.114614 -0.729301 1.990524
v 0.017811 -0.701872 2.022986
v -0.048796 -0.749806 1.966583
v 0.017117 -0.840523 2.162725
v 0.091680 -1.056524 1.915750
v 0.069246 -0.986093 2.039220
v 0.078191 -0.912145 1.866653
v 0.020604 -0.742691 2.057080
v 0.061898 -0.653599 2.152694
v -0.019232 -0.894129 1.909880
v 0.048416 -0.818673 1.967604
v -0.030426 -0.616835 2.168206
v 0.158378 -0.875620 1.923743
v -0.053028 -0.794175 1.996885
v -0.006725 -0.707154 2.102923
v -0.043104 -0.793912 2.314264
v 0.088980 -1.112449 2.010804
v 0.032129 -0.955733 2.178930
v -0.120030 -0.753874 2.230509
v 0.049223 -0.934711 2.064438
v -0.020094 -1.030853 1.970694
v 0.051459 -0.735589 2.267447
v -0.065880 -0.903001 2.095968
v 0.181020 -1.011764 1.984276
v -0.047615 -0.693789 2.285641
v 0.132221 -0.872234 2.131195
v -0.020957 -0.795674 2.212314
v 0.090141 -0.618071 1.568146
v 0.167384 -0.632748 1.633132
v 0.081552 -0.683092 1.664853
v 0.003959 -0.664697 1.598587
v 0.131177 -0.840040 1.592269
v 0.093963 -0.722002 1.647509
v 0.009693 -0.726816 1.562151
v 0.199145 -0.683700 1.620075
v 0.169683 -0.900781 1.510063
v 0.035010 -0.846447 1.494196
v 0.255301 -0.808259 1.586643
v 0.159134 -0.814666 1.488571
v 0.024989 -0.344374 1.685122
v 0.021776 -0.368308 1.724096
v 0.126971 -0.409618 1.685672
v 0.057980 -0.474935 1.613627
v 0.040265 -0.398643 1.646616
v 0.055815 -0.435161 1.591064
v -0.042626 -0.406141 1.626686
v 0.123429 -0.373394 1.649500
vn 0.0475 -0.7221 -0.6902
vn 0.4057 -0.6632 -0.6289
vn 0.4339 -0.6421 -0.6320
vn 0.0006 -0.7119 -0.7023
vn -0.9283 0.3718 -0.0057
vn -0.7401 -0.4224 -0.5233
vn -0.7486 -0.4123 -0.5191
vn -0.9387 0.3448 -0.0010
vn -0.4596 0.6628 0.5911
vn 0.0199 0.7157 0.6981
vn -0.0192 0.8706 0.4917
vn -0.4354 0.8090 0.3950
vn -0.1600 0.4006 -0.9022
vn 0.3746 0.4923 -0.7857
vn 0.2886 0.7044 -0.6485
vn -0.1921 0.6022 -0.7749
vn -0.9849 -0.0643 -0.1605
vn -0.9505 0.2691 0.1556
vn -0.8768 0.4721 -0.0911
vn -0.9254 0.2436 -0.2903
vn 0.9809 0.1442 0.1304
vn 0.9929 -0.1144 0.0328
vn 0.8733 0.4452 -0.1978
vn 0.9299 0.3231 -0.1757
vn 0.9540 0.1012 0.2824
vn 0.9437 -0.2568 -0.2086
vn 0.9616 -0.2322 -0.1464
vn 0.9823 0.1079 0.1529
vn -0.9594 -0.2447 -0.1403
vn -0.9469 0.2628 0.1853
vn -0.9485 0.2661 0.1720
vn -0.9832 -0.1015 -0.1520
vn -0.3845 0.6897 0.6136
vn 0.0981 0.7103 0.6971
vn 0.0623 0.7072 0.7042
vn -0.4245 0.6745 0.6040
vn -0.1145 0.4430 -0.8892
vn 0.3099 0.5197 -0.7962
vn 0.3305 0.4805 -0.8123
vn -0.0609 0.4167 -0.9070
vn -0.7071 -0.5119 -0.4879
vn -0.9760 -0.2083 -0.0635
vn -0.9602 -0.1961 -0.1989
vn -0.7529 -0.4867 -0.4431
vn 0.9384 0.1216 0.3234
vn 0.9807 0.0090 0.1954
vn 0.9739 0.1403 0.1786
vn 0.9719 0.1454 0.1851
vn 0.9709 0.1726 0.1663
vn 0.9756 0.1585 0.1517
vn 0.9807 0.1917 -0.0388
vn 0.9251 0.3565 0.1307
vn -0.8787 -0.3790 -0.2904
vn -0.9627 -0.1583 -0.2193
vn -0.8611 0.0317 -0.5074
vn -0.8329 0.1446 -0.5343
vn -0.8352 -0.2550 -0.4873
vn -0.9825 0.1811 -0.0426
vn -0.9777 0.1760 0.1142
vn -0.7832 -0.3977 -0.4779
vn 0.9400 0.0079 -0.3410
vn 0.7059 0.6083 0.3628
vn 0.7051 0.5813 0.4062
vn 0.9607 -0.0387 -0.2747
vn -0.2885 0.8733 -0.3925
vn 0.1657 0.9330 -0.3194
vn 0.2353 0.9101 -0.3411
vn -0.3182 0.8431 -0.4336
vn 0.7080 0.4992 0.4995
vn 0.9542 0.2229 0.1994
vn 0.8615 0.5073 0.0211
vn 0.6731 0.7109 0.2041
vn 0.7386 0.4437 0.5076
vn 0.9716 0.0308 0.2347
vn 0.9585 0.1798 0.2212
vn 0.7252 0.4653 0.5075
vn -0.9362 -0.3089 -0.1677
vn -0.9796 -0.1885 -0.0697
vn -0.9705 -0.1529 -0.1867
vn -0.9684 -0.1666 -0.1856
vn -0.9689 -0.1444 -0.2012
vn -0.9740 -0.1244 -0.1893
vn -0.9776 0.0767 -0.1959
vn -0.9129 -0.1166 -0.3913
vn 0.0799 0.6939 0.7156
vn -0.3528 0.6725 0.6506
vn -0.3567 0.5571 0.7500
vn 0.1230 0.5950 0.7942
vn -0.1596 -0.9408 0.2989
vn 0.2089 -0.9055 0.3695
vn 0.3006 -0.9501 -0.0833
vn -0.0977 -0.9544 -0.2821
vn 0.8365 -0.3546 0.4178
vn 0.7375 0.3949 0.5478
vn 0.7450 0.4546 0.4882
vn 0.8141 -0.5247 0.2488
vn 0.1010 0.7245 0.6818
vn -0.3753 0.6795 0.6305
vn -0.3836 0.7912 0.4763
vn 0.0929 0.8725 0.4797
vn -0.9465 0.2124 0.2429
vn -0.8514 -0.5236 0.0320
vn -0.7687 -0.5784 -0.2730
vn -0.9498 0.2621 0.1708
vn -0.0134 -0.7507 -0.6605
vn 0.4122 -0.6686 -0.6189
vn 0.3717 -0.4373 -0.8189
vn -0.0475 -0.5813 -0.8123
vn 0.9325 -0.2951 -0.2081
vn 0.8360 -0.0065 0.5487
vn 0.7541 0.2794 0.5943
vn 0.9190 -0.1315 -0.3716
vn 0.0494 -0.0916 0.9946
vn -0.3108 -0.1186 0.9430
vn -0.3657 0.4215 0.8298
vn 0.0499 0.4155 0.9082
vn -0.9170 -0.2926 0.2710
vn -0.7035 -0.5642 -0.4322
vn -0.7311 -0.4636 -0.5005
vn -0.9270 0.0992 0.3618
vn -0.1172 -0.9515 0.2843
vn 0.2790 -0.8904 0.3598
vn 0.4373 -0.7589 -0.4825
vn -0.0270 -0.7999 -0.5995
vn 0.8793 -0.3313 0.3421
vn 0.7894 -0.0624 0.6107
vn 0.7412 0.3328 0.5830
vn 0.9615 -0.2586 -0.0931
vn 0.1084 -0.3075 0.9453
vn -0.2625 -0.4102 0.8734
vn -0.3708 0.1493 0.9166
vn 0.0508 0.3666 0.9290
vn -0.8651 -0.3991 0.3038
vn -0.7966 -0.6037 0.0298
vn -0.7586 -0.5014 -0.4161
vn -0.9103 -0.1214 0.3958
vn 0.0292 0.6968 0.7166
vn -0.4726 0.6189 0.6274
vn -0.4412 0.4055 0.8006
vn 0.0056 0.4749 0.8800
vn -0.1524 -0.3644 -0.9187
vn 0.3464 -0.3046 -0.8873
vn 0.3459 -0.5371 -0.7693
vn -0.1278 -0.5861 -0.8001
vn 0.1508 0.3994 0.9043
vn -0.3502 0.3461 0.8704
vn -0.2915 0.0622 0.9545
vn 0.1401 0.1171 0.9832
vn -0.1044 -0.3092 -0.9453
vn 0.3288 -0.2216 -0.9180
vn 0.3328 -0.2387 -0.9123
vn -0.1380 -0.3030 -0.9429
vn 0.0290 0.7736 0.6330
vn -0.4504 0.6781 0.5808
vn -0.4612 0.6964 0.5499
vn 0.0245 0.7735 0.6333
vn 0.9513 -0.2892 -0.1071
vn 0.7573 0.5523 0.3486
vn 0.7674 0.5267 0.3657
vn 0.9611 -0.2344 -0.1462
vn -0.9029 0.3702 0.2185
vn -0.7651 -0.1804 -0.6182
vn -0.7901 -0.1785 -0.5864
vn -0.9294 0.2627 0.2591
vn -0.0139 -0.5134 -0.8580
vn 0.4475 -0.4511 -0.7721
vn 0.4537 -0.5072 -0.7327
vn -0.0104 -0.5785 -0.8156
vn 0.0713 0.8983 0.4336
vn -0.4010 0.8433 0.3579
vn -0.4307 0.8103 0.3974
vn 0.0616 0.8632 0.5010
vn 0.8814 0.0642 -0.4680
vn 0.7397 0.5289 0.4160
vn 0.7790 0.4483 0.4384
vn 0.9033 0.0414 -0.4270
vn -0.9441 0.3135 0.1021
vn -0.7286 -0.2453 -0.6395
vn -0.7554 -0.3048 -0.5800
vn -0.9394 0.3225 0.1164
vn -0.0460 -0.7661 -0.6410
vn 0.4282 -0.7457 -0.5104
vn 0.4540 -0.6974 -0.5545
vn -0.0404 -0.7471 -0.6635
vn -0.2859 -0.8602 0.4224
vn 0.2561 -0.8024 0.5391
vn 0.0973 -0.1955 0.9759
vn -0.4447 -0.2533 0.8591
vn -0.2102 -0.9771 0.0324
vn 0.3867 -0.9171 0.0970
vn 0.2647 -0.5478 0.7936
vn -0.2585 -0.6196 0.7411
vn -0.1995 -0.9292 0.3111
vn 0.3471 -0.8443 0.4083
vn 0.1543 -0.2824 0.9468
vn -0.3738 -0.3644 0.8529
vn -0.9590 0.2715 0.0817
vn -0.7680 -0.4658 -0.4395
vn -0.7777 -0.6134 -0.1374
vn -0.9459 0.0287 0.3233
vn -0.0112 -0.6832 -0.7302
vn 0.4570 -0.6104 -0.6469
vn 0.4261 -0.7863 -0.4475
vn 0.0010 -0.8523 -0.5231
vn -0.9343 0.0717 0.3492
vn -0.8050 -0.2753 -0.5255
vn -0.7802 -0.5405 -0.3147
vn -0.8481 -0.2546 0.4647
vn 0.9570 -0.2819 -0.0680
vn 0.7662 0.4554 0.4533
vn 0.7051 0.2047 0.6789
vn 0.8724 -0.4375 0.2181
vn -0.9519 0.2228 0.2103
vn -0.7708 -0.4283 -0.4717
vn -0.7485 -0.6384 -0.1797
vn -0.9107 -0.0535 0.4097
vn 0.9316 -0.0533 -0.3596
vn 0.8051 0.2867 0.5192
vn 0.7805 -0.0359 0.6241
vn 0.9319 -0.3332 -0.1432
vn 0.0550 0.7994 0.5983
vn -0.4538 0.7451 0.4887
vn -0.4517 0.5549 0.6986
vn 0.0060 0.6037 0.7972
vn 0.9743 -0.1573 -0.1614
vn 0.7150 0.4817 0.5067
vn 0.6922 0.1954 0.6947
vn 0.9178 -0.3796 0.1166
vn -0.0547 -0.7969 -0.6016
vn 0.4544 -0.7427 -0.4919
vn 0.3934 -0.8797 -0.2670
vn -0.0644 -0.9286 -0.3656
vn -0.1644 0.4691 -0.8677
vn 0.3039 0.5689 -0.7642
vn 0.3303 0.4590 -0.8248
vn -0.1240 0.3763 -0.9181
vn 0.8878 0.3857 -0.2509
vn 0.8707 -0.4851 -0.0813
vn 0.7383 0.0837 0.6692
vn 0.8639 0.4513 -0.2238
vn 0.3454 -0.7700 -0.5364
vn 0.1230 -0.8455 -0.5196
vn -0.2363 -0.7511 0.6165
vn 0.1667 -0.5728 0.8026
vn -0.6987 -0.6617 -0.2717
vn -0.7966 0.0847 -0.5986
vn -0.7820 0.1246 -0.6106
vn -0.8831 -0.4061 0.2348
vn -0.1453 -0.4484 0.8819
vn -0.4240 -0.5582 0.7132
vn -0.3710 -0.6834 0.6288
vn -0.1478 -0.6534 0.7425
vn -0.0205 -0.2103 0.9774
vn -0.4020 -0.4020 0.8227
vn -0.4218 -0.4635 0.7793
vn -0.0832 -0.3136 0.9459
vn -0.9216 -0.2028 0.3310
vn -0.7483 0.2837 -0.5997
vn -0.6630 0.2907 -0.6899
vn -0.8995 -0.2846 0.3316
vn 0.7905 0.5826 -0.1887
vn 0.6269 0.2829 0.7259
vn 0.6503 0.1871 0.7363
vn 0.8178 0.5319 -0.2195
vn 0.1736 -0.7107 -0.6818
vn 0.5627 -0.6511 -0.5093
vn 0.1897 -0.9429 0.2738
vn -0.1553 -0.9641 0.2152
vn -0.8253 -0.4601 0.3273
vn -0.5250 0.2145 -0.8237
vn -0.3819 -0.1507 -0.9118
vn -0.6471 -0.7254 0.2349
vn 0.8839 0.3821 -0.2698
vn 0.6713 -0.0155 0.7410
vn 0.6716 -0.4649 0.5769
vn 0.9471 -0.0194 -0.3203
vn 0.0233 0.3333 -0.9425
vn 0.3792 0.3759 -0.8455
vn 0.4524 0.1533 -0.8785
vn 0.1525 0.1602 -0.9752
vn -0.4481 0.8934 0.0304
vn -0.0243 0.9997 -0.0049
vn -0.0379 0.3946 -0.9181
vn 0.1502 0.4553 -0.8776
vn -0.5458 0.7879 0.2852
vn 0.0532 0.9008 0.4310
vn 0.0097 0.7700 0.6379
vn -0.5658 0.6436 0.5154
vn 0.8663 0.4192 0.2717
vn 0.9927 0.0431 -0.1127
vn 0.9890 -0.0846 -0.1212
vn 0.8198 0.4148 0.3948
vn 0.4621 -0.3422 -0.8181
vn -0.1477 -0.3993 -0.9048
vn -0.1402 -0.6126 -0.7779
vn 0.4524 -0.5390 -0.7105
vn 0.0545 0.6699 -0.7404
vn -0.0622 0.6445 -0.7621
vn -0.1006 0.7577 -0.6448
vn 0.0186 0.7756 -0.6309
vn 0.2868 0.0832 -0.9544
vn -0.1139 -0.0908 -0.9893
vn -0.0064 0.9167 -0.3996
vn -0.2066 0.8914 -0.4034
vn -0.6878 -0.0504 -0.7241
vn -0.8638 0.4678 -0.1873
vn 0.2500 0.6431 -0.7238
vn 0.1906 0.8183 -0.5423
vn 0.6681 0.7440 -0.0105
vn 0.8252 0.2813 -0.4898
vn -0.4072 0.7007 -0.5858
vn -0.3352 0.4887 -0.8055
vt 0.375000 0.088033
vt 0.500000 0.108979
vt 0.500000 0.169080
vt 0.375000 0.169016
vt 0.625000 0.088033
vt 0.625000 0.169016
vt 0.625000 0.250000
vt 0.500000 0.229583
vt 0.375000 0.250000
vt 0.429925 0.479096
vt 0.403647 0.456782
vt 0.406838 0.456782
vt 0.432246 0.477959
vt 0.429925 0.434468
vt 0.432246 0.435605
vt 0.432577 0.435768
vt 0.407294 0.456782
vt 0.432577 0.477796
vt 0.402261 0.649645
vt 0.500000 0.649645
vt 0.500000 0.704421
vt 0.399989 0.704438
vt 0.597739 0.649645
vt 0.600011 0.704438
vt 0.625000 0.750000
vt 0.500000 0.749778
vt 0.375000 0.750000
vt 0.375000 0.922872
vt 0.500000 0.933585
vt 0.500000 0.962507
vt 0.375000 0.961436
vt 0.625000 0.922872
vt 0.625000 0.961436
vt 0.625000 1.000000
vt 0.500000 1.000000
vt 0.375000 1.000000
vt 0.288564 0.649645
vt 0.335190 0.649645
vt 0.334622 0.704444
vt 0.288564 0.704138
vt 0.331782 0.750000
vt 0.288564 0.750000
vt 0.796321 0.649645
vt 0.836242 0.650672
vt 0.836275 0.704700
vt 0.796450 0.704138
vt 0.875000 0.661967
vt 0.875000 0.705984
vt 0.875000 0.750000
vt 0.836436 0.750000
vt 0.797872 0.750000
vt 0.797872 0.500000
vt 0.836436 0.500000
vt 0.836275 0.579700
vt 0.796450 0.579443
vt 0.875000 0.500000
vt 0.875000 0.580984
vt 0.288564 0.500000
vt 0.331782 0.500000
vt 0.334622 0.579443
vt 0.288564 0.579443
vt 0.375000 0.500000
vt 0.399989 0.579965
vt 0.500000 0.520352
vt 0.500000 0.581531
vt 0.625000 0.500000
vt 0.600011 0.579965
vt 0.424720 0.018619
vt 0.500000 0.009095
vt 0.500000 0.010045
vt 0.426129 0.019310
vt 0.575280 0.018619
vt 0.573871 0.019310
vt 0.573670 0.019408
vt 0.500000 0.010180
vt 0.426330 0.019408
vt 0.125000 0.500000
vt 0.163564 0.500000
vt 0.163725 0.579700
vt 0.125000 0.580984
vt 0.202128 0.500000
vt 0.203550 0.579443
vt 0.203679 0.649645
vt 0.163758 0.650672
vt 0.125000 0.661967
vt 0.711436 0.500000
vt 0.754654 0.500000
vt 0.754493 0.579443
vt 0.711436 0.579443
vt 0.754460 0.649645
vt 0.711436 0.649645
vt 0.754493 0.703221
vt 0.711436 0.704138
vt 0.754622 0.737773
vt 0.711436 0.750000
vt 0.163725 0.704700
vt 0.125000 0.705984
vt 0.203550 0.704138
vt 0.202128 0.750000
vt 0.163564 0.750000
vt 0.125000 0.750000
vt 0.245378 0.737773
vt 0.245346 0.748777
vt 0.202128 0.750000
vt 0.288564 0.750000
vt 0.245346 0.750000
vt 0.570075 0.348032
vt 0.596353 0.370346
vt 0.593162 0.370346
vt 0.567754 0.349169
vt 0.570075 0.392660
vt 0.567754 0.391522
vt 0.567423 0.391360
vt 0.592707 0.370346
vt 0.567423 0.349332
vt 0.500000 0.791995
vt 0.375000 0.793218
vt 0.625000 0.793218
vt 0.625000 0.836436
vt 0.500000 0.824431
vt 0.375000 0.836436
vt 0.664811 0.649645
vt 0.665379 0.704444
vt 0.668218 0.750000
vt 0.668218 0.500000
vt 0.665378 0.579443
vt 0.245346 0.500000
vt 0.245507 0.579443
vt 0.245540 0.649645
vt 0.245507 0.703221
vt 0.570075 0.307775
vt 0.500000 0.314979
vt 0.500000 0.313415
vt 0.567755 0.306638
vt 0.429925 0.307775
vt 0.432246 0.306638
vt 0.432577 0.306475
vt 0.500000 0.313192
vt 0.567423 0.306475
vt 0.375000 0.413564
vt 0.500000 0.413564
vt 0.500000 0.421703
vt 0.420818 0.430506
vt 0.625000 0.413564
vt 0.579182 0.430506
vt 0.570075 0.434468
vt 0.500000 0.426100
vt 0.625000 0.456782
vt 0.605837 0.456782
vt 0.579182 0.483580
vt 0.570075 0.479096
vt 0.596353 0.456782
vt 0.500000 0.520352
vt 0.500000 0.493948
vt 0.420818 0.483580
vt 0.500000 0.487464
vt 0.375000 0.456782
vt 0.394163 0.456782
vt 0.403647 0.456782
vt 0.500000 0.255729
vt 0.420818 0.264998
vt 0.579182 0.264998
vt 0.570075 0.269353
vt 0.500000 0.262149
vt 0.429925 0.269353
vt 0.625000 0.288564
vt 0.605837 0.288564
vt 0.625000 0.327128
vt 0.579182 0.311608
vt 0.596353 0.288564
vt 0.500000 0.327192
vt 0.500000 0.319312
vt 0.375000 0.327128
vt 0.420818 0.311608
vt 0.429925 0.307775
vt 0.500000 0.314979
vt 0.375000 0.288564
vt 0.394163 0.288564
vt 0.403647 0.288564
vt 0.500000 0.327192
vt 0.500000 0.335267
vt 0.420818 0.344070
vt 0.579182 0.344070
vt 0.570075 0.348032
vt 0.500000 0.339664
vt 0.429925 0.348032
vt 0.625000 0.370346
vt 0.605837 0.370346
vt 0.579182 0.396622
vt 0.596353 0.370346
vt 0.500000 0.413564
vt 0.500000 0.405425
vt 0.420818 0.396622
vt 0.429925 0.392660
vt 0.500000 0.401027
vt 0.375000 0.370346
vt 0.394163 0.370346
vt 0.403647 0.370346
vt 0.567423 0.391360
vt 0.500000 0.399240
vt 0.500000 0.398024
vt 0.564536 0.390460
vt 0.432577 0.391360
vt 0.435464 0.390460
vt 0.449433 0.386106
vt 0.500000 0.389560
vt 0.550567 0.386106
vt 0.432577 0.270652
vt 0.500000 0.263936
vt 0.500000 0.264972
vt 0.435464 0.271419
vt 0.567423 0.270653
vt 0.564536 0.271420
vt 0.550567 0.275130
vt 0.500000 0.272187
vt 0.449433 0.275130
vt 0.567423 0.306475
vt 0.500000 0.313192
vt 0.500000 0.312155
vt 0.564536 0.305708
vt 0.435464 0.305708
vt 0.449433 0.301997
vt 0.500000 0.304941
vt 0.550567 0.301997
vt 0.429925 0.269353
vt 0.500000 0.262149
vt 0.500000 0.263712
vt 0.432246 0.270490
vt 0.567754 0.270490
vt 0.567423 0.270653
vt 0.500000 0.263936
vt 0.500000 0.401027
vt 0.500000 0.399464
vt 0.429925 0.392660
vt 0.432246 0.391522
vt 0.500000 0.399240
vt 0.596353 0.456782
vt 0.593162 0.456782
vt 0.567754 0.435605
vt 0.570075 0.479096
vt 0.567754 0.477959
vt 0.567423 0.477796
vt 0.592707 0.456782
vt 0.567423 0.435768
vt 0.403647 0.288564
vt 0.406838 0.288564
vt 0.407293 0.288564
vt 0.500000 0.339664
vt 0.500000 0.341228
vt 0.432246 0.349169
vt 0.500000 0.341451
vt 0.432577 0.349332
vt 0.500000 0.487464
vt 0.500000 0.485900
vt 0.500000 0.485677
vt 0.596353 0.288564
vt 0.593162 0.288564
vt 0.592707 0.288564
vt 0.403647 0.370346
vt 0.406838 0.370346
vt 0.407294 0.370346
vt 0.500000 0.426100
vt 0.500000 0.427664
vt 0.500000 0.427887
vt 0.449433 0.441021
vt 0.500000 0.437568
vt 0.500000 0.456782
vt 0.438352 0.456782
vt 0.550567 0.441021
vt 0.561648 0.456782
vt 0.550567 0.472543
vt 0.500000 0.475996
vt 0.449433 0.472543
vt 0.500000 0.288564
vt 0.438352 0.288564
vt 0.561648 0.288564
vt 0.500000 0.304941
vt 0.449433 0.354585
vt 0.500000 0.351131
vt 0.500000 0.370346
vt 0.438352 0.370346
vt 0.550567 0.354585
vt 0.561648 0.370346
vt 0.500000 0.389560
vt 0.432577 0.477796
vt 0.407294 0.456782
vt 0.411195 0.456782
vt 0.435464 0.476896
vt 0.432577 0.435768
vt 0.435464 0.436668
vt 0.438352 0.456782
vt 0.432577 0.349332
vt 0.500000 0.341451
vt 0.500000 0.342667
vt 0.435464 0.350232
vt 0.567423 0.349332
vt 0.564536 0.350231
vt 0.407293 0.288564
vt 0.411195 0.288564
vt 0.438352 0.288564
vt 0.592707 0.456782
vt 0.588805 0.456782
vt 0.564536 0.436668
vt 0.564536 0.476896
vt 0.561648 0.456782
vt 0.407294 0.370346
vt 0.411195 0.370346
vt 0.438352 0.370346
vt 0.592707 0.288564
vt 0.588805 0.288564
vt 0.500000 0.485677
vt 0.500000 0.484460
vt 0.500000 0.475996
vt 0.592707 0.370346
vt 0.588805 0.370346
vt 0.561648 0.370346
vt 0.500000 0.427887
vt 0.500000 0.429104
vt 0.375000 0.000000
vt 0.500000 0.000000
vt 0.500000 0.006177
vt 0.417825 0.015719
vt 0.625000 0.000000
vt 0.582175 0.015719
vt 0.575281 0.018619
vt 0.500000 0.009095
vt 0.424720 0.018619
vt 0.625000 0.044016
vt 0.609953 0.044016
vt 0.582175 0.072852
vt 0.575280 0.069414
vt 0.603511 0.044016
vt 0.500000 0.084006
vt 0.417825 0.072852
vt 0.424720 0.069414
vt 0.500000 0.078938
vt 0.375000 0.044016
vt 0.390047 0.044016
vt 0.396489 0.044016
vt 0.573670 0.068624
vt 0.500000 0.077852
vt 0.500000 0.076428
vt 0.570515 0.067571
vt 0.426330 0.068624
vt 0.429485 0.067571
vt 0.444748 0.062472
vt 0.500000 0.066517
vt 0.555252 0.062472
vt 0.575280 0.069414
vt 0.500000 0.078938
vt 0.500000 0.077988
vt 0.573871 0.068723
vt 0.424720 0.069414
vt 0.426129 0.068723
vt 0.500000 0.077852
vt 0.573670 0.068624
vt 0.396490 0.044016
vt 0.398427 0.044016
vt 0.398704 0.044016
vt 0.603511 0.044016
vt 0.601573 0.044016
vt 0.601296 0.044016
vt 0.444748 0.025560
vt 0.500000 0.021516
vt 0.500000 0.044016
vt 0.432640 0.044016
vt 0.555252 0.025560
vt 0.567360 0.044016
vt 0.500000 0.066517
vt 0.398704 0.044016
vt 0.402967 0.044016
vt 0.429485 0.020462
vt 0.432640 0.044016
vt 0.601296 0.044016
vt 0.597033 0.044016
vt 0.570515 0.020462
vt 0.567360 0.044016
vt 0.500000 0.010180
vt 0.500000 0.011604
vt 0.500000 0.836436
vt 0.500000 0.837637
vt 0.375000 0.836436
vt 0.625000 0.836436
vt 0.500000 0.848441
vt 0.500000 0.835236
vt 0.754654 0.748777
vt 0.711436 0.750000
vt 0.797872 0.750000
vt 0.754654 0.750000
vt 0.500000 0.933585
vt 0.500000 0.923944
vt 0.625000 0.922872
vt 0.375000 0.922872
vt 0.500000 0.922872
vt 0.500000 0.879654
vt 0.375000 0.879654
vt 0.625000 0.879654
vt 0.500000 0.910867
vt 0.500000 0.921672
vt 0.500000 0.910867
vt 0.245346 0.750000
vt 0.288564 0.750000
vt 0.202128 0.750000
vt 0.797872 0.750000
vt 0.754654 0.750000
vt 0.711436 0.750000
s 0
usemtl gloves
f 917/541/1212 1008/542/1212 1145/543/1212 1001/544/1212
f 1008/542/1213 918/545/1213 991/546/1213 1145/543/1213
f 1145/543/1214 991/546/1214 912/547/1214 992/548/1214
f 1001/544/1215 1145/543/1215 992/548/1215 911/549/1215
f 936/550/1216 1034/551/1216 1146/552/1216 1074/553/1216
f 1034/551/1217 933/554/1217 1073/555/1217 1146/552/1217
f 1146/552/1218 1073/555/1218 946/556/1218 1058/557/1218
f 1074/553/1219 1146/552/1219 1058/557/1219 947/558/1219
f 919/559/1220 1007/560/1220 1147/561/1220 1003/562/1220
f 1007/560/1221 920/563/1221 997/564/1221 1147/561/1221
f 1147/561/1222 997/564/1222 914/565/1222 998/566/1222
f 1003/562/1223 1147/561/1223 998/566/1223 913/567/1223
f 923/568/1224 1019/569/1224 1148/570/1224 1011/571/1224
f 1019/569/1225 924/572/1225 1000/573/1225 1148/570/1225
f 1148/570/1226 1000/573/1226 910/574/1226 990/575/1226
f 1011/571/1227 1148/570/1227 990/575/1227 909/576/1227
f 932/577/1228 1026/578/1228 1149/579/1228 1031/580/1228
f 1026/578/1229 919/559/1229 1003/562/1229 1149/579/1229
f 1149/579/1230 1003/562/1230 913/567/1230 999/581/1230
f 1031/580/1231 1149/579/1231 999/581/1231 928/582/1231
f 925/583/1232 1013/584/1232 1150/585/1232 1017/586/1232
f 1013/584/1233 918/587/1233 1002/588/1233 1150/585/1233
f 1150/585/1234 1002/588/1234 910/589/1234 1000/590/1234
f 1017/586/1235 1150/585/1235 1000/590/1235 924/591/1235
f 922/592/1236 1010/593/1236 1151/594/1236 1016/595/1236
f 1010/593/1237 912/596/1237 991/597/1237 1151/594/1237
f 1151/594/1238 991/597/1238 918/587/1238 1013/584/1238
f 1016/595/1239 1151/594/1239 1013/584/1239 925/583/1239
f 930/598/1240 1024/599/1240 1152/600/1240 1030/601/1240
f 1024/599/1241 915/602/1241 996/603/1241 1152/600/1241
f 1152/600/1242 996/603/1242 919/559/1242 1026/578/1242
f 1030/601/1243 1152/600/1243 1026/578/1243 932/577/1243
f 915/602/1244 995/604/1244 1153/605/1244 996/603/1244
f 995/604/1245 916/606/1245 1004/607/1245 1153/605/1245
f 1153/605/1246 1004/607/1246 920/563/1246 1007/560/1246
f 996/603/1247 1153/605/1247 1007/560/1247 919/559/1247
f 969/608/1248 1105/609/1248 1154/610/1248 1118/611/1248
f 1105/609/1249 970/612/1249 1117/613/1249 1154/610/1249
f 1154/610/1250 1117/613/1250 974/614/1250 1113/615/1250
f 1118/611/1251 1154/610/1251 1113/615/1251 973/616/1251
f 911/617/1252 993/618/1252 1155/619/1252 1001/620/1252
f 993/618/1253 921/621/1253 1015/622/1253 1155/619/1253
f 1155/619/1254 1015/622/1254 926/623/1254 1006/624/1254
f 1001/620/1255 1155/619/1255 1006/624/1255 917/625/1255
f 927/626/1256 1021/627/1256 1156/628/1256 1029/629/1256
f 1021/627/1257 922/592/1257 1016/595/1257 1156/628/1257
f 1156/628/1258 1016/595/1258 925/583/1258 1023/630/1258
f 1029/629/1259 1156/628/1259 1023/630/1259 929/631/1259
f 929/631/1260 1023/630/1260 1157/632/1260 1028/633/1260
f 1023/630/1261 925/583/1261 1017/586/1261 1157/632/1261
f 1157/632/1262 1017/586/1262 924/591/1262 1012/634/1262
f 1028/633/1263 1157/632/1263 1012/634/1263 931/635/1263
f 917/625/1264 1006/624/1264 1158/636/1264 989/637/1264
f 1006/624/1265 926/623/1265 1018/638/1265 1158/636/1265
f 1158/636/1266 1018/638/1266 923/639/1266 1011/640/1266
f 989/637/1267 1158/636/1267 1011/640/1267 909/641/1267
f 923/639/1268 1022/642/1268 1159/643/1268 1134/644/1268
f 1022/642/1269 928/582/1269 1133/645/1269 1159/643/1269
f 1159/643/1270 1133/645/1270 984/582/1270 1131/646/1270
f 1134/644/1271 1159/643/1271 1131/646/1271 983/639/1271
f 942/647/1272 1051/648/1272 1160/649/1272 1072/650/1272
f 1051/648/1273 943/651/1273 1071/652/1273 1160/649/1273
f 1160/649/1274 1071/652/1274 956/653/1274 1067/654/1274
f 1072/650/1275 1160/649/1275 1067/654/1275 953/655/1275
f 913/567/1276 998/566/1276 1161/656/1276 999/657/1276
f 998/566/1277 914/565/1277 1025/658/1277 1161/656/1277
f 1161/656/1278 1025/658/1278 931/659/1278 1027/660/1278
f 999/657/1279 1161/656/1279 1027/660/1279 928/661/1279
f 920/563/1280 1005/662/1280 1162/663/1280 997/564/1280
f 1005/662/1281 929/631/1281 1028/633/1281 1162/663/1281
f 1162/663/1282 1028/633/1282 931/635/1282 1025/664/1282
f 997/564/1283 1162/663/1283 1025/664/1283 914/565/1283
f 916/606/1284 994/665/1284 1163/666/1284 1004/607/1284
f 994/665/1285 927/626/1285 1029/629/1285 1163/666/1285
f 1163/666/1286 1029/629/1286 929/631/1286 1005/662/1286
f 1004/607/1287 1163/666/1287 1005/662/1287 920/563/1287
f 921/621/1288 1009/667/1288 1164/668/1288 1015/622/1288
f 1009/667/1289 930/598/1289 1030/601/1289 1164/668/1289
f 1164/668/1290 1030/601/1290 932/577/1290 1014/669/1290
f 1015/622/1291 1164/668/1291 1014/669/1291 926/623/1291
f 926/623/1292 1014/669/1292 1165/670/1292 1018/638/1292
f 1014/669/1293 932/577/1293 1031/580/1293 1165/670/1293
f 1165/670/1294 1031/580/1294 928/582/1294 1022/642/1294
f 1018/638/1295 1165/670/1295 1022/642/1295 923/639/1295
f 939/671/1296 1044/672/1296 1166/673/1296 1070/674/1296
f 1044/672/1297 940/675/1297 1069/676/1297 1166/673/1297
f 1166/673/1298 1069/676/1298 951/677/1298 1064/678/1298
f 1070/674/1299 1166/673/1299 1064/678/1299 952/679/1299
f 930/680/1300 1032/681/1300 1167/682/1300 1037/683/1300
f 1032/681/1301 927/684/1301 1038/685/1301 1167/682/1301
f 1167/682/1302 1038/685/1302 934/686/1302 1033/687/1302
f 1037/683/1303 1167/682/1303 1033/687/1303 933/554/1303
f 927/684/1304 994/688/1304 1168/689/1304 1038/685/1304
f 994/688/1305 916/606/1305 1039/690/1305 1168/689/1305
f 1168/689/1306 1039/690/1306 935/691/1306 1035/692/1306
f 1038/685/1307 1168/689/1307 1035/692/1307 934/686/1307
f 916/606/1308 995/693/1308 1169/694/1308 1039/690/1308
f 995/693/1309 915/602/1309 1040/695/1309 1169/694/1309
f 1169/694/1310 1040/695/1310 936/550/1310 1036/696/1310
f 1039/690/1311 1169/694/1311 1036/696/1311 935/691/1311
f 915/602/1312 1024/697/1312 1170/698/1312 1040/695/1312
f 1024/697/1313 930/680/1313 1037/683/1313 1170/698/1313
f 1170/698/1314 1037/683/1314 933/554/1314 1034/699/1314
f 1040/695/1315 1170/698/1315 1034/699/1315 936/550/1315
f 911/549/1316 992/548/1316 1171/700/1316 1045/701/1316
f 992/548/1317 912/547/1317 1046/702/1317 1171/700/1317
f 1171/700/1318 1046/702/1318 938/703/1318 1041/704/1318
f 1045/701/1319 1171/700/1319 1041/704/1319 937/705/1319
f 912/547/1320 1010/706/1320 1172/707/1320 1046/702/1320
f 1010/706/1321 922/708/1321 1047/709/1321 1172/707/1321
f 1172/707/1322 1047/709/1322 939/671/1322 1043/710/1322
f 1046/702/1323 1172/707/1323 1043/710/1323 938/703/1323
f 922/708/1324 1020/711/1324 1173/712/1324 1047/709/1324
f 1020/711/1325 921/713/1325 1048/714/1325 1173/712/1325
f 1173/712/1326 1048/714/1326 940/715/1326 1044/716/1326
f 1047/709/1327 1173/712/1327 1044/716/1327 939/671/1327
f 921/713/1328 993/717/1328 1174/718/1328 1048/714/1328
f 993/717/1329 911/549/1329 1045/701/1329 1174/718/1329
f 1174/718/1330 1045/701/1330 937/705/1330 1042/719/1330
f 1048/714/1331 1174/718/1331 1042/719/1331 940/715/1331
f 921/713/1332 1020/720/1332 1175/721/1332 1053/722/1332
f 1020/720/1333 922/708/1333 1054/723/1333 1175/721/1333
f 1175/721/1334 1054/723/1334 942/724/1334 1049/725/1334
f 1053/722/1335 1175/721/1335 1049/725/1335 941/726/1335
f 922/708/1336 1021/727/1336 1176/728/1336 1054/723/1336
f 1021/727/1337 927/684/1337 1055/729/1337 1176/728/1337
f 1176/728/1338 1055/729/1338 943/651/1338 1051/730/1338
f 1054/723/1339 1176/728/1339 1051/730/1339 942/724/1339
f 927/684/1340 1032/731/1340 1177/732/1340 1055/729/1340
f 1032/731/1341 930/680/1341 1056/733/1341 1177/732/1341
f 1177/732/1342 1056/733/1342 944/734/1342 1052/735/1342
f 1055/729/1343 1177/732/1343 1052/735/1343 943/651/1343
f 930/680/1344 1009/736/1344 1178/737/1344 1056/733/1344
f 1009/736/1345 921/713/1345 1053/722/1345 1178/737/1345
f 1178/737/1346 1053/722/1346 941/726/1346 1050/738/1346
f 1056/733/1347 1178/737/1347 1050/738/1347 944/734/1347
f 956/739/1348 1068/740/1348 1179/741/1348 1098/742/1348
f 1068/740/1349 955/743/1349 1097/744/1349 1179/741/1349
f 1179/741/1350 1097/744/1350 967/745/1350 1092/746/1350
f 1098/742/1351 1179/741/1351 1092/746/1351 968/747/1351
f 950/748/1352 1061/749/1352 1180/750/1352 1096/751/1352
f 1061/749/1353 949/752/1353 1095/753/1353 1180/750/1353
f 1180/750/1354 1095/753/1354 961/754/1354 1085/755/1354
f 1096/751/1355 1180/750/1355 1085/755/1355 962/756/1355
f 952/757/1356 1064/758/1356 1181/759/1356 1094/760/1356
f 1064/758/1357 951/677/1357 1093/761/1357 1181/759/1357
f 1181/759/1358 1093/761/1358 963/762/1358 1088/763/1358
f 1094/760/1359 1181/759/1359 1088/763/1359 964/764/1359
f 937/765/1360 1041/766/1360 1182/767/1360 1076/768/1360
f 1041/766/1361 938/703/1361 1075/769/1361 1182/767/1361
f 1182/767/1362 1075/769/1362 949/770/1362 1061/771/1362
f 1076/768/1363 1182/767/1363 1061/771/1363 950/748/1363
f 943/651/1364 1052/772/1364 1183/773/1364 1071/652/1364
f 1052/772/1365 944/774/1365 1077/775/1365 1183/773/1365
f 1183/773/1366 1077/775/1366 955/743/1366 1068/776/1366
f 1071/652/1367 1183/773/1367 1068/776/1367 956/653/1367
f 934/686/1368 1035/777/1368 1184/778/1368 1079/779/1368
f 1035/777/1369 935/780/1369 1078/781/1369 1184/778/1369
f 1184/778/1370 1078/781/1370 948/782/1370 1059/783/1370
f 1079/779/1371 1184/778/1371 1059/783/1371 945/784/1371
f 940/675/1372 1042/785/1372 1185/786/1372 1069/676/1372
f 1042/785/1373 937/765/1373 1076/768/1373 1185/786/1373
f 1185/786/1374 1076/768/1374 950/748/1374 1062/787/1374
f 1069/676/1375 1185/786/1375 1062/787/1375 951/677/1375
f 941/726/1376 1049/788/1376 1186/789/1376 1080/790/1376
f 1049/788/1377 942/647/1377 1072/650/1377 1186/789/1377
f 1186/789/1378 1072/650/1378 953/655/1378 1065/791/1378
f 1080/790/1379 1186/789/1379 1065/791/1379 954/792/1379
f 935/780/1380 1036/793/1380 1187/794/1380 1078/781/1380
f 1036/793/1381 936/550/1381 1074/553/1381 1187/794/1381
f 1187/794/1382 1074/553/1382 947/558/1382 1060/795/1382
f 1078/781/1383 1187/794/1383 1060/795/1383 948/782/1383
f 938/703/1384 1043/796/1384 1188/797/1384 1075/769/1384
f 1043/796/1385 939/671/1385 1070/674/1385 1188/797/1385
f 1188/797/1386 1070/674/1386 952/679/1386 1063/798/1386
f 1075/769/1387 1188/797/1387 1063/798/1387 949/770/1387
f 944/774/1388 1050/799/1388 1189/800/1388 1077/775/1388
f 1050/799/1389 941/726/1389 1080/790/1389 1189/800/1389
f 1189/800/1390 1080/790/1390 954/792/1390 1066/801/1390
f 1077/775/1391 1189/800/1391 1066/801/1391 955/743/1391
f 933/554/1392 1033/802/1392 1190/803/1392 1073/555/1392
f 1033/802/1393 934/686/1393 1079/779/1393 1190/803/1393
f 1190/803/1394 1079/779/1394 945/784/1394 1057/804/1394
f 1073/555/1395 1190/803/1395 1057/804/1395 946/556/1395
f 958/805/1396 1081/806/1396 1191/807/1396 1082/808/1396
f 1081/806/1397 957/809/1397 1083/810/1397 1191/807/1397
f 1191/807/1398 1083/810/1398 960/811/1398 1084/812/1398
f 1082/808/1399 1191/807/1399 1084/812/1399 959/813/1399
f 962/756/1400 1085/755/1400 1192/814/1400 1086/815/1400
f 1085/755/1401 961/754/1401 1087/816/1401 1192/814/1401
f 1192/814/1402 1087/816/1402 964/764/1402 1088/817/1402
f 1086/815/1403 1192/814/1403 1088/817/1403 963/762/1403
f 966/818/1404 1089/819/1404 1193/820/1404 1090/821/1404
f 1089/819/1405 965/822/1405 1091/823/1405 1193/820/1405
f 1193/820/1406 1091/823/1406 968/747/1406 1092/824/1406
f 1090/821/1407 1193/820/1407 1092/824/1407 967/745/1407
f 947/825/1408 1058/826/1408 1194/827/1408 1100/828/1408
f 1058/826/1409 946/829/1409 1099/830/1409 1194/827/1409
f 1194/827/1410 1099/830/1410 958/805/1410 1082/831/1410
f 1100/828/1411 1194/827/1411 1082/831/1411 959/813/1411
f 954/832/1412 1065/833/1412 1195/834/1412 1102/835/1412
f 1065/833/1413 953/836/1413 1101/837/1413 1195/834/1413
f 1195/834/1414 1101/837/1414 965/822/1414 1089/819/1414
f 1102/835/1415 1195/834/1415 1089/819/1415 966/818/1415
f 951/677/1416 1062/838/1416 1196/839/1416 1093/761/1416
f 1062/838/1417 950/748/1417 1096/751/1417 1196/839/1417
f 1196/839/1418 1096/751/1418 962/756/1418 1086/840/1418
f 1093/761/1419 1196/839/1419 1086/840/1419 963/762/1419
f 945/784/1420 1059/841/1420 1197/842/1420 1104/843/1420
f 1059/841/1421 948/782/1421 1103/844/1421 1197/842/1421
f 1197/842/1422 1103/844/1422 960/811/1422 1083/845/1422
f 1104/843/1423 1197/842/1423 1083/845/1423 957/809/1423
f 955/743/1424 1066/846/1424 1198/847/1424 1097/744/1424
f 1066/846/1425 954/832/1425 1102/835/1425 1198/847/1425
f 1198/847/1426 1102/835/1426 966/818/1426 1090/848/1426
f 1097/744/1427 1198/847/1427 1090/848/1427 967/745/1427
f 949/752/1428 1063/849/1428 1199/850/1428 1095/753/1428
f 1063/849/1429 952/757/1429 1094/760/1429 1199/850/1429
f 1199/850/1430 1094/760/1430 964/764/1430 1087/816/1430
f 1095/753/1431 1199/850/1431 1087/816/1431 961/754/1431
f 948/782/1432 1060/851/1432 1200/852/1432 1103/844/1432
f 1060/851/1433 947/825/1433 1100/828/1433 1200/852/1433
f 1200/852/1434 1100/828/1434 959/813/1434 1084/853/1434
f 1103/844/1435 1200/852/1435 1084/853/1435 960/811/1435
f 953/836/1436 1067/854/1436 1201/855/1436 1101/837/1436
f 1067/854/1437 956/739/1437 1098/742/1437 1201/855/1437
f 1201/855/1438 1098/742/1438 968/747/1438 1091/856/1438
f 1101/837/1439 1201/855/1439 1091/856/1439 965/822/1439
f 946/829/1440 1057/857/1440 1202/858/1440 1099/830/1440
f 1057/857/1441 945/784/1441 1104/843/1441 1202/858/1441
f 1202/858/1442 1104/843/1442 957/809/1442 1081/806/1442
f 1099/830/1443 1202/858/1443 1081/806/1443 958/805/1443
f 909/859/1444 990/860/1444 1203/861/1444 1109/862/1444
f 990/860/1445 910/863/1445 1110/864/1445 1203/861/1445
f 1203/861/1446 1110/864/1446 970/865/1446 1105/866/1446
f 1109/862/1447 1203/861/1447 1105/866/1447 969/867/1447
f 910/863/1448 1002/868/1448 1204/869/1448 1110/864/1448
f 1002/868/1449 918/545/1449 1111/870/1449 1204/869/1449
f 1204/869/1450 1111/870/1450 971/871/1450 1107/872/1450
f 1110/864/1451 1204/869/1451 1107/872/1451 970/865/1451
f 918/545/1452 1008/542/1452 1205/873/1452 1111/870/1452
f 1008/542/1453 917/541/1453 1112/874/1453 1205/873/1453
f 1205/873/1454 1112/874/1454 972/875/1454 1108/876/1454
f 1111/870/1455 1205/873/1455 1108/876/1455 971/871/1455
f 917/541/1456 989/877/1456 1206/878/1456 1112/874/1456
f 989/877/1457 909/859/1457 1109/862/1457 1206/878/1457
f 1206/878/1458 1109/862/1458 969/867/1458 1106/879/1458
f 1112/874/1459 1206/878/1459 1106/879/1459 972/875/1459
f 976/880/1460 1116/881/1460 1207/882/1460 1126/883/1460
f 1116/881/1461 975/884/1461 1125/885/1461 1207/882/1461
f 1207/882/1462 1125/885/1462 979/886/1462 1124/887/1462
f 1126/883/1463 1207/882/1463 1124/887/1463 980/888/1463
f 971/889/1464 1108/890/1464 1208/891/1464 1120/892/1464
f 1108/890/1465 972/893/1465 1119/894/1465 1208/891/1465
f 1208/891/1466 1119/894/1466 975/884/1466 1116/895/1466
f 1120/892/1467 1208/891/1467 1116/895/1467 976/896/1467
f 972/893/1468 1106/897/1468 1209/898/1468 1119/894/1468
f 1106/897/1469 969/608/1469 1118/611/1469 1209/898/1469
f 1209/898/1470 1118/611/1470 973/616/1470 1114/899/1470
f 1119/894/1471 1209/898/1471 1114/899/1471 975/884/1471
f 970/612/1472 1107/900/1472 1210/901/1472 1117/613/1472
f 1107/900/1473 971/889/1473 1120/892/1473 1210/901/1473
f 1210/901/1474 1120/892/1474 976/896/1474 1115/902/1474
f 1117/613/1475 1210/901/1475 1115/902/1475 974/614/1475
f 977/903/1476 1121/904/1476 1211/905/1476 1122/906/1476
f 1121/904/1477 978/907/1477 1123/908/1477 1211/905/1477
f 1211/905/1478 1123/908/1478 980/888/1478 1124/909/1478
f 1122/906/1479 1211/905/1479 1124/909/1479 979/886/1479
f 975/884/1480 1114/910/1480 1212/911/1480 1125/885/1480
f 1114/910/1481 973/616/1481 1127/912/1481 1212/911/1481
f 1212/911/1482 1127/912/1482 977/903/1482 1122/913/1482
f 1125/885/1483 1212/911/1483 1122/913/1483 979/886/1483
f 974/614/1484 1115/914/1484 1213/915/1484 1128/916/1484
f 1115/914/1485 976/880/1485 1126/883/1485 1213/915/1485
f 1213/915/1486 1126/883/1486 980/888/1486 1123/917/1486
f 1128/916/1487 1213/915/1487 1123/917/1487 978/907/1487
f 973/616/1488 1113/918/1488 1214/919/1488 1127/912/1488
f 1113/918/1489 974/614/1489 1128/916/1489 1214/919/1489
f 1214/919/1490 1128/916/1490 978/907/1490 1121/904/1490
f 1127/912/1491 1214/919/1491 1121/904/1491 977/903/1491
f 984/661/1492 1132/920/1492 1215/921/1492 1142/922/1492
f 1132/920/1493 981/659/1493 1141/923/1493 1215/921/1493
f 1215/921/1494 1141/923/1494 985/659/1494 1140/924/1494
f 1142/922/1495 1215/921/1495 1140/924/1495 988/661/1495
f 928/661/1496 1027/660/1496 1216/925/1496 1133/922/1496
f 1027/660/1497 931/659/1497 1135/923/1497 1216/925/1497
f 1216/925/1498 1135/923/1498 981/659/1498 1132/920/1498
f 1133/922/1499 1216/925/1499 1132/920/1499 984/661/1499
f 931/635/1500 1012/634/1500 1217/926/1500 1135/927/1500
f 1012/634/1501 924/591/1501 1136/928/1501 1217/926/1501
f 1217/926/1502 1136/928/1502 982/591/1502 1129/929/1502
f 1135/927/1503 1217/926/1503 1129/929/1503 981/635/1503
f 924/572/1504 1019/930/1504 1218/931/1504 1136/932/1504
f 1019/930/1505 923/568/1505 1134/933/1505 1218/931/1505
f 1218/931/1506 1134/933/1506 983/568/1506 1130/934/1506
f 1136/932/1507 1218/931/1507 1130/934/1507 982/572/1507
f 988/661/1508 1140/924/1508 1219/935/1508 1139/936/1508
f 1140/924/1509 985/659/1509 1137/937/1509 1219/935/1509
f 1219/935/1510 1137/937/1510 986/572/1510 1138/938/1510
f 1139/936/1511 1219/935/1511 1138/938/1511 987/568/1511
f 982/572/1512 1130/934/1512 1220/939/1512 1144/932/1512
f 1130/934/1513 983/568/1513 1143/933/1513 1220/939/1513
f 1220/939/1514 1143/933/1514 987/568/1514 1138/940/1514
f 1144/932/1515 1220/939/1515 1138/940/1515 986/572/1515
f 983/639/1516 1131/646/1516 1221/941/1516 1143/644/1516
f 1131/646/1517 984/582/1517 1142/645/1517 1221/941/1517
f 1221/941/1518 1142/645/1518 988/942/1518 1139/646/1518
f 1143/644/1519 1221/941/1519 1139/646/1519 987/943/1519
f 981/635/1520 1129/929/1520 1222/929/1520 1141/927/1520
f 1129/929/1521 982/591/1521 1144/928/1521 1222/929/1521
f 1222/929/1522 1144/928/1522 986/944/1522 1137/945/1522
f 1141/927/1523 1222/929/1523 1137/945/1523 985/946/1523
o Cube.003
v -1.039063 1.375032 0.125248
v -1.039963 2.141813 0.123032
v -1.036977 1.380669 0.913559
v -1.037742 2.136199 0.915827
v -0.746568 1.375032 0.125248
v -0.745668 2.141813 0.123032
v -0.748654 1.380669 0.913559
v -0.747890 2.136199 0.915827
v -1.050931 1.756400 0.096396
v -1.046619 1.756750 0.942501
v -0.739012 1.756750 0.942501
v -0.734700 1.756400 0.096396
v -1.044121 1.361450 0.442820
v -1.045417 2.155676 0.442467
v -0.741510 1.361450 0.442820
v -0.740214 2.155676 0.442467
v -0.723677 1.755595 0.438350
v -1.033085 1.756581 0.707912
v -1.050501 1.835689 0.097438
v -1.046287 1.833914 0.941500
v -0.739345 1.833914 0.941500
v -0.735130 1.835689 0.097438
v -0.724357 1.840319 0.438517
v -1.026999 2.004742 0.267634
v -1.042814 1.832428 1.005420
v -1.043078 1.757015 1.006348
v -0.742817 1.832428 1.005420
v -0.742553 1.757015 1.006348
v 0.028019 1.820175 0.845249
v 0.028025 1.759145 0.845253
v 0.028334 1.820195 0.905577
v 0.028340 1.759144 0.905582
v -1.042426 1.366000 0.280160
v -0.742053 2.150999 0.278587
v -0.727052 1.755839 0.258502
v -1.043578 2.150999 0.278587
v -0.743205 1.366000 0.280160
v -1.030569 1.838455 0.203699
v -1.031145 1.756706 0.202770
v -0.727704 1.838878 0.259373
v -1.043479 2.150762 0.688004
v -0.743297 1.366262 0.686457
v -1.033125 1.839553 0.259431
v -1.042334 1.366262 0.686457
v -0.742152 2.150762 0.688004
v -0.727744 1.755907 0.707853
v -0.728380 1.838604 0.706975
v -1.030154 2.009430 0.440148
v -1.043393 1.560207 0.932820
v -0.742238 1.560207 0.932820
v -0.738805 1.555436 0.106378
v -1.046826 1.555436 0.106378
v -1.036472 1.840994 0.438575
v -0.729915 1.543170 0.439916
v -1.037152 1.756270 0.438409
v -0.733069 1.547520 0.266572
v -0.733376 1.547960 0.700108
v -1.033777 1.756514 0.258561
v -1.046271 1.995854 0.107710
v -1.042948 1.990952 0.931468
v -0.742683 1.990952 0.931468
v -0.739360 1.995854 0.107710
v -0.730676 2.008755 0.440089
v -1.054955 2.008755 0.440089
v -1.051801 2.004067 0.267575
v -0.733830 2.004067 0.267575
v -0.733996 2.003837 0.699238
v -1.051635 2.003837 0.699238
v -1.041269 1.369109 0.226845
v -0.743297 2.147838 0.225050
v -0.729684 1.756032 0.202711
v -0.730260 1.837780 0.203640
v -1.042334 2.147838 0.225050
v -0.744363 1.369109 0.226845
v -1.055947 1.756032 0.202711
v -1.055371 1.837780 0.203640
v -1.050588 1.550244 0.211439
v -0.735043 1.550244 0.211439
v -1.049898 2.001240 0.212555
v -0.735733 2.001240 0.212555
v -1.040610 2.143481 0.801916
v -0.745976 1.373465 0.800008
v -1.052253 1.756328 0.825177
v -1.051769 1.836259 0.824237
v -1.039655 1.373465 0.800008
v -0.745021 2.143481 0.801916
v -0.733378 1.756328 0.825177
v -0.733863 1.836259 0.824237
v -0.737807 1.554083 0.816464
v -1.047824 1.554083 0.816464
v -0.738340 1.997395 0.815353
v -1.047292 1.997395 0.815353
v -1.041723 1.513474 0.927806
v -0.743908 1.513474 0.927806
v -0.740826 1.508478 0.111290
v -1.052698 1.495870 0.440672
v -0.732933 1.495870 0.440672
v -1.049924 1.500272 0.270109
v -0.735707 1.500272 0.270109
v -0.735959 1.500665 0.696554
v -1.049673 1.500665 0.696554
v -1.044805 1.508478 0.111290
v -0.737469 1.503096 0.215449
v -1.048162 1.503096 0.215449
v -1.045698 1.507070 0.812181
v -0.739933 1.507070 0.812181
v -1.013848 2.009873 0.440186
v -1.014839 1.757150 0.202808
v -1.014264 1.838899 0.203738
v -1.010693 2.005185 0.267672
v -1.010527 2.004955 0.699335
v -1.009480 1.551363 0.211536
v -1.008790 2.002359 0.212652
v -1.011145 1.757446 0.825274
v -1.010661 1.837378 0.824334
v -1.006716 1.555202 0.816561
v -1.006184 1.998513 0.815450
v -1.011591 1.496988 0.440769
v -1.008816 1.501390 0.270206
v -1.008565 1.501783 0.696652
v -1.007054 1.504214 0.215546
v -1.004590 1.508188 0.812278
v -1.032449 1.839279 0.707033
v -1.026833 2.004511 0.699296
v -1.030915 1.543845 0.439975
v -1.027760 1.548195 0.266631
v -1.027453 1.548635 0.700166
v -1.025786 1.550919 0.211497
v -1.025096 2.001915 0.212614
v -1.027451 1.757003 0.825236
v -1.026967 1.836934 0.824296
v -1.023022 1.554758 0.816523
v -1.022490 1.998069 0.815411
v -1.027896 1.496544 0.440731
v -1.025122 1.500946 0.270167
v -1.024871 1.501340 0.696613
v -1.023360 1.503771 0.215507
v -1.020896 1.507744 0.812239
vn -0.9984 0.0441 0.0339
vn -0.0000 0.1071 0.9943
vn 0.9982 0.0503 -0.0317
vn -0.0000 0.1044 -0.9945
vn -0.0000 -0.9983 -0.0582
vn -0.0000 0.9983 -0.0590
vn -0.0000 -0.0496 -0.9988
vn 0.9988 -0.0252 -0.0421
vn -0.0000 -0.0492 0.9988
vn -0.9988 -0.0212 0.0436
vn -0.0270 0.9982 -0.0544
vn 0.9995 -0.0284 0.0145
vn -0.0000 0.9998 0.0200
vn -0.0000 -0.9998 0.0197
vn 0.9981 0.0605 0.0116
vn -0.9980 0.0611 -0.0165
vn -0.0272 0.9993 0.0253
vn 0.9999 0.0079 0.0151
vn -0.0000 0.0131 -0.9999
vn 0.9989 0.0068 -0.0465
vn -0.9985 0.0046 0.0549
vn -0.9989 0.0058 0.0474
vn -0.0000 0.0123 0.9999
vn -0.0000 0.9997 0.0232
vn -0.0000 -1.0000 0.0041
vn 0.0184 0.9998 0.0123
vn 1.0000 0.0001 -0.0052
vn 0.0032 -1.0000 0.0022
vn -0.1252 -0.0075 -0.9921
vn 0.1290 0.0070 0.9916
vn 0.9998 0.0081 -0.0187
vn -0.0021 -0.0114 0.9999
vn -0.9979 0.0562 -0.0320
vn 0.0012 0.0431 -0.9991
vn 0.9994 -0.0295 -0.0189
vn -0.0000 0.9996 -0.0285
vn -0.0000 -0.9996 -0.0280
vn 0.9980 0.0611 -0.0165
vn 0.0271 -0.9992 0.0276
vn 0.9988 0.0074 0.0474
vn 0.9980 0.0534 0.0345
vn -0.0000 -0.9980 0.0633
vn -0.0000 0.9980 0.0638
vn 0.9987 -0.0263 0.0438
vn -0.0035 0.0423 0.9991
vn -0.9981 0.0605 0.0116
vn -0.0271 0.9995 -0.0184
vn 0.9978 -0.0531 0.0390
vn 0.9980 -0.0606 -0.0187
vn -0.0001 0.0907 -0.9959
vn 0.9981 -0.0595 0.0137
vn 0.0027 -0.0118 -0.9999
vn -0.9983 -0.0442 0.0386
vn -0.0000 -0.1067 0.9943
vn 0.9981 -0.0506 -0.0365
vn -0.0000 -0.1040 -0.9946
vn 0.0270 -0.9983 0.0522
vn 0.9985 0.0331 0.0433
vn 0.9991 0.0378 -0.0191
vn -0.0047 0.0845 0.9964
vn 0.0039 -0.0552 -0.9985
vn 0.9992 0.0360 0.0144
vn -0.0000 0.0640 -0.9979
vn 0.9986 0.0324 -0.0414
vn -0.0000 0.0638 0.9980
vn -0.9987 0.0271 0.0431
vn 0.9984 0.0374 -0.0415
vn -0.9986 0.0324 -0.0414
vn 0.9977 -0.0565 -0.0368
vn -0.9981 -0.0506 -0.0365
vn -0.9988 -0.0252 -0.0421
vn -0.9982 0.0503 -0.0317
vn -0.9989 0.0068 -0.0465
vn 0.9989 0.0079 -0.0465
vn 0.9987 -0.0291 -0.0422
vn 0.9979 0.0562 -0.0320
vn -0.0009 -0.0544 0.9985
vn 0.9987 0.0271 0.0431
vn 0.0273 -0.9980 -0.0564
vn 0.9983 -0.0442 0.0386
vn 0.9988 -0.0212 0.0436
vn 0.9984 0.0441 0.0339
vn 0.9989 0.0058 0.0474
vn -0.0273 0.9983 0.0507
vn 0.0272 -0.9994 -0.0193
vn -0.9980 0.0534 0.0345
vn 0.9986 -0.0436 0.0316
vn -0.9981 -0.0525 0.0321
vn -0.9983 -0.0500 -0.0297
vn 0.9980 -0.0559 -0.0301
vn 0.9983 -0.0500 -0.0297
vn -0.9986 -0.0436 0.0316
vn -0.9981 -0.0604 -0.0150
vn 0.9982 -0.0594 0.0108
vn -0.9980 -0.0559 -0.0301
vn 0.9981 -0.0604 -0.0150
vn 0.9981 -0.0525 0.0321
vn -0.9982 -0.0594 0.0108
vn 0.0271 -0.9995 0.0184
vn 0.0273 -0.9983 -0.0507
vn 0.0021 0.0114 -0.9999
vn -0.0012 -0.0431 0.9991
vn 0.0272 -0.9993 -0.0253
vn 0.0035 -0.0423 -0.9991
vn -0.0027 0.0118 0.9999
vn 0.0270 -0.9982 0.0544
vn 0.0009 0.0544 -0.9985
vn -0.0039 0.0552 0.9985
vn 0.0001 -0.0907 0.9959
vn -0.0271 0.9992 -0.0276
vn -0.0273 0.9980 0.0564
vn 0.0047 -0.0845 -0.9964
vn -0.0270 0.9983 -0.0522
vn -0.0272 0.9994 0.0193
vn -0.9994 -0.0295 -0.0189
vn -0.9998 0.0081 -0.0187
vn -0.9989 0.0079 -0.0465
vn -0.9987 -0.0291 -0.0422
vn -0.9999 0.0079 0.0151
vn -0.9995 -0.0284 0.0145
vn -0.9981 -0.0595 0.0137
vn -0.9977 -0.0565 -0.0368
vn -0.9980 -0.0606 -0.0187
vn -0.9992 0.0360 0.0144
vn -0.9984 0.0374 -0.0415
vn -0.9991 0.0378 -0.0191
vn -0.9985 0.0331 0.0433
vn -0.9978 -0.0531 0.0390
vn -0.9988 0.0074 0.0474
vn -0.9987 -0.0263 0.0438
vt 0.574519 0.218750
vt 0.625000 0.218750
vt 0.625000 0.250000
vt 0.574519 0.250000
vt 0.625000 0.500000
vt 0.574519 0.500000
vt 0.574519 0.709010
vt 0.625000 0.709010
vt 0.625000 0.750000
vt 0.574519 0.750000
vt 0.625000 1.000000
vt 0.574519 1.000000
vt 0.125000 0.709010
vt 0.375000 0.709010
vt 0.375000 0.750000
vt 0.125000 0.750000
vt 0.875000 0.709010
vt 0.875000 0.750000
vt 0.437500 0.750000
vt 0.500000 0.750000
vt 0.500000 1.000000
vt 0.437500 1.000000
vt 0.437500 0.709010
vt 0.500000 0.709010
vt 0.437500 0.250000
vt 0.500000 0.250000
vt 0.500000 0.500000
vt 0.437500 0.500000
vt 0.437500 0.218750
vt 0.500000 0.218750
vt 0.421232 0.218750
vt 0.421232 0.187500
vt 0.437500 0.562500
vt 0.500000 0.562500
vt 0.500000 0.625000
vt 0.437500 0.625000
vt 0.625000 0.562500
vt 0.875000 0.562500
vt 0.875000 0.625000
vt 0.625000 0.625000
vt 0.125000 0.562500
vt 0.375000 0.562500
vt 0.375000 0.625000
vt 0.125000 0.625000
vt 0.574519 0.562500
vt 0.574519 0.625000
vt 0.574519 0.062500
vt 0.625000 0.062500
vt 0.625000 0.125000
vt 0.574519 0.125000
vt 0.421232 0.125000
vt 0.421232 0.062500
vt 0.524038 0.562500
vt 0.524038 0.625000
vt 0.524038 0.750000
vt 0.524038 1.000000
vt 0.524038 0.709010
vt 0.524038 0.250000
vt 0.524038 0.218750
vt 0.524038 0.500000
vt 0.524038 0.687500
vt 0.500000 0.687500
vt 0.500000 0.040990
vt 0.524038 0.040990
vt 0.574519 0.040990
vt 0.625000 0.040990
vt 0.437500 0.687500
vt 0.875000 0.687500
vt 0.625000 0.687500
vt 0.375000 0.687500
vt 0.125000 0.687500
vt 0.574519 0.687500
vt 0.500000 0.531250
vt 0.524038 0.531250
vt 0.574519 0.531250
vt 0.625000 0.531250
vt 0.125000 0.531250
vt 0.375000 0.531250
vt 0.875000 0.531250
vt 0.437500 0.531250
vt 0.437500 0.040990
vt 0.625000 0.187500
vt 0.574519 0.187500
vt 0.421232 0.531250
vt 0.421232 0.562500
vt 0.421232 0.625000
vt 0.421232 0.687500
vt 0.421232 0.250000
vt 0.421232 0.500000
vt 0.421232 0.709010
vt 0.421232 0.750000
vt 0.421232 1.000000
vt 0.421232 0.040990
vt 0.524038 0.000000
vt 0.574519 0.000000
vt 0.421232 0.000000
vt 0.437500 0.000000
vt 0.500000 0.000000
vt 0.625000 0.000000
vt 0.875000 0.500000
vt 0.125000 0.500000
vt 0.375000 0.500000
vt 0.375000 0.187500
vt 0.375000 0.218750
vt 0.375000 0.000000
vt 0.375000 0.040990
vt 0.375000 1.000000
vt 0.375000 0.250000
vt 0.375000 0.062500
vt 0.375000 0.125000
vt 0.103371 0.164385
vt 0.090481 0.497147
vt 0.377764 0.496758
vt 0.380266 0.157437
vt 0.091871 0.629791
vt 0.378031 0.632093
vt 0.001361 0.497456
vt 0.002846 0.628038
vt 0.015303 0.168737
vt 0.806857 0.629354
vt 0.808260 0.497256
vt 0.795888 0.165088
vt 0.381473 0.081880
vt 0.790212 0.089540
vt 0.021708 0.093423
vt 0.109021 0.088911
vt 0.380542 0.901148
vt 0.794498 0.893292
vt 0.017086 0.889145
vt 0.104973 0.893660
vt 0.979977 0.883002
vt 0.994169 0.625608
vt 0.981753 0.174869
vt 0.974910 0.099771
vt 0.995671 0.497929
s 0
usemtl gafas2
f 1314/947/1524 1282/950/1524 1226/949/1524 1303/948/1524
f 1282/950/1525 1283/952/1525 1230/951/1525 1226/949/1525
f 1302/953/1526 1284/956/1526 1228/955/1526 1292/954/1526
f 1284/956/1527 1281/958/1527 1224/957/1527 1228/955/1527
f 1291/959/1528 1223/962/1528 1227/961/1528 1296/960/1528
f 1292/954/1529 1228/955/1529 1224/964/1529 1295/963/1529
f 1273/965/1530 1274/968/1530 1231/967/1530 1234/966/1530
f 1300/969/1531 1273/965/1531 1234/966/1531 1293/970/1531
f 1271/971/1532 1272/974/1532 1233/973/1532 1232/972/1532
f 1312/975/1533 1271/971/1533 1232/972/1533 1305/976/1533
f 1327/977/1534 1344/977/1534 1342/978/1534 1323/978/1534
f 1279/979/1535 1276/982/1535 1239/981/1535 1268/980/1535
f 1267/983/1536 1238/986/1536 1236/985/1536 1263/984/1536
f 1266/987/1537 1235/990/1537 1237/989/1537 1264/988/1537
f 1289/991/1538 1285/992/1538 1238/986/1538 1267/983/1538
f 1287/993/1539 1286/996/1539 1236/995/1539 1258/994/1539
f 1318/997/1540 1340/997/1540 1341/998/1540 1320/998/1540
f 1268/980/1541 1239/981/1541 1245/1000/1541 1269/999/1541
f 1234/966/1542 1231/967/1542 1241/1002/1542 1244/1001/1542
f 1293/970/1543 1234/966/1543 1244/1001/1543 1294/1003/1543
f 1232/972/1544 1248/972/1544 1247/1004/1544 1242/1004/1544
f 1305/976/1545 1232/972/1545 1242/1004/1545 1306/1005/1545
f 1248/972/1546 1250/973/1546 1249/1006/1546 1247/1004/1546
f 1242/1004/1547 1247/1004/1547 1249/1006/1547 1243/1006/1547
f 1233/973/1548 1250/973/1548 1248/972/1548 1232/972/1548
f 1249/1006/1549 1253/1006/1549 1251/1006/1549 1243/1006/1549
f 1251/1006/1550 1253/1006/1550 1254/973/1550 1252/973/1550
f 1233/973/1551 1252/973/1551 1254/973/1551 1250/973/1551
f 1243/1006/1552 1251/1006/1552 1252/973/1552 1233/973/1552
f 1250/973/1553 1254/973/1553 1253/1006/1553 1249/1006/1553
f 1239/981/1554 1257/1008/1554 1262/1007/1554 1245/1000/1554
f 1297/1009/1555 1330/1009/1555 1331/1010/1555 1298/1010/1555
f 1301/1011/1556 1287/993/1556 1258/994/1556 1295/1012/1556
f 1305/976/1557 1336/976/1557 1338/975/1557 1312/975/1557
f 1276/982/1558 1278/1013/1558 1257/1008/1558 1239/981/1558
f 1238/986/1559 1256/1015/1559 1258/1014/1559 1236/985/1559
f 1235/990/1560 1255/1017/1560 1259/1016/1560 1237/989/1560
f 1285/992/1561 1288/1018/1561 1256/1015/1561 1238/986/1561
f 1287/993/1562 1332/993/1562 1329/996/1562 1286/996/1562
f 1309/1019/1563 1268/980/1563 1269/999/1563 1310/1020/1563
f 1313/1021/1564 1289/991/1564 1267/983/1564 1308/1022/1564
f 1307/1023/1565 1266/987/1565 1264/988/1565 1304/1024/1565
f 1308/1022/1566 1267/983/1566 1263/984/1566 1303/1025/1566
f 1311/1026/1567 1279/979/1567 1268/980/1567 1309/1019/1567
f 1299/1027/1568 1334/1027/1568 1330/1009/1568 1297/1009/1568
f 1286/996/1569 1290/1029/1569 1263/1028/1569 1236/995/1569
f 1323/978/1570 1342/978/1570 1340/997/1570 1318/997/1570
f 1328/1030/1571 1322/1031/1571 1279/979/1571 1311/1026/1571
f 1319/1032/1572 1321/1033/1572 1278/1013/1572 1276/982/1572
f 1312/975/1573 1338/975/1573 1344/977/1573 1327/977/1573
f 1322/1031/1574 1319/1032/1574 1276/982/1574 1279/979/1574
f 1306/1005/1575 1337/1005/1575 1336/976/1575 1305/976/1575
f 1327/977/1576 1315/1034/1576 1271/971/1576 1312/975/1576
f 1315/1034/1577 1316/1035/1577 1272/974/1577 1271/971/1577
f 1325/1036/1578 1317/1037/1578 1273/965/1578 1300/969/1578
f 1317/1037/1579 1324/1038/1579 1274/968/1579 1273/965/1579
f 1301/1011/1580 1335/1011/1580 1332/993/1580 1287/993/1580
f 1310/1020/1581 1269/999/1581 1289/991/1581 1313/1021/1581
f 1245/1000/1582 1262/1007/1582 1288/1018/1582 1285/992/1582
f 1326/1039/1583 1343/1039/1583 1334/1027/1583 1299/1027/1583
f 1314/947/1584 1339/947/1584 1337/1005/1584 1306/1005/1584
f 1269/999/1585 1245/1000/1585 1285/992/1585 1289/991/1585
f 1244/1001/1586 1241/1002/1586 1281/958/1586 1284/956/1586
f 1294/1003/1587 1244/1001/1587 1284/956/1587 1302/953/1587
f 1242/1004/1588 1243/1006/1588 1283/952/1588 1282/950/1588
f 1306/1005/1589 1242/1004/1589 1282/950/1589 1314/947/1589
f 1262/1007/1590 1294/1003/1590 1302/953/1590 1288/1018/1590
f 1241/1040/1591 1298/1010/1591 1301/1011/1591 1281/1041/1591
f 1321/1033/1592 1325/1036/1592 1300/969/1592 1278/1013/1592
f 1324/1042/1593 1326/1039/1593 1299/1027/1593 1274/1043/1593
f 1274/1043/1594 1299/1027/1594 1297/1009/1594 1231/1044/1594
f 1281/1041/1595 1301/1011/1595 1295/1012/1595 1224/1045/1595
f 1231/1044/1596 1297/1009/1596 1298/1010/1596 1241/1040/1596
f 1257/1008/1597 1293/970/1597 1294/1003/1597 1262/1007/1597
f 1278/1013/1598 1300/969/1598 1293/970/1598 1257/1008/1598
f 1256/1015/1529 1292/954/1529 1295/963/1529 1258/1014/1529
f 1255/1017/1528 1291/959/1528 1296/960/1528 1259/1016/1528
f 1288/1018/1599 1302/953/1599 1292/954/1599 1256/1015/1599
f 1298/1010/1600 1331/1010/1600 1335/1011/1600 1301/1011/1600
f 1243/1006/1601 1310/1020/1601 1313/1021/1601 1283/952/1601
f 1290/1029/1602 1333/1029/1602 1339/947/1602 1314/947/1602
f 1316/1035/1603 1328/1030/1603 1311/1026/1603 1272/974/1603
f 1272/974/1604 1311/1026/1604 1309/1019/1604 1233/973/1604
f 1230/951/1566 1308/1022/1566 1303/1025/1566 1226/1046/1566
f 1225/1047/1565 1307/1023/1565 1304/1024/1565 1229/1048/1565
f 1283/952/1605 1313/1021/1605 1308/1022/1605 1230/951/1605
f 1233/973/1606 1309/1019/1606 1310/1020/1606 1243/1006/1606
f 1320/998/1607 1341/998/1607 1343/1039/1607 1326/1039/1607
f 1286/996/1608 1329/996/1608 1333/1029/1608 1290/1029/1608
f 1290/1029/1609 1314/947/1609 1303/948/1609 1263/1028/1609
f 1229/1048/1610 1304/1024/1610 1328/1030/1610 1316/1035/1610
f 1266/1049/1611 1307/1050/1611 1327/977/1611 1323/978/1611
f 1223/1051/1612 1291/1052/1612 1326/1039/1612 1324/1042/1612
f 1259/1016/1613 1296/960/1613 1325/1036/1613 1321/1033/1613
f 1227/961/1579 1223/1053/1579 1324/1038/1579 1317/1037/1579
f 1296/960/1614 1227/961/1614 1317/1037/1614 1325/1036/1614
f 1225/1054/1577 1229/1048/1577 1316/1035/1577 1315/1034/1577
f 1307/1050/1615 1225/1054/1615 1315/1034/1615 1327/977/1615
f 1255/1055/1616 1235/1056/1616 1318/997/1616 1320/998/1616
f 1264/988/1617 1237/989/1617 1319/1032/1617 1322/1031/1617
f 1291/1052/1618 1255/1055/1618 1320/998/1618 1326/1039/1618
f 1237/989/1619 1259/1016/1619 1321/1033/1619 1319/1032/1619
f 1304/1024/1620 1264/988/1620 1322/1031/1620 1328/1030/1620
f 1235/1056/1621 1266/1049/1621 1323/978/1621 1318/997/1621
f 1342/978/1622 1358/978/1622 1356/997/1622 1340/997/1622
f 1341/998/1623 1357/998/1623 1359/1039/1623 1343/1039/1623
f 1330/1009/1624 1261/1009/1624 1260/1010/1624 1331/1010/1624
f 1336/976/1625 1352/976/1625 1354/975/1625 1338/975/1625
f 1340/997/1626 1356/997/1626 1357/998/1626 1341/998/1626
f 1334/1027/1627 1350/1027/1627 1261/1009/1627 1330/1009/1627
f 1337/1005/1628 1353/1005/1628 1352/976/1628 1336/976/1628
f 1344/977/1629 1360/977/1629 1358/978/1629 1342/978/1629
f 1331/1010/1630 1260/1010/1630 1351/1011/1630 1335/1011/1630
f 1339/947/1631 1355/947/1631 1353/1005/1631 1337/1005/1631
f 1338/975/1632 1354/975/1632 1360/977/1632 1344/977/1632
f 1332/993/1633 1246/993/1633 1270/996/1633 1329/996/1633
f 1333/1029/1634 1346/1029/1634 1355/947/1634 1339/947/1634
f 1343/1039/1635 1359/1039/1635 1350/1027/1635 1334/1027/1635
f 1335/1011/1636 1351/1011/1636 1246/993/1636 1332/993/1636
f 1329/996/1637 1270/996/1637 1346/1029/1637 1333/1029/1637
usemtl ojo2
f 1348/1057/1638 1347/1060/1638 1277/1059/1638 1280/1058/1638
f 1280/1058/1639 1277/1059/1639 1275/1062/1639 1265/1061/1639
f 1261/1063/1640 1280/1058/1640 1265/1061/1640 1260/1064/1640
f 1350/1065/1641 1348/1057/1641 1280/1058/1641 1261/1063/1641
f 1277/1059/1642 1240/1067/1642 1345/1066/1642 1275/1062/1642
f 1347/1060/1643 1349/1068/1643 1240/1067/1643 1277/1059/1643
f 1356/1069/1644 1358/1070/1644 1349/1068/1644 1347/1060/1644
f 1359/1071/1645 1357/1072/1645 1348/1057/1645 1350/1065/1645
f 1357/1072/1646 1356/1069/1646 1347/1060/1646 1348/1057/1646
f 1275/1062/1647 1345/1066/1647 1346/1074/1647 1270/1073/1647
f 1260/1064/1648 1265/1061/1648 1246/1076/1648 1351/1075/1648
f 1265/1061/1649 1275/1062/1649 1270/1073/1649 1246/1076/1649
f 1345/1066/1650 1353/1078/1650 1355/1077/1650 1346/1074/1650
f 1358/1070/1651 1360/1080/1651 1354/1079/1651 1349/1068/1651
f 1240/1067/1652 1352/1081/1652 1353/1078/1652 1345/1066/1652
f 1349/1068/1653 1354/1079/1653 1352/1081/1653 1240/1067/1653
o Cube.002
v -1.043807 2.155618 -0.200793
v -1.045342 1.362428 -0.199289
v -1.040247 2.146051 -0.944293
v -1.041551 1.372056 -0.948210
v -0.741825 2.155618 -0.198405
v -0.740289 1.362428 -0.197054
v -0.745384 2.146051 -0.944293
v -0.744080 1.372056 -0.948210
v -1.064091 1.762473 -0.159809
v -1.056734 1.761929 -0.993796
v -0.728898 1.761929 -0.993796
v -0.721541 1.762473 -0.157617
v -1.052457 2.178868 -0.506499
v -1.054669 1.338740 -0.509239
v -0.733174 2.178868 -0.500925
v -0.730962 1.338740 -0.504207
v -0.702811 1.763857 -0.505224
v -1.063355 1.676699 -0.161568
v -1.056165 1.679782 -0.992087
v -0.729467 1.679782 -0.992087
v -0.722276 1.676699 -0.159397
v -0.703974 1.668853 -0.505618
v -1.050220 1.682330 -1.052257
v -1.050673 1.761481 -1.053840
v -0.735411 1.682330 -1.052257
v -0.734959 1.761481 -1.053840
v -0.081275 1.703936 -0.822923
v -0.081262 1.757722 -0.822928
v -0.080788 1.703908 -0.876188
v -0.080775 1.757727 -0.876194
v -1.047281 1.768959 -0.153989
v -1.046485 1.674944 -0.156125
v -0.891130 1.774679 -0.030049
v -0.891154 1.653489 -0.037808
v -1.051358 1.347148 -0.719788
v -0.736226 2.170664 -0.717099
v -1.049405 2.170664 -0.717099
v -0.734273 1.347148 -0.719788
v -0.709709 1.763347 -0.753589
v -0.710798 1.671778 -0.752091
v -1.051218 1.968529 -0.977234
v -0.734413 1.968529 -0.977234
v -0.728556 1.976617 -0.172231
v -1.057076 1.976617 -0.174466
v -0.713399 1.997544 -0.504455
v -0.719312 1.989380 -0.740374
v -1.049557 2.171073 -0.349721
v -0.734108 1.346730 -0.346510
v -0.708496 1.763437 -0.319595
v -1.051523 1.346730 -0.349708
v -0.736074 2.171073 -0.346280
v -0.709611 1.671270 -0.321089
v -0.718780 1.990115 -0.330323
v -1.056124 1.507422 -0.177214
v -1.050454 1.515837 -0.974941
v -0.735177 1.515837 -0.974941
v -0.729507 1.507422 -0.175045
v -0.714688 1.485427 -0.505719
v -1.070943 1.485427 -0.510480
v -0.720359 1.493844 -0.738934
v -1.065272 1.493844 -0.738934
v -1.065547 1.493436 -0.335778
v -0.720084 1.493436 -0.332690
v -1.046485 1.674944 -0.319299
v -1.047281 1.768959 -0.317163
v -0.891130 1.774679 -0.193223
v -0.891154 1.653489 -0.200982
v -1.046455 1.359602 -0.833999
v -0.740805 2.158358 -0.830696
v -1.066328 1.762638 -0.873692
v -1.065499 1.675780 -0.872089
v -1.044826 2.158358 -0.830696
v -0.739176 1.359602 -0.833999
v -0.719303 1.762638 -0.873692
v -0.720132 1.675780 -0.872089
v -0.726863 1.978954 -0.858804
v -1.058768 1.978954 -0.858804
v -0.727768 1.504840 -0.856938
v -1.057863 1.504840 -0.856938
v -1.045709 2.057671 -0.960693
v -0.739922 2.057671 -0.960693
v -0.735219 2.066502 -0.185374
v -1.062302 2.088595 -0.507946
v -0.723329 2.088595 -0.502683
v -0.727806 2.080411 -0.728687
v -1.057826 2.080411 -0.728687
v -1.050413 2.066502 -0.187686
v -0.727464 2.080982 -0.338336
v -1.058167 2.080982 -0.341651
v -1.051767 2.069041 -0.844690
v -0.733864 2.069041 -0.844690
v -1.047244 2.164856 -0.289808
v -0.736595 1.353045 -0.286384
v -0.713744 1.763049 -0.254431
v -0.714706 1.673454 -0.256041
v -0.722713 1.984685 -0.266723
v -1.049037 1.353045 -0.289195
v -0.738387 2.164856 -0.286790
v -1.071887 1.763049 -0.257182
v -1.070925 1.673454 -0.258761
v -1.062919 1.984685 -0.269528
v -1.061756 1.499062 -0.271988
v -0.723875 1.499062 -0.269270
v -1.055048 2.075157 -0.279711
v -0.730584 2.075157 -0.276799
v -1.054903 1.762378 -0.322772
v -1.060588 1.762798 -0.510071
v -1.059425 1.667794 -0.510396
v -1.048712 1.484368 -0.510531
v -1.053788 1.670211 -0.324230
v -1.053690 1.762288 -0.753639
v -1.052602 1.670720 -0.752141
v -1.043041 1.492785 -0.738985
v -1.050000 1.996486 -0.509457
v -1.044087 1.988321 -0.740425
v -1.044620 1.989056 -0.333563
v -1.049656 1.761990 -0.257233
v -1.048693 1.672395 -0.258812
v -1.040687 1.983626 -0.269579
v -1.043315 1.492377 -0.335829
v -1.039524 1.498004 -0.272039
v -1.044096 1.761579 -0.873743
v -1.043267 1.674721 -0.872140
v -1.036537 1.977896 -0.858855
v -1.035632 1.503782 -0.856988
v -1.040071 2.087536 -0.507997
v -1.035594 2.079352 -0.728738
v -1.035935 2.079924 -0.341702
v -1.029535 2.067982 -0.844740
v -1.032816 2.074098 -0.279762
v -1.047281 1.768959 0.125284
v -1.046485 1.674944 0.123149
v -0.891130 1.774679 0.249224
v -0.891154 1.653489 0.241466
vn -0.9949 -0.0804 -0.0609
vn -0.0000 -0.1828 -0.9832
vn 0.9943 -0.0882 0.0591
vn -0.0069 -0.1503 0.9886
vn -0.0009 0.9946 0.1036
vn -0.0009 -0.9946 0.1041
vn -0.0066 0.0682 0.9977
vn 0.9965 0.0411 0.0729
vn -0.0000 0.0799 -0.9968
vn -0.9966 0.0363 -0.0733
vn -0.0476 -0.9947 -0.0912
vn 0.9986 0.0447 -0.0272
vn 0.0003 -0.9992 -0.0394
vn 0.0003 0.9993 -0.0384
vn 0.9943 -0.1040 -0.0238
vn -0.9941 -0.1040 0.0304
vn 0.0474 0.9978 -0.0472
vn 0.9995 -0.0122 -0.0278
vn -0.0064 -0.0206 0.9998
vn 0.9968 -0.0112 0.0793
vn -0.9950 -0.0083 -0.0995
vn -0.9968 -0.0098 -0.0787
vn -0.0000 -0.0200 -0.9998
vn -0.0000 -0.9991 -0.0423
vn -0.0000 1.0000 -0.0075
vn 0.0415 -0.9988 -0.0242
vn 1.0000 -0.0002 0.0091
vn 0.0073 1.0000 -0.0043
vn -0.2540 0.0133 0.9671
vn 0.2610 -0.0125 -0.9652
vn -0.0366 0.9993 -0.0000
vn -0.0471 -0.9944 0.0950
vn 0.9968 -0.0121 -0.0788
vn 0.9935 -0.0952 -0.0623
vn -0.0000 0.9942 -0.1077
vn -0.0000 -0.9941 -0.1084
vn 0.9963 0.0433 -0.0736
vn -0.0010 -0.0686 0.9976
vn -0.9943 -0.1040 -0.0243
vn -0.0476 -0.9979 -0.0445
vn 0.9933 0.0944 -0.0664
vn 0.9944 0.1025 -0.0260
vn -0.0049 -0.0554 -0.9985
vn -0.9946 0.0806 -0.0652
vn -0.0000 0.1824 -0.9832
vn 0.9940 0.0883 0.0640
vn -0.0070 0.1451 0.9894
vn 0.9942 0.1028 0.0325
vn 0.0032 0.0185 0.9998
vn 0.9995 -0.0125 0.0306
vn 0.0013 0.0757 -0.9971
vn -0.9935 -0.0971 0.0595
vn 0.0476 0.9981 0.0380
vn 0.9984 0.0460 0.0317
vn -0.0006 -0.9987 0.0503
vn -0.0007 0.9987 0.0500
vn 0.9941 -0.1039 0.0307
vn 0.9977 -0.0596 0.0325
vn 0.0065 0.0886 0.9960
vn 0.0472 0.9948 -0.0905
vn 0.9958 -0.0550 -0.0735
vn -0.0051 -0.1544 0.9880
vn 0.9980 -0.0570 -0.0273
vn -0.0065 -0.0920 0.9957
vn 0.9960 -0.0536 0.0721
vn -0.0000 -0.1040 -0.9946
vn -0.9962 -0.0467 -0.0730
vn 0.6147 0.0384 -0.7878
vn -0.1368 -0.9906 -0.0000
vn -1.0000 -0.0085 -0.0000
vn 1.0000 -0.0002 -0.0000
vn 0.0476 0.9943 0.0956
vn 0.9962 -0.0467 -0.0730
vn -0.0475 -0.9982 0.0360
vn 0.9946 0.0806 -0.0652
vn 0.9966 0.0363 -0.0733
vn 0.9949 -0.0804 -0.0609
vn 0.9968 -0.0098 -0.0787
vn -0.0076 -0.1112 -0.9938
vn -0.0014 0.0176 -0.9998
vn -0.9935 -0.0952 -0.0623
vn 0.9954 0.0788 -0.0542
vn -0.9941 0.0930 -0.0556
vn -0.9939 0.0962 0.0538
vn 0.9944 0.1027 0.0269
vn -0.0075 0.1451 0.9894
vn 0.9948 0.0870 0.0533
vn -0.9954 0.0788 -0.0542
vn -0.9944 0.1027 0.0266
vn 0.9946 0.1022 -0.0207
vn 0.9941 0.0930 -0.0556
vn -0.9945 0.1022 -0.0212
vn 0.9939 0.0961 0.0542
vn -0.9948 0.0870 0.0530
vn 0.9955 -0.0606 0.0725
vn -0.9960 -0.0536 0.0717
vn -0.9965 0.0410 0.0725
vn -0.9944 -0.0882 0.0587
vn -0.9968 -0.0112 0.0789
vn -0.9941 0.0884 0.0636
vn 0.9932 0.0971 0.0647
vn 0.9968 -0.0127 0.0793
vn 0.9962 0.0465 0.0731
vn -0.0010 -0.9946 0.1041
vn -0.0011 0.9946 0.1036
vn 0.9935 -0.0971 0.0599
vn -0.9984 0.0460 0.0314
vn -0.9995 -0.0125 0.0304
vn -0.9995 -0.0122 -0.0283
vn -0.9986 0.0447 -0.0278
vn -0.9944 0.1025 -0.0266
vn -0.9942 0.1029 0.0322
vn -0.9932 0.0972 0.0643
vn -0.9968 -0.0127 0.0789
vn -0.9963 0.0465 0.0727
vn -0.9956 -0.0606 0.0721
vn -0.9980 -0.0570 -0.0279
vn -0.9977 -0.0596 0.0322
vn -0.9958 -0.0550 -0.0735
vn -0.9933 0.0944 -0.0664
vn -0.9968 -0.0121 -0.0788
vn -0.9963 0.0433 -0.0736
vt 0.574519 0.218750
vt 0.625000 0.218750
vt 0.625000 0.250000
vt 0.574519 0.250000
vt 0.625000 0.500000
vt 0.574519 0.500000
vt 0.574519 0.712644
vt 0.625000 0.712644
vt 0.625000 0.750000
vt 0.574519 0.750000
vt 0.625000 1.000000
vt 0.574519 1.000000
vt 0.125000 0.712644
vt 0.375000 0.712644
vt 0.375000 0.750000
vt 0.125000 0.750000
vt 0.875000 0.712644
vt 0.875000 0.750000
vt 0.437500 0.750000
vt 0.500000 0.750000
vt 0.500000 1.000000
vt 0.437500 1.000000
vt 0.437500 0.712644
vt 0.500000 0.712644
vt 0.437500 0.250000
vt 0.500000 0.250000
vt 0.500000 0.500000
vt 0.437500 0.500000
vt 0.437500 0.218750
vt 0.500000 0.218750
vt 0.406116 0.062500
vt 0.406116 0.037356
vt 0.437500 0.562500
vt 0.500000 0.562500
vt 0.500000 0.625000
vt 0.437500 0.625000
vt 0.625000 0.562500
vt 0.875000 0.562500
vt 0.875000 0.625000
vt 0.625000 0.625000
vt 0.125000 0.562500
vt 0.375000 0.562500
vt 0.375000 0.625000
vt 0.125000 0.625000
vt 0.574519 0.562500
vt 0.574519 0.625000
vt 0.574519 0.062500
vt 0.625000 0.062500
vt 0.625000 0.125000
vt 0.574519 0.125000
vt 0.524038 0.562500
vt 0.524038 0.625000
vt 0.524038 0.750000
vt 0.524038 1.000000
vt 0.524038 0.712644
vt 0.524038 0.250000
vt 0.524038 0.218750
vt 0.524038 0.500000
vt 0.375000 0.500000
vt 0.125000 0.500000
vt 0.406116 0.218750
vt 0.406116 0.187500
vt 0.500000 0.531250
vt 0.524038 0.531250
vt 0.574519 0.531250
vt 0.625000 0.531250
vt 0.125000 0.531250
vt 0.375000 0.531250
vt 0.875000 0.531250
vt 0.437500 0.531250
vt 0.625000 0.187500
vt 0.574519 0.187500
vt 0.406116 0.125000
vt 0.406116 0.531250
vt 0.406116 0.562500
vt 0.406116 0.625000
vt 0.437500 0.037356
vt 0.500000 0.037356
vt 0.406116 0.250000
vt 0.406116 0.500000
vt 0.406116 0.712644
vt 0.406116 0.750000
vt 0.406116 1.000000
vt 0.437500 0.687500
vt 0.406116 0.687500
vt 0.524038 0.687500
vt 0.500000 0.687500
vt 0.524038 0.037356
vt 0.574519 0.037356
vt 0.625000 0.037356
vt 0.875000 0.687500
vt 0.625000 0.687500
vt 0.375000 0.687500
vt 0.125000 0.687500
vt 0.574519 0.687500
vt 0.375000 0.250000
vt 0.875000 0.500000
vt 0.375000 0.187500
vt 0.375000 0.218750
vt 0.375000 0.037356
vt 0.375000 0.062500
vt 0.375000 1.000000
vt 0.375000 0.125000
vt 0.375000 0.000000
vt 0.406116 0.000000
vt 0.524038 0.000000
vt 0.574519 0.000000
vt 0.437500 0.000000
vt 0.500000 0.000000
vt 0.625000 0.000000
vt 0.858279 0.832268
vt 0.874940 0.482277
vt 0.585750 0.482925
vt 0.586697 0.843740
vt 0.872688 0.339970
vt 0.585248 0.336239
vt 0.211992 0.340755
vt 0.209680 0.482138
vt 0.230083 0.831133
vt 0.588952 0.984322
vt 0.248128 0.971685
vt 0.845712 0.972567
vt 0.941348 0.963572
vt 0.957071 0.823884
vt 0.976133 0.481677
vt 0.973694 0.343343
vt 0.953272 0.074082
vt 0.854780 0.065394
vt 0.585040 0.053028
vt 0.232306 0.066024
vt 0.050109 0.083004
vt 0.026715 0.346934
vt 0.047227 0.815036
vt 0.069020 0.954129
vt 0.024240 0.481043
s 0
usemtl gafas1
f 1439/1082/1654 1415/1085/1654 1364/1084/1654 1428/1083/1654
f 1415/1085/1655 1416/1087/1655 1368/1086/1655 1364/1084/1655
f 1463/1088/1656 1417/1091/1656 1366/1090/1656 1453/1089/1656
f 1417/1091/1657 1414/1093/1657 1362/1092/1657 1366/1090/1657
f 1452/1094/1658 1361/1097/1658 1365/1096/1658 1458/1095/1658
f 1453/1089/1659 1366/1090/1659 1362/1099/1659 1457/1098/1659
f 1403/1100/1660 1404/1103/1660 1369/1102/1660 1372/1101/1660
f 1456/1104/1661 1403/1100/1661 1372/1101/1661 1454/1105/1661
f 1401/1106/1662 1402/1109/1662 1371/1108/1662 1370/1107/1662
f 1437/1110/1663 1401/1106/1663 1370/1107/1663 1430/1111/1663
f 1449/1112/1664 1488/1112/1664 1490/1113/1664 1464/1113/1664
f 1406/1114/1665 1405/1117/1665 1377/1116/1665 1399/1115/1665
f 1398/1118/1666 1376/1121/1666 1374/1120/1666 1395/1119/1666
f 1397/1122/1667 1373/1125/1667 1375/1124/1667 1396/1123/1667
f 1420/1126/1668 1418/1127/1668 1376/1121/1668 1398/1118/1668
f 1422/1128/1669 1419/1131/1669 1374/1130/1669 1410/1129/1669
f 1422/1128/1670 1480/1128/1670 1469/1131/1670 1419/1131/1670
f 1399/1115/1671 1377/1116/1671 1382/1133/1671 1400/1132/1671
f 1372/1101/1672 1369/1102/1672 1378/1135/1672 1381/1134/1672
f 1454/1105/1673 1372/1101/1673 1381/1134/1673 1455/1136/1673
f 1370/1107/1674 1384/1107/1674 1383/1137/1674 1379/1137/1674
f 1430/1111/1675 1370/1107/1675 1379/1137/1675 1431/1138/1675
f 1384/1107/1676 1386/1108/1676 1385/1139/1676 1383/1137/1676
f 1379/1137/1677 1383/1137/1677 1385/1139/1677 1380/1139/1677
f 1371/1108/1678 1386/1108/1678 1384/1107/1678 1370/1107/1678
f 1385/1139/1679 1389/1139/1679 1387/1139/1679 1380/1139/1679
f 1387/1139/1680 1389/1139/1680 1390/1108/1680 1388/1108/1680
f 1371/1108/1681 1388/1108/1681 1390/1108/1681 1386/1108/1681
f 1380/1139/1682 1387/1139/1682 1388/1108/1682 1371/1108/1682
f 1386/1108/1683 1390/1108/1683 1389/1139/1683 1385/1139/1683
f 1393/1140/1684 1426/1140/1684 1425/1141/1684 1391/1141/1684
f 1450/1142/1685 1489/1142/1685 1487/1143/1685 1446/1143/1685
f 1434/1144/1686 1399/1115/1686 1400/1132/1686 1435/1145/1686
f 1438/1146/1687 1420/1126/1687 1398/1118/1687 1433/1147/1687
f 1432/1148/1688 1397/1122/1688 1396/1123/1688 1429/1149/1688
f 1433/1147/1689 1398/1118/1689 1395/1119/1689 1428/1150/1689
f 1436/1151/1690 1406/1114/1690 1399/1115/1690 1434/1144/1690
f 1430/1111/1691 1482/1111/1691 1484/1110/1691 1437/1110/1691
f 1419/1131/1692 1421/1153/1692 1395/1152/1692 1374/1130/1692
f 1443/1154/1693 1486/1154/1693 1488/1112/1693 1449/1112/1693
f 1451/1155/1694 1445/1156/1694 1406/1114/1694 1436/1151/1694
f 1445/1156/1695 1444/1157/1695 1405/1117/1695 1406/1114/1695
f 1461/1158/1696 1479/1158/1696 1477/1159/1696 1459/1159/1696
f 1450/1142/1697 1440/1160/1697 1401/1106/1697 1437/1110/1697
f 1440/1160/1698 1441/1161/1698 1402/1109/1698 1401/1106/1698
f 1465/1162/1699 1442/1163/1699 1403/1100/1699 1456/1104/1699
f 1442/1163/1700 1447/1164/1700 1404/1103/1700 1403/1100/1700
f 1444/1157/1701 1448/1166/1701 1413/1165/1701 1405/1117/1701
f 1431/1138/1702 1483/1138/1702 1482/1111/1702 1430/1111/1702
f 1377/1116/1703 1409/1168/1703 1412/1167/1703 1382/1133/1703
f 1460/1169/1704 1478/1169/1704 1481/1170/1704 1462/1170/1704
f 1462/1170/1705 1422/1128/1705 1410/1129/1705 1457/1171/1705
f 1419/1131/1706 1469/1131/1706 1473/1153/1706 1421/1153/1706
f 1405/1117/1707 1413/1165/1707 1409/1168/1707 1377/1116/1707
f 1376/1121/1708 1408/1173/1708 1410/1172/1708 1374/1120/1708
f 1373/1125/1709 1407/1175/1709 1411/1174/1709 1375/1124/1709
f 1418/1127/1710 1423/1176/1710 1408/1173/1710 1376/1121/1710
f 1382/1133/1711 1412/1167/1711 1423/1176/1711 1418/1127/1711
f 1439/1082/1712 1485/1082/1712 1483/1138/1712 1431/1138/1712
f 1462/1170/1713 1481/1170/1713 1480/1128/1713 1422/1128/1713
f 1435/1145/1714 1400/1132/1714 1420/1126/1714 1438/1146/1714
f 1437/1110/1715 1484/1110/1715 1489/1142/1715 1450/1142/1715
f 1400/1132/1716 1382/1133/1716 1418/1127/1716 1420/1126/1716
f 1381/1134/1717 1378/1135/1717 1414/1093/1717 1417/1091/1717
f 1455/1136/1718 1381/1134/1718 1417/1091/1718 1463/1088/1718
f 1379/1137/1719 1380/1139/1719 1416/1087/1719 1415/1085/1719
f 1431/1138/1720 1379/1137/1720 1415/1085/1720 1439/1082/1720
f 1425/1177/1721 1426/1140/1721 1427/1086/1721 1424/1084/1721
f 1392/1178/1722 1424/1178/1722 1427/1086/1722 1394/1086/1722
f 1391/1177/1723 1425/1177/1723 1424/1084/1723 1392/1084/1723
f 1394/1086/1724 1427/1086/1724 1426/1140/1724 1393/1140/1724
f 1421/1153/1725 1473/1153/1725 1485/1082/1725 1439/1082/1725
f 1380/1139/1726 1435/1145/1726 1438/1146/1726 1416/1087/1726
f 1446/1143/1727 1487/1143/1727 1486/1154/1727 1443/1154/1727
f 1441/1161/1728 1451/1155/1728 1436/1151/1728 1402/1109/1728
f 1402/1109/1729 1436/1151/1729 1434/1144/1729 1371/1108/1729
f 1368/1086/1689 1433/1147/1689 1428/1150/1689 1364/1178/1689
f 1363/1141/1688 1432/1148/1688 1429/1149/1688 1367/1140/1688
f 1416/1087/1730 1438/1146/1730 1433/1147/1730 1368/1086/1730
f 1371/1108/1731 1434/1144/1731 1435/1145/1731 1380/1139/1731
f 1464/1113/1732 1490/1113/1732 1479/1158/1732 1461/1158/1732
f 1459/1159/1733 1477/1159/1733 1478/1169/1733 1460/1169/1733
f 1421/1153/1734 1439/1082/1734 1428/1083/1734 1395/1152/1734
f 1367/1140/1735 1429/1149/1735 1451/1155/1735 1441/1161/1735
f 1397/1179/1736 1432/1180/1736 1450/1142/1736 1446/1143/1736
f 1452/1181/1737 1407/1182/1737 1449/1112/1737 1464/1113/1737
f 1375/1124/1738 1411/1174/1738 1448/1166/1738 1444/1157/1738
f 1365/1096/1739 1361/1183/1739 1447/1164/1739 1442/1163/1739
f 1458/1095/1740 1365/1096/1740 1442/1163/1740 1465/1162/1740
f 1363/1177/1698 1367/1140/1698 1441/1161/1698 1440/1160/1698
f 1432/1180/1741 1363/1177/1741 1440/1160/1741 1450/1142/1741
f 1407/1182/1742 1373/1184/1742 1443/1154/1742 1449/1112/1742
f 1396/1123/1743 1375/1124/1743 1444/1157/1743 1445/1156/1743
f 1429/1149/1744 1396/1123/1744 1445/1156/1744 1451/1155/1744
f 1373/1184/1745 1397/1179/1745 1446/1143/1745 1443/1154/1745
f 1411/1174/1746 1458/1095/1746 1465/1162/1746 1448/1166/1746
f 1361/1185/1747 1452/1181/1747 1464/1113/1747 1447/1186/1747
f 1412/1167/1748 1455/1136/1748 1463/1088/1748 1423/1176/1748
f 1378/1187/1749 1460/1169/1749 1462/1170/1749 1414/1188/1749
f 1404/1189/1750 1461/1158/1750 1459/1159/1750 1369/1190/1750
f 1414/1188/1751 1462/1170/1751 1457/1171/1751 1362/1191/1751
f 1369/1190/1752 1459/1159/1752 1460/1169/1752 1378/1187/1752
f 1447/1186/1753 1464/1113/1753 1461/1158/1753 1404/1189/1753
f 1448/1166/1754 1465/1162/1754 1456/1104/1754 1413/1165/1754
f 1409/1168/1755 1454/1105/1755 1455/1136/1755 1412/1167/1755
f 1413/1165/1756 1456/1104/1756 1454/1105/1756 1409/1168/1756
f 1408/1173/1757 1453/1089/1757 1457/1098/1757 1410/1172/1757
f 1407/1175/1758 1452/1094/1758 1458/1095/1758 1411/1174/1758
f 1423/1176/1759 1463/1088/1759 1453/1089/1759 1408/1173/1759
f 1394/1086/1722 1494/1086/1722 1492/1178/1722 1392/1178/1722
f 1392/1084/1723 1492/1084/1723 1491/1177/1723 1391/1177/1723
f 1393/1140/1724 1493/1140/1724 1494/1086/1724 1394/1086/1724
f 1391/1141/1684 1491/1141/1684 1493/1140/1684 1393/1140/1684
usemtl texturaojo1
f 1476/1192/1760 1474/1195/1760 1467/1194/1760 1466/1193/1760
f 1466/1193/1761 1467/1194/1761 1468/1197/1761 1470/1196/1761
f 1467/1194/1762 1471/1199/1762 1472/1198/1762 1468/1197/1762
f 1474/1195/1763 1475/1200/1763 1471/1199/1763 1467/1194/1763
f 1486/1201/1764 1487/1202/1764 1475/1200/1764 1474/1195/1764
f 1488/1203/1765 1486/1201/1765 1474/1195/1765 1476/1192/1765
f 1490/1204/1766 1488/1203/1766 1476/1192/1766 1479/1205/1766
f 1477/1206/1767 1466/1193/1767 1470/1196/1767 1478/1207/1767
f 1479/1205/1768 1476/1192/1768 1466/1193/1768 1477/1206/1768
f 1478/1207/1769 1470/1196/1769 1480/1209/1769 1481/1208/1769
f 1468/1197/1770 1472/1198/1770 1473/1211/1770 1469/1210/1770
f 1470/1196/1771 1468/1197/1771 1469/1210/1771 1480/1209/1771
f 1472/1198/1772 1483/1213/1772 1485/1212/1772 1473/1211/1772
f 1487/1202/1773 1489/1215/1773 1484/1214/1773 1475/1200/1773
f 1471/1199/1774 1482/1216/1774 1483/1213/1774 1472/1198/1774
f 1475/1200/1775 1484/1214/1775 1482/1216/1775 1471/1199/1775
o Cylinder.001
v 0.000000 0.459849 -0.075733
v 0.000000 0.645028 -0.075733
v 0.014775 0.459849 -0.074277
v 0.014775 0.645028 -0.074277
v 0.028982 0.459849 -0.069968
v 0.028982 0.645028 -0.069968
v 0.042075 0.459849 -0.062969
v 0.042075 0.645028 -0.062969
v 0.053551 0.459849 -0.053551
v 0.053551 0.645028 -0.053551
v 0.062969 0.459849 -0.042075
v 0.062969 0.645028 -0.042075
v 0.069968 0.459849 -0.028982
v 0.069968 0.645028 -0.028982
v 0.074277 0.459849 -0.014775
v 0.074277 0.645028 -0.014775
v 0.075733 0.459849 0.000000
v 0.075733 0.645028 0.000000
v 0.074277 0.459849 0.014775
v 0.074277 0.645028 0.014775
v 0.069968 0.459849 0.028982
v 0.069968 0.645028 0.028982
v 0.062969 0.459849 0.042075
v 0.062969 0.645028 0.042075
v 0.053551 0.459849 0.053551
v 0.053551 0.645028 0.053551
v 0.042075 0.459849 0.062969
v 0.042075 0.645028 0.062969
v 0.028982 0.459849 0.069968
v 0.028982 0.645028 0.069968
v 0.014775 0.459849 0.074277
v 0.014775 0.645028 0.074277
v 0.000000 0.459849 0.075733
v 0.000000 0.645028 0.075733
v -0.014775 0.459849 0.074277
v -0.014775 0.645028 0.074277
v -0.028982 0.459849 0.069968
v -0.028982 0.645028 0.069968
v -0.042075 0.459849 0.062969
v -0.042075 0.645028 0.062969
v -0.053551 0.459849 0.053551
v -0.053551 0.645028 0.053551
v -0.062969 0.459849 0.042075
v -0.062969 0.645028 0.042075
v -0.069968 0.459849 0.028982
v -0.069968 0.645028 0.028982
v -0.074277 0.459849 0.014775
v -0.074277 0.645028 0.014775
v -0.075733 0.459849 0.000000
v -0.075733 0.645028 0.000000
v -0.074277 0.459849 -0.014775
v -0.074277 0.645028 -0.014775
v -0.069968 0.459849 -0.028982
v -0.069968 0.645028 -0.028982
v -0.062969 0.459849 -0.042075
v -0.062969 0.645028 -0.042075
v -0.053551 0.459849 -0.053551
v -0.053551 0.645028 -0.053551
v -0.042075 0.459849 -0.062969
v -0.042075 0.645028 -0.062969
v -0.028982 0.459849 -0.069968
v -0.028982 0.645028 -0.069968
v -0.014775 0.459849 -0.074277
v -0.014775 0.645028 -0.074277
vn -0.0000 -0.0000 -1.0000
vn 0.1951 -0.0000 -0.9808
vn 0.3827 -0.0000 -0.9239
vn 0.5556 -0.0000 -0.8315
vn 0.7071 -0.0000 -0.7071
vn 0.8315 -0.0000 -0.5556
vn 0.9239 -0.0000 -0.3827
vn 0.9808 -0.0000 -0.1951
vn 1.0000 -0.0000 -0.0000
vn 0.9808 -0.0000 0.1951
vn 0.9239 -0.0000 0.3827
vn 0.8315 -0.0000 0.5556
vn 0.7071 -0.0000 0.7071
vn 0.5556 -0.0000 0.8315
vn 0.3827 -0.0000 0.9239
vn 0.1951 -0.0000 0.9808
vn -0.0000 -0.0000 1.0000
vn -0.1951 -0.0000 0.9808
vn -0.3827 -0.0000 0.9239
vn -0.5556 -0.0000 0.8315
vn -0.7071 -0.0000 0.7071
vn -0.8315 -0.0000 0.5556
vn -0.9239 -0.0000 0.3827
vn -0.9808 -0.0000 0.1951
vn -1.0000 -0.0000 -0.0000
vn -0.9808 -0.0000 -0.1951
vn -0.9239 -0.0000 -0.3827
vn -0.8315 -0.0000 -0.5556
vn -0.7071 -0.0000 -0.7071
vn -0.5556 -0.0000 -0.8315
vn -0.3827 -0.0000 -0.9239
vn -0.0000 1.0000 -0.0000
vn -0.1951 -0.0000 -0.9808
vn -0.0000 -1.0000 -0.0000
vt 1.000000 0.500000
vt 1.000000 1.000000
vt 0.968750 1.000000
vt 0.968750 0.500000
vt 0.937500 1.000000
vt 0.937500 0.500000
vt 0.906250 1.000000
vt 0.906250 0.500000
vt 0.875000 1.000000
vt 0.875000 0.500000
vt 0.843750 1.000000
vt 0.843750 0.500000
vt 0.812500 1.000000
vt 0.812500 0.500000
vt 0.781250 1.000000
vt 0.781250 0.500000
vt 0.750000 1.000000
vt 0.750000 0.500000
vt 0.718750 1.000000
vt 0.718750 0.500000
vt 0.687500 1.000000
vt 0.687500 0.500000
vt 0.656250 1.000000
vt 0.656250 0.500000
vt 0.625000 1.000000
vt 0.625000 0.500000
vt 0.593750 1.000000
vt 0.593750 0.500000
vt 0.562500 1.000000
vt 0.562500 0.500000
vt 0.531250 1.000000
vt 0.531250 0.500000
vt 0.500000 1.000000
vt 0.500000 0.500000
vt 0.468750 1.000000
vt 0.468750 0.500000
vt 0.437500 1.000000
vt 0.437500 0.500000
vt 0.406250 1.000000
vt 0.406250 0.500000
vt 0.375000 1.000000
vt 0.375000 0.500000
vt 0.343750 1.000000
vt 0.343750 0.500000
vt 0.312500 1.000000
vt 0.312500 0.500000
vt 0.281250 1.000000
vt 0.281250 0.500000
vt 0.250000 1.000000
vt 0.250000 0.500000
vt 0.218750 1.000000
vt 0.218750 0.500000
vt 0.187500 1.000000
vt 0.187500 0.500000
vt 0.156250 1.000000
vt 0.156250 0.500000
vt 0.125000 1.000000
vt 0.125000 0.500000
vt 0.093750 1.000000
vt 0.093750 0.500000
vt 0.062500 1.000000
vt 0.062500 0.500000
vt 0.296822 0.485388
vt 0.250000 0.490000
vt 0.203178 0.485388
vt 0.158156 0.471731
vt 0.116663 0.449553
vt 0.080294 0.419706
vt 0.050447 0.383337
vt 0.028269 0.341844
vt 0.014612 0.296822
vt 0.010000 0.250000
vt 0.014612 0.203178
vt 0.028269 0.158156
vt 0.050447 0.116663
vt 0.080294 0.080294
vt 0.116663 0.050447
vt 0.158156 0.028269
vt 0.203178 0.014612
vt 0.250000 0.010000
vt 0.296822 0.014612
vt 0.341844 0.028269
vt 0.383337 0.050447
vt 0.419706 0.080294
vt 0.449553 0.116663
vt 0.471731 0.158156
vt 0.485388 0.203178
vt 0.490000 0.250000
vt 0.485388 0.296822
vt 0.471731 0.341844
vt 0.449553 0.383337
vt 0.419706 0.419706
vt 0.383337 0.449553
vt 0.341844 0.471731
vt 0.031250 1.000000
vt 0.031250 0.500000
vt 0.000000 1.000000
vt 0.000000 0.500000
vt 0.750000 0.490000
vt 0.796822 0.485388
vt 0.841844 0.471731
vt 0.883337 0.449553
vt 0.919706 0.419706
vt 0.949553 0.383337
vt 0.971731 0.341844
vt 0.985388 0.296822
vt 0.990000 0.250000
vt 0.985388 0.203178
vt 0.971731 0.158156
vt 0.949553 0.116663
vt 0.919706 0.080294
vt 0.883337 0.050447
vt 0.841844 0.028269
vt 0.796822 0.014612
vt 0.750000 0.010000
vt 0.703178 0.014612
vt 0.658156 0.028269
vt 0.616663 0.050447
vt 0.580294 0.080294
vt 0.550447 0.116663
vt 0.528269 0.158156
vt 0.514612 0.203178
vt 0.510000 0.250000
vt 0.514612 0.296822
vt 0.528269 0.341844
vt 0.550447 0.383337
vt 0.580294 0.419706
vt 0.616663 0.449553
vt 0.658156 0.471731
vt 0.703178 0.485388
s 1
f 1495/1217/1776 1496/1218/1776 1498/1219/1777 1497/1220/1777
f 1497/1220/1777 1498/1219/1777 1500/1221/1778 1499/1222/1778
f 1499/1222/1778 1500/1221/1778 1502/1223/1779 1501/1224/1779
f 1501/1224/1779 1502/1223/1779 1504/1225/1780 1503/1226/1780
f 1503/1226/1780 1504/1225/1780 1506/1227/1781 1505/1228/1781
f 1505/1228/1781 1506/1227/1781 1508/1229/1782 1507/1230/1782
f 1507/1230/1782 1508/1229/1782 1510/1231/1783 1509/1232/1783
f 1509/1232/1783 1510/1231/1783 1512/1233/1784 1511/1234/1784
f 1511/1234/1784 1512/1233/1784 1514/1235/1785 1513/1236/1785
f 1513/1236/1785 1514/1235/1785 1516/1237/1786 1515/1238/1786
f 1515/1238/1786 1516/1237/1786 1518/1239/1787 1517/1240/1787
f 1517/1240/1787 1518/1239/1787 1520/1241/1788 1519/1242/1788
f 1519/1242/1788 1520/1241/1788 1522/1243/1789 1521/1244/1789
f 1521/1244/1789 1522/1243/1789 1524/1245/1790 1523/1246/1790
f 1523/1246/1790 1524/1245/1790 1526/1247/1791 1525/1248/1791
f 1525/1248/1791 1526/1247/1791 1528/1249/1792 1527/1250/1792
f 1527/1250/1792 1528/1249/1792 1530/1251/1793 1529/1252/1793
f 1529/1252/1793 1530/1251/1793 1532/1253/1794 1531/1254/1794
f 1531/1254/1794 1532/1253/1794 1534/1255/1795 1533/1256/1795
f 1533/1256/1795 1534/1255/1795 1536/1257/1796 1535/1258/1796
f 1535/1258/1796 1536/1257/1796 1538/1259/1797 1537/1260/1797
f 1537/1260/1797 1538/1259/1797 1540/1261/1798 1539/1262/1798
f 1539/1262/1798 1540/1261/1798 1542/1263/1799 1541/1264/1799
f 1541/1264/1799 1542/1263/1799 1544/1265/1800 1543/1266/1800
f 1543/1266/1800 1544/1265/1800 1546/1267/1801 1545/1268/1801
f 1545/1268/1801 1546/1267/1801 1548/1269/1802 1547/1270/1802
f 1547/1270/1802 1548/1269/1802 1550/1271/1803 1549/1272/1803
f 1549/1272/1803 1550/1271/1803 1552/1273/1804 1551/1274/1804
f 1551/1274/1804 1552/1273/1804 1554/1275/1805 1553/1276/1805
f 1553/1276/1805 1554/1275/1805 1556/1277/1806 1555/1278/1806
f 1498/1279/1807 1496/1280/1807 1558/1281/1807 1556/1282/1807 1554/1283/1807 1552/1284/1807 1550/1285/1807 1548/1286/1807 1546/1287/1807 1544/1288/1807 1542/1289/1807 1540/1290/1807 1538/1291/1807 1536/1292/1807 1534/1293/1807 1532/1294/1807 1530/1295/1807 1528/1296/1807 1526/1297/1807 1524/1298/1807 1522/1299/1807 1520/1300/1807 1518/1301/1807 1516/1302/1807 1514/1303/1807 1512/1304/1807 1510/1305/1807 1508/1306/1807 1506/1307/1807 1504/1308/1807 1502/1309/1807 1500/1310/1807
f 1555/1278/1806 1556/1277/1806 1558/1311/1808 1557/1312/1808
f 1557/1312/1808 1558/1311/1808 1496/1313/1776 1495/1314/1776
f 1495/1315/1809 1497/1316/1809 1499/1317/1809 1501/1318/1809 1503/1319/1809 1505/1320/1809 1507/1321/1809 1509/1322/1809 1511/1323/1809 1513/1324/1809 1515/1325/1809 1517/1326/1809 1519/1327/1809 1521/1328/1809 1523/1329/1809 1525/1330/1809 1527/1331/1809 1529/1332/1809 1531/1333/1809 1533/1334/1809 1535/1335/1809 1537/1336/1809 1539/1337/1809 1541/1338/1809 1543/1339/1809 1545/1340/1809 1547/1341/1809 1549/1342/1809 1551/1343/1809 1553/1344/1809 1555/1345/1809 1557/1346/1809
o Cylinder.002
v -0.009253 -0.266012 -1.697282
v -0.009253 0.310447 -0.811134
v -0.001351 -0.266723 -1.696820
v -0.001351 0.309737 -0.810672
v 0.006248 -0.268826 -1.695451
v 0.006248 0.307634 -0.809303
v 0.013251 -0.272241 -1.693230
v 0.013251 0.304218 -0.807082
v 0.019389 -0.276837 -1.690240
v 0.019389 0.299622 -0.804092
v 0.024427 -0.282438 -1.686596
v 0.024427 0.294021 -0.800448
v 0.028170 -0.288828 -1.682440
v 0.028170 0.287632 -0.796292
v 0.030475 -0.295761 -1.677929
v 0.030475 0.280699 -0.791781
v 0.031253 -0.302971 -1.673239
v 0.031253 0.273488 -0.787091
v 0.030475 -0.310182 -1.668548
v 0.030475 0.266278 -0.782400
v 0.028170 -0.317115 -1.664038
v 0.028170 0.259345 -0.777890
v 0.024427 -0.323505 -1.659882
v 0.024427 0.252955 -0.773733
v 0.019389 -0.329105 -1.656238
v 0.019389 0.247354 -0.770090
v 0.013251 -0.333702 -1.653248
v 0.013251 0.242758 -0.767100
v 0.006248 -0.337117 -1.651026
v 0.006248 0.239343 -0.764878
v -0.001351 -0.339220 -1.649658
v -0.001351 0.237239 -0.763510
v -0.009253 -0.339930 -1.649196
v -0.009253 0.236529 -0.763048
v -0.017155 -0.339220 -1.649658
v -0.017155 0.237239 -0.763510
v -0.024754 -0.337117 -1.651026
v -0.024754 0.239343 -0.764878
v -0.031757 -0.333702 -1.653248
v -0.031757 0.242758 -0.767100
v -0.037895 -0.329105 -1.656238
v -0.037895 0.247354 -0.770090
v -0.042933 -0.323505 -1.659882
v -0.042933 0.252955 -0.773733
v -0.046676 -0.317115 -1.664038
v -0.046676 0.259345 -0.777890
v -0.048981 -0.310182 -1.668548
v -0.048981 0.266278 -0.782400
v -0.049760 -0.302971 -1.673239
v -0.049760 0.273488 -0.787091
v -0.048981 -0.295761 -1.677929
v -0.048981 0.280699 -0.791781
v -0.046676 -0.288828 -1.682440
v -0.046676 0.287632 -0.796292
v -0.042933 -0.282438 -1.686596
v -0.042933 0.294021 -0.800448
v -0.037895 -0.276837 -1.690240
v -0.037895 0.299622 -0.804092
v -0.031757 -0.272241 -1.693230
v -0.031757 0.304218 -0.807082
v -0.024754 -0.268826 -1.695451
v -0.024754 0.307634 -0.809303
v -0.017155 -0.266723 -1.696820
v -0.017155 0.309737 -0.810672
vn -0.0000 0.8382 -0.5453
vn 0.2116 0.8193 -0.5329
vn 0.4110 0.7642 -0.4971
vn 0.5882 0.6779 -0.4410
vn 0.7364 0.5671 -0.3689
vn 0.8522 0.4385 -0.2853
vn 0.9346 0.2981 -0.1939
vn 0.9837 0.1507 -0.0980
vn 1.0000 -0.0000 -0.0000
vn 0.9837 -0.1507 0.0980
vn 0.9346 -0.2981 0.1939
vn 0.8522 -0.4385 0.2853
vn 0.7364 -0.5671 0.3689
vn 0.5882 -0.6779 0.4410
vn 0.4110 -0.7642 0.4971
vn 0.2116 -0.8193 0.5329
vn -0.0000 -0.8382 0.5453
vn -0.2116 -0.8193 0.5329
vn -0.4110 -0.7642 0.4971
vn -0.5882 -0.6779 0.4410
vn -0.7364 -0.5671 0.3689
vn -0.8522 -0.4385 0.2853
vn -0.9346 -0.2981 0.1939
vn -0.9837 -0.1507 0.0980
vn -1.0000 -0.0000 -0.0000
vn -0.9837 0.1507 -0.0980
vn -0.9346 0.2981 -0.1939
vn -0.8522 0.4385 -0.2853
vn -0.7364 0.5671 -0.3689
vn -0.5882 0.6779 -0.4410
vn -0.4110 0.7642 -0.4971
vn -0.0000 0.5453 0.8382
vn -0.2116 0.8193 -0.5329
vn -0.0000 -0.5453 -0.8382
vt 1.000000 0.500000
vt 1.000000 1.000000
vt 0.968750 1.000000
vt 0.968750 0.500000
vt 0.937500 1.000000
vt 0.937500 0.500000
vt 0.906250 1.000000
vt 0.906250 0.500000
vt 0.875000 1.000000
vt 0.875000 0.500000
vt 0.843750 1.000000
vt 0.843750 0.500000
vt 0.812500 1.000000
vt 0.812500 0.500000
vt 0.781250 1.000000
vt 0.781250 0.500000
vt 0.750000 1.000000
vt 0.750000 0.500000
vt 0.718750 1.000000
vt 0.718750 0.500000
vt 0.687500 1.000000
vt 0.687500 0.500000
vt 0.656250 1.000000
vt 0.656250 0.500000
vt 0.625000 1.000000
vt 0.625000 0.500000
vt 0.593750 1.000000
vt 0.593750 0.500000
vt 0.562500 1.000000
vt 0.562500 0.500000
vt 0.531250 1.000000
vt 0.531250 0.500000
vt 0.500000 1.000000
vt 0.500000 0.500000
vt 0.468750 1.000000
vt 0.468750 0.500000
vt 0.437500 1.000000
vt 0.437500 0.500000
vt 0.406250 1.000000
vt 0.406250 0.500000
vt 0.375000 1.000000
vt 0.375000 0.500000
vt 0.343750 1.000000
vt 0.343750 0.500000
vt 0.312500 1.000000
vt 0.312500 0.500000
vt 0.281250 1.000000
vt 0.281250 0.500000
vt 0.250000 1.000000
vt 0.250000 0.500000
vt 0.218750 1.000000
vt 0.218750 0.500000
vt 0.187500 1.000000
vt 0.187500 0.500000
vt 0.156250 1.000000
vt 0.156250 0.500000
vt 0.125000 1.000000
vt 0.125000 0.500000
vt 0.093750 1.000000
vt 0.093750 0.500000
vt 0.062500 1.000000
vt 0.062500 0.500000
vt 0.296822 0.485388
vt 0.250000 0.490000
vt 0.203178 0.485388
vt 0.158156 0.471731
vt 0.116663 0.449553
vt 0.080294 0.419706
vt 0.050447 0.383337
vt 0.028269 0.341844
vt 0.014612 0.296822
vt 0.010000 0.250000
vt 0.014612 0.203178
vt 0.028269 0.158156
vt 0.050447 0.116663
vt 0.080294 0.080294
vt 0.116663 0.050447
vt 0.158156 0.028269
vt 0.203178 0.014612
vt 0.250000 0.010000
vt 0.296822 0.014612
vt 0.341844 0.028269
vt 0.383337 0.050447
vt 0.419706 0.080294
vt 0.449553 0.116663
vt 0.471731 0.158156
vt 0.485388 0.203178
vt 0.490000 0.250000
vt 0.485388 0.296822
vt 0.471731 0.341844
vt 0.449553 0.383337
vt 0.419706 0.419706
vt 0.383337 0.449553
vt 0.341844 0.471731
vt 0.031250 1.000000
vt 0.031250 0.500000
vt 0.000000 1.000000
vt 0.000000 0.500000
vt 0.750000 0.490000
vt 0.796822 0.485388
vt 0.841844 0.471731
vt 0.883337 0.449553
vt 0.919706 0.419706
vt 0.949553 0.383337
vt 0.971731 0.341844
vt 0.985388 0.296822
vt 0.990000 0.250000
vt 0.985388 0.203178
vt 0.971731 0.158156
vt 0.949553 0.116663
vt 0.919706 0.080294
vt 0.883337 0.050447
vt 0.841844 0.028269
vt 0.796822 0.014612
vt 0.750000 0.010000
vt 0.703178 0.014612
vt 0.658156 0.028269
vt 0.616663 0.050447
vt 0.580294 0.080294
vt 0.550447 0.116663
vt 0.528269 0.158156
vt 0.514612 0.203178
vt 0.510000 0.250000
vt 0.514612 0.296822
vt 0.528269 0.341844
vt 0.550447 0.383337
vt 0.580294 0.419706
vt 0.616663 0.449553
vt 0.658156 0.471731
vt 0.703178 0.485388
s 1
usemtl extremidad
f 1559/1347/1810 1560/1348/1810 1562/1349/1811 1561/1350/1811
f 1561/1350/1811 1562/1349/1811 1564/1351/1812 1563/1352/1812
f 1563/1352/1812 1564/1351/1812 1566/1353/1813 1565/1354/1813
f 1565/1354/1813 1566/1353/1813 1568/1355/1814 1567/1356/1814
f 1567/1356/1814 1568/1355/1814 1570/1357/1815 1569/1358/1815
f 1569/1358/1815 1570/1357/1815 1572/1359/1816 1571/1360/1816
f 1571/1360/1816 1572/1359/1816 1574/1361/1817 1573/1362/1817
f 1573/1362/1817 1574/1361/1817 1576/1363/1818 1575/1364/1818
f 1575/1364/1818 1576/1363/1818 1578/1365/1819 1577/1366/1819
f 1577/1366/1819 1578/1365/1819 1580/1367/1820 1579/1368/1820
f 1579/1368/1820 1580/1367/1820 1582/1369/1821 1581/1370/1821
f 1581/1370/1821 1582/1369/1821 1584/1371/1822 1583/1372/1822
f 1583/1372/1822 1584/1371/1822 1586/1373/1823 1585/1374/1823
f 1585/1374/1823 1586/1373/1823 1588/1375/1824 1587/1376/1824
f 1587/1376/1824 1588/1375/1824 1590/1377/1825 1589/1378/1825
f 1589/1378/1825 1590/1377/1825 1592/1379/1826 1591/1380/1826
f 1591/1380/1826 1592/1379/1826 1594/1381/1827 1593/1382/1827
f 1593/1382/1827 1594/1381/1827 1596/1383/1828 1595/1384/1828
f 1595/1384/1828 1596/1383/1828 1598/1385/1829 1597/1386/1829
f 1597/1386/1829 1598/1385/1829 1600/1387/1830 1599/1388/1830
f 1599/1388/1830 1600/1387/1830 1602/1389/1831 1601/1390/1831
f 1601/1390/1831 1602/1389/1831 1604/1391/1832 1603/1392/1832
f 1603/1392/1832 1604/1391/1832 1606/1393/1833 1605/1394/1833
f 1605/1394/1833 1606/1393/1833 1608/1395/1834 1607/1396/1834
f 1607/1396/1834 1608/1395/1834 1610/1397/1835 1609/1398/1835
f 1609/1398/1835 1610/1397/1835 1612/1399/1836 1611/1400/1836
f 1611/1400/1836 1612/1399/1836 1614/1401/1837 1613/1402/1837
f 1613/1402/1837 1614/1401/1837 1616/1403/1838 1615/1404/1838
f 1615/1404/1838 1616/1403/1838 1618/1405/1839 1617/1406/1839
f 1617/1406/1839 1618/1405/1839 1620/1407/1840 1619/1408/1840
f 1562/1409/1841 1560/1410/1841 1622/1411/1841 1620/1412/1841 1618/1413/1841 1616/1414/1841 1614/1415/1841 1612/1416/1841 1610/1417/1841 1608/1418/1841 1606/1419/1841 1604/1420/1841 1602/1421/1841 1600/1422/1841 1598/1423/1841 1596/1424/1841 1594/1425/1841 1592/1426/1841 1590/1427/1841 1588/1428/1841 1586/1429/1841 1584/1430/1841 1582/1431/1841 1580/1432/1841 1578/1433/1841 1576/1434/1841 1574/1435/1841 1572/1436/1841 1570/1437/1841 1568/1438/1841 1566/1439/1841 1564/1440/1841
f 1619/1408/1840 1620/1407/1840 1622/1441/1842 1621/1442/1842
f 1621/1442/1842 1622/1441/1842 1560/1443/1810 1559/1444/1810
f 1559/1445/1843 1561/1446/1843 1563/1447/1843 1565/1448/1843 1567/1449/1843 1569/1450/1843 1571/1451/1843 1573/1452/1843 1575/1453/1843 1577/1454/1843 1579/1455/1843 1581/1456/1843 1583/1457/1843 1585/1458/1843 1587/1459/1843 1589/1460/1843 1591/1461/1843 1593/1462/1843 1595/1463/1843 1597/1464/1843 1599/1465/1843 1601/1466/1843 1603/1467/1843 1605/1468/1843 1607/1469/1843 1609/1470/1843 1611/1471/1843 1613/1472/1843 1615/1473/1843 1617/1474/1843 1619/1475/1843 1621/1476/1843
o Cylinder.003
v 0.018244 -0.447580 1.660804
v -0.047918 0.214715 0.839493
v 0.025720 -0.449353 1.658772
v -0.040442 0.212942 0.837461
v 0.033640 -0.449839 1.657741
v -0.032521 0.212455 0.836430
v 0.041701 -0.449022 1.657752
v -0.024460 0.213273 0.836440
v 0.049592 -0.446930 1.658802
v -0.016569 0.215364 0.837491
v 0.057010 -0.443646 1.660853
v -0.009151 0.218649 0.839542
v 0.063670 -0.439295 1.663825
v -0.002491 0.222999 0.842514
v 0.069316 -0.434045 1.667604
v 0.003155 0.228250 0.846293
v 0.073731 -0.428097 1.672045
v 0.007570 0.234198 0.850734
v 0.076745 -0.421679 1.676977
v 0.010584 0.240616 0.855666
v 0.078243 -0.415039 1.682211
v 0.012082 0.247256 0.860899
v 0.078167 -0.408432 1.687545
v 0.012006 0.253863 0.866234
v 0.076520 -0.402111 1.692775
v 0.010358 0.260184 0.871464
v 0.073365 -0.396319 1.697699
v 0.007203 0.265975 0.876388
v 0.068823 -0.391280 1.702129
v 0.002662 0.271015 0.880817
v 0.063070 -0.387186 1.705894
v -0.003092 0.275109 0.884582
v 0.056325 -0.384195 1.708849
v -0.009836 0.278100 0.887537
v 0.048849 -0.382422 1.710881
v -0.017312 0.279872 0.889569
v 0.040928 -0.381935 1.711911
v -0.025233 0.280359 0.890600
v 0.032868 -0.382753 1.711901
v -0.033294 0.279541 0.890590
v 0.024977 -0.384844 1.710850
v -0.041185 0.277450 0.889539
v 0.017559 -0.388129 1.708800
v -0.048603 0.274166 0.887488
v 0.010899 -0.392480 1.705828
v -0.055263 0.269815 0.884516
v 0.005253 -0.397730 1.702049
v -0.060909 0.264565 0.880737
v 0.000838 -0.403678 1.697608
v -0.065324 0.258617 0.876296
v -0.002177 -0.410096 1.692676
v -0.068338 0.252199 0.871364
v -0.003674 -0.416736 1.687442
v -0.069836 0.245559 0.866130
v -0.003598 -0.423343 1.682108
v -0.069760 0.238952 0.860796
v -0.001951 -0.429664 1.676878
v -0.068113 0.232631 0.855566
v 0.001204 -0.435455 1.671953
v -0.064958 0.226839 0.850642
v 0.005745 -0.440495 1.667524
v -0.060416 0.221800 0.846212
v 0.011499 -0.444589 1.663759
v -0.054662 0.217706 0.842448
vn -0.4319 -0.7188 -0.5448
vn -0.2317 -0.7663 -0.5993
vn -0.0239 -0.7792 -0.6264
vn 0.1800 -0.7586 -0.6262
vn 0.3704 -0.7083 -0.6010
vn 0.5409 -0.6329 -0.5539
vn 0.6873 -0.5373 -0.4887
vn 0.8075 -0.4257 -0.4083
vn 0.8998 -0.3014 -0.3155
vn 0.9627 -0.1673 -0.2125
vn 0.9945 -0.0261 -0.1011
vn 0.9927 0.1192 0.0161
vn 0.9548 0.2643 0.1362
vn 0.8785 0.4040 0.2550
vn 0.7635 0.5314 0.3670
vn 0.6125 0.6387 0.4657
vn 0.4319 0.7188 0.5448
vn 0.2317 0.7663 0.5993
vn 0.0239 0.7792 0.6264
vn -0.1800 0.7586 0.6262
vn -0.3704 0.7083 0.6010
vn -0.5409 0.6329 0.5539
vn -0.6873 0.5373 0.4887
vn -0.8075 0.4257 0.4083
vn -0.8998 0.3014 0.3155
vn -0.9627 0.1673 0.2125
vn -0.9945 0.0261 0.1011
vn -0.9927 -0.1192 -0.0161
vn -0.9548 -0.2643 -0.1362
vn -0.8785 -0.4040 -0.2550
vn -0.7635 -0.5314 -0.3670
vn -0.0626 0.6265 -0.7769
vn -0.6125 -0.6387 -0.4657
vn 0.0626 -0.6265 0.7769
vt 1.000000 0.500000
vt 1.000000 1.000000
vt 0.968750 1.000000
vt 0.968750 0.500000
vt 0.937500 1.000000
vt 0.937500 0.500000
vt 0.906250 1.000000
vt 0.906250 0.500000
vt 0.875000 1.000000
vt 0.875000 0.500000
vt 0.843750 1.000000
vt 0.843750 0.500000
vt 0.812500 1.000000
vt 0.812500 0.500000
vt 0.781250 1.000000
vt 0.781250 0.500000
vt 0.750000 1.000000
vt 0.750000 0.500000
vt 0.718750 1.000000
vt 0.718750 0.500000
vt 0.687500 1.000000
vt 0.687500 0.500000
vt 0.656250 1.000000
vt 0.656250 0.500000
vt 0.625000 1.000000
vt 0.625000 0.500000
vt 0.593750 1.000000
vt 0.593750 0.500000
vt 0.562500 1.000000
vt 0.562500 0.500000
vt 0.531250 1.000000
vt 0.531250 0.500000
vt 0.500000 1.000000
vt 0.500000 0.500000
vt 0.468750 1.000000
vt 0.468750 0.500000
vt 0.437500 1.000000
vt 0.437500 0.500000
vt 0.406250 1.000000
vt 0.406250 0.500000
vt 0.375000 1.000000
vt 0.375000 0.500000
vt 0.343750 1.000000
vt 0.343750 0.500000
vt 0.312500 1.000000
vt 0.312500 0.500000
vt 0.281250 1.000000
vt 0.281250 0.500000
vt 0.250000 1.000000
vt 0.250000 0.500000
vt 0.218750 1.000000
vt 0.218750 0.500000
vt 0.187500 1.000000
vt 0.187500 0.500000
vt 0.156250 1.000000
vt 0.156250 0.500000
vt 0.125000 1.000000
vt 0.125000 0.500000
vt 0.093750 1.000000
vt 0.093750 0.500000
vt 0.062500 1.000000
vt 0.062500 0.500000
vt 0.296822 0.485388
vt 0.250000 0.490000
vt 0.203178 0.485388
vt 0.158156 0.471731
vt 0.116663 0.449553
vt 0.080294 0.419706
vt 0.050447 0.383337
vt 0.028269 0.341844
vt 0.014612 0.296822
vt 0.010000 0.250000
vt 0.014612 0.203178
vt 0.028269 0.158156
vt 0.050447 0.116663
vt 0.080294 0.080294
vt 0.116663 0.050447
vt 0.158156 0.028269
vt 0.203178 0.014612
vt 0.250000 0.010000
vt 0.296822 0.014612
vt 0.341844 0.028269
vt 0.383337 0.050447
vt 0.419706 0.080294
vt 0.449553 0.116663
vt 0.471731 0.158156
vt 0.485388 0.203178
vt 0.490000 0.250000
vt 0.485388 0.296822
vt 0.471731 0.341844
vt 0.449553 0.383337
vt 0.419706 0.419706
vt 0.383337 0.449553
vt 0.341844 0.471731
vt 0.031250 1.000000
vt 0.031250 0.500000
vt 0.000000 1.000000
vt 0.000000 0.500000
vt 0.750000 0.490000
vt 0.796822 0.485388
vt 0.841844 0.471731
vt 0.883337 0.449553
vt 0.919706 0.419706
vt 0.949553 0.383337
vt 0.971731 0.341844
vt 0.985388 0.296822
vt 0.990000 0.250000
vt 0.985388 0.203178
vt 0.971731 0.158156
vt 0.949553 0.116663
vt 0.919706 0.080294
vt 0.883337 0.050447
vt 0.841844 0.028269
vt 0.796822 0.014612
vt 0.750000 0.010000
vt 0.703178 0.014612
vt 0.658156 0.028269
vt 0.616663 0.050447
vt 0.580294 0.080294
vt 0.550447 0.116663
vt 0.528269 0.158156
vt 0.514612 0.203178
vt 0.510000 0.250000
vt 0.514612 0.296822
vt 0.528269 0.341844
vt 0.550447 0.383337
vt 0.580294 0.419706
vt 0.616663 0.449553
vt 0.658156 0.471731
vt 0.703178 0.485388
s 1
usemtl extremidad
f 1623/1477/1844 1624/1478/1844 1626/1479/1845 1625/1480/1845
f 1625/1480/1845 1626/1479/1845 1628/1481/1846 1627/1482/1846
f 1627/1482/1846 1628/1481/1846 1630/1483/1847 1629/1484/1847
f 1629/1484/1847 1630/1483/1847 1632/1485/1848 1631/1486/1848
f 1631/1486/1848 1632/1485/1848 1634/1487/1849 1633/1488/1849
f 1633/1488/1849 1634/1487/1849 1636/1489/1850 1635/1490/1850
f 1635/1490/1850 1636/1489/1850 1638/1491/1851 1637/1492/1851
f 1637/1492/1851 1638/1491/1851 1640/1493/1852 1639/1494/1852
f 1639/1494/1852 1640/1493/1852 1642/1495/1853 1641/1496/1853
f 1641/1496/1853 1642/1495/1853 1644/1497/1854 1643/1498/1854
f 1643/1498/1854 1644/1497/1854 1646/1499/1855 1645/1500/1855
f 1645/1500/1855 1646/1499/1855 1648/1501/1856 1647/1502/1856
f 1647/1502/1856 1648/1501/1856 1650/1503/1857 1649/1504/1857
f 1649/1504/1857 1650/1503/1857 1652/1505/1858 1651/1506/1858
f 1651/1506/1858 1652/1505/1858 1654/1507/1859 1653/1508/1859
f 1653/1508/1859 1654/1507/1859 1656/1509/1860 1655/1510/1860
f 1655/1510/1860 1656/1509/1860 1658/1511/1861 1657/1512/1861
f 1657/1512/1861 1658/1511/1861 1660/1513/1862 1659/1514/1862
f 1659/1514/1862 1660/1513/1862 1662/1515/1863 1661/1516/1863
f 1661/1516/1863 1662/1515/1863 1664/1517/1864 1663/1518/1864
f 1663/1518/1864 1664/1517/1864 1666/1519/1865 1665/1520/1865
f 1665/1520/1865 1666/1519/1865 1668/1521/1866 1667/1522/1866
f 1667/1522/1866 1668/1521/1866 1670/1523/1867 1669/1524/1867
f 1669/1524/1867 1670/1523/1867 1672/1525/1868 1671/1526/1868
f 1671/1526/1868 1672/1525/1868 1674/1527/1869 1673/1528/1869
f 1673/1528/1869 1674/1527/1869 1676/1529/1870 1675/1530/1870
f 1675/1530/1870 1676/1529/1870 1678/1531/1871 1677/1532/1871
f 1677/1532/1871 1678/1531/1871 1680/1533/1872 1679/1534/1872
f 1679/1534/1872 1680/1533/1872 1682/1535/1873 1681/1536/1873
f 1681/1536/1873 1682/1535/1873 1684/1537/1874 1683/1538/1874
f 1626/1539/1875 1624/1540/1875 1686/1541/1875 1684/1542/1875 1682/1543/1875 1680/1544/1875 1678/1545/1875 1676/1546/1875 1674/1547/1875 1672/1548/1875 1670/1549/1875 1668/1550/1875 1666/1551/1875 1664/1552/1875 1662/1553/1875 1660/1554/1875 1658/1555/1875 1656/1556/1875 1654/1557/1875 1652/1558/1875 1650/1559/1875 1648/1560/1875 1646/1561/1875 1644/1562/1875 1642/1563/1875 1640/1564/1875 1638/1565/1875 1636/1566/1875 1634/1567/1875 1632/1568/1875 1630/1569/1875 1628/1570/1875
f 1683/1538/1874 1684/1537/1874 1686/1571/1876 1685/1572/1876
f 1685/1572/1876 1686/1571/1876 1624/1573/1844 1623/1574/1844
f 1623/1575/1877 1625/1576/1877 1627/1577/1877 1629/1578/1877 1631/1579/1877 1633/1580/1877 1635/1581/1877 1637/1582/1877 1639/1583/1877 1641/1584/1877 1643/1585/1877 1645/1586/1877 1647/1587/1877 1649/1588/1877 1651/1589/1877 1653/1590/1877 1655/1591/1877 1657/1592/1877 1659/1593/1877 1661/1594/1877 1663/1595/1877 1665/1596/1877 1667/1597/1877 1669/1598/1877 1671/1599/1877 1673/1600/1877 1675/1601/1877 1677/1602/1877 1679/1603/1877 1681/1604/1877 1683/1605/1877 1685/1606/1877
o Cylinder.004
v -0.004015 -2.178898 -0.284740
v -0.007142 -0.913002 -0.279641
v -0.013603 -2.178918 -0.285704
v -0.016731 -0.913022 -0.280606
v -0.022837 -2.178928 -0.288687
v -0.025964 -0.913033 -0.283589
v -0.031360 -2.178930 -0.293574
v -0.034488 -0.913034 -0.288475
v -0.038847 -2.178922 -0.300177
v -0.041975 -0.913026 -0.295078
v -0.045009 -2.178905 -0.308243
v -0.048136 -0.913009 -0.303144
v -0.049609 -2.178879 -0.317460
v -0.052736 -0.912983 -0.312362
v -0.052470 -2.178845 -0.327477
v -0.055597 -0.912950 -0.322378
v -0.053483 -2.178806 -0.337906
v -0.056610 -0.912910 -0.332807
v -0.052608 -2.178762 -0.348348
v -0.055736 -0.912866 -0.343249
v -0.049880 -2.178714 -0.358401
v -0.053008 -0.912819 -0.353302
v -0.045403 -2.178666 -0.367679
v -0.048531 -0.912771 -0.362580
v -0.039349 -2.178618 -0.375825
v -0.042477 -0.912723 -0.370727
v -0.031951 -2.178573 -0.382527
v -0.035078 -0.912677 -0.377428
v -0.023493 -2.178532 -0.387526
v -0.026620 -0.912636 -0.382428
v -0.014300 -2.178497 -0.390631
v -0.017427 -0.912601 -0.385533
v -0.004725 -2.178469 -0.391723
v -0.007852 -0.912573 -0.386624
v 0.004863 -2.178449 -0.390758
v 0.001736 -0.912553 -0.385660
v 0.014097 -2.178438 -0.387776
v 0.010969 -0.912543 -0.382677
v 0.022621 -2.178437 -0.382889
v 0.019493 -0.912541 -0.377790
v 0.030107 -2.178445 -0.376286
v 0.026980 -0.912549 -0.371187
v 0.036269 -2.178462 -0.368220
v 0.033141 -0.912567 -0.363122
v 0.040869 -2.178488 -0.359002
v 0.037741 -0.912592 -0.353904
v 0.043730 -2.178521 -0.348986
v 0.040603 -0.912626 -0.343888
v 0.044743 -2.178560 -0.338557
v 0.041616 -0.912665 -0.333458
v 0.043869 -2.178605 -0.328115
v 0.040741 -0.912709 -0.323016
v 0.041140 -2.178652 -0.318062
v 0.038013 -0.912757 -0.312963
v 0.036663 -2.178700 -0.308784
v 0.033536 -0.912805 -0.303685
v 0.030609 -2.178748 -0.300637
v 0.027482 -0.912853 -0.295539
v 0.023211 -2.178793 -0.293936
v 0.020083 -0.912898 -0.288837
v 0.014753 -2.178834 -0.288936
v 0.011625 -0.912939 -0.283838
v 0.005560 -2.178870 -0.285831
v 0.002432 -0.912974 -0.280733
vn 0.0066 -0.0040 1.0000
vn -0.2052 -0.0044 0.9787
vn -0.4052 -0.0047 0.9142
vn -0.5830 -0.0047 0.8124
vn -0.7321 -0.0046 0.6812
vn -0.8489 -0.0042 0.5286
vn -0.9323 -0.0038 0.3617
vn -0.9825 -0.0032 0.1862
vn -1.0000 -0.0025 0.0066
vn -0.9849 -0.0017 -0.1731
vn -0.9370 -0.0009 -0.3493
vn -0.8558 -0.0000 -0.5173
vn -0.7411 0.0009 -0.6714
vn -0.5938 0.0018 -0.8046
vn -0.4173 0.0026 -0.9088
vn -0.2182 0.0034 -0.9759
vn -0.0066 0.0040 -1.0000
vn 0.2052 0.0044 -0.9787
vn 0.4052 0.0047 -0.9142
vn 0.5830 0.0047 -0.8124
vn 0.7321 0.0046 -0.6812
vn 0.8489 0.0042 -0.5286
vn 0.9323 0.0038 -0.3617
vn 0.9825 0.0032 -0.1862
vn 1.0000 0.0025 -0.0066
vn 0.9849 0.0017 0.1731
vn 0.9370 0.0009 0.3493
vn 0.8558 -0.0000 0.5173
vn 0.7411 -0.0009 0.6714
vn 0.5938 -0.0018 0.8046
vn 0.4173 -0.0026 0.9088
vn -0.0025 1.0000 0.0040
vn 0.2182 -0.0034 0.9759
vn 0.0025 -1.0000 -0.0040
vt 1.000000 0.500000
vt 1.000000 1.000000
vt 0.968750 1.000000
vt 0.968750 0.500000
vt 0.937500 1.000000
vt 0.937500 0.500000
vt 0.906250 1.000000
vt 0.906250 0.500000
vt 0.875000 1.000000
vt 0.875000 0.500000
vt 0.843750 1.000000
vt 0.843750 0.500000
vt 0.812500 1.000000
vt 0.812500 0.500000
vt 0.781250 1.000000
vt 0.781250 0.500000
vt 0.750000 1.000000
vt 0.750000 0.500000
vt 0.718750 1.000000
vt 0.718750 0.500000
vt 0.687500 1.000000
vt 0.687500 0.500000
vt 0.656250 1.000000
vt 0.656250 0.500000
vt 0.625000 1.000000
vt 0.625000 0.500000
vt 0.593750 1.000000
vt 0.593750 0.500000
vt 0.562500 1.000000
vt 0.562500 0.500000
vt 0.531250 1.000000
vt 0.531250 0.500000
vt 0.500000 1.000000
vt 0.500000 0.500000
vt 0.468750 1.000000
vt 0.468750 0.500000
vt 0.437500 1.000000
vt 0.437500 0.500000
vt 0.406250 1.000000
vt 0.406250 0.500000
vt 0.375000 1.000000
vt 0.375000 0.500000
vt 0.343750 1.000000
vt 0.343750 0.500000
vt 0.312500 1.000000
vt 0.312500 0.500000
vt 0.281250 1.000000
vt 0.281250 0.500000
vt 0.250000 1.000000
vt 0.250000 0.500000
vt 0.218750 1.000000
vt 0.218750 0.500000
vt 0.187500 1.000000
vt 0.187500 0.500000
vt 0.156250 1.000000
vt 0.156250 0.500000
vt 0.125000 1.000000
vt 0.125000 0.500000
vt 0.093750 1.000000
vt 0.093750 0.500000
vt 0.062500 1.000000
vt 0.062500 0.500000
vt 0.296822 0.485388
vt 0.250000 0.490000
vt 0.203178 0.485388
vt 0.158156 0.471731
vt 0.116663 0.449553
vt 0.080294 0.419706
vt 0.050447 0.383337
vt 0.028269 0.341844
vt 0.014612 0.296822
vt 0.010000 0.250000
vt 0.014612 0.203178
vt 0.028269 0.158156
vt 0.050447 0.116663
vt 0.080294 0.080294
vt 0.116663 0.050447
vt 0.158156 0.028269
vt 0.203178 0.014612
vt 0.250000 0.010000
vt 0.296822 0.014612
vt 0.341844 0.028269
vt 0.383337 0.050447
vt 0.419706 0.080294
vt 0.449553 0.116663
vt 0.471731 0.158156
vt 0.485388 0.203178
vt 0.490000 0.250000
vt 0.485388 0.296822
vt 0.471731 0.341844
vt 0.449553 0.383337
vt 0.419706 0.419706
vt 0.383337 0.449553
vt 0.341844 0.471731
vt 0.031250 1.000000
vt 0.031250 0.500000
vt 0.000000 1.000000
vt 0.000000 0.500000
vt 0.750000 0.490000
vt 0.796822 0.485388
vt 0.841844 0.471731
vt 0.883337 0.449553
vt 0.919706 0.419706
vt 0.949553 0.383337
vt 0.971731 0.341844
vt 0.985388 0.296822
vt 0.990000 0.250000
vt 0.985388 0.203178
vt 0.971731 0.158156
vt 0.949553 0.116663
vt 0.919706 0.080294
vt 0.883337 0.050447
vt 0.841844 0.028269
vt 0.796822 0.014612
vt 0.750000 0.010000
vt 0.703178 0.014612
vt 0.658156 0.028269
vt 0.616663 0.050447
vt 0.580294 0.080294
vt 0.550447 0.116663
vt 0.528269 0.158156
vt 0.514612 0.203178
vt 0.510000 0.250000
vt 0.514612 0.296822
vt 0.528269 0.341844
vt 0.550447 0.383337
vt 0.580294 0.419706
vt 0.616663 0.449553
vt 0.658156 0.471731
vt 0.703178 0.485388
s 1
usemtl extremidad
f 1687/1607/1878 1688/1608/1878 1690/1609/1879 1689/1610/1879
f 1689/1610/1879 1690/1609/1879 1692/1611/1880 1691/1612/1880
f 1691/1612/1880 1692/1611/1880 1694/1613/1881 1693/1614/1881
f 1693/1614/1881 1694/1613/1881 1696/1615/1882 1695/1616/1882
f 1695/1616/1882 1696/1615/1882 1698/1617/1883 1697/1618/1883
f 1697/1618/1883 1698/1617/1883 1700/1619/1884 1699/1620/1884
f 1699/1620/1884 1700/1619/1884 1702/1621/1885 1701/1622/1885
f 1701/1622/1885 1702/1621/1885 1704/1623/1886 1703/1624/1886
f 1703/1624/1886 1704/1623/1886 1706/1625/1887 1705/1626/1887
f 1705/1626/1887 1706/1625/1887 1708/1627/1888 1707/1628/1888
f 1707/1628/1888 1708/1627/1888 1710/1629/1889 1709/1630/1889
f 1709/1630/1889 1710/1629/1889 1712/1631/1890 1711/1632/1890
f 1711/1632/1890 1712/1631/1890 1714/1633/1891 1713/1634/1891
f 1713/1634/1891 1714/1633/1891 1716/1635/1892 1715/1636/1892
f 1715/1636/1892 1716/1635/1892 1718/1637/1893 1717/1638/1893
f 1717/1638/1893 1718/1637/1893 1720/1639/1894 1719/1640/1894
f 1719/1640/1894 1720/1639/1894 1722/1641/1895 1721/1642/1895
f 1721/1642/1895 1722/1641/1895 1724/1643/1896 1723/1644/1896
f 1723/1644/1896 1724/1643/1896 1726/1645/1897 1725/1646/1897
f 1725/1646/1897 1726/1645/1897 1728/1647/1898 1727/1648/1898
f 1727/1648/1898 1728/1647/1898 1730/1649/1899 1729/1650/1899
f 1729/1650/1899 1730/1649/1899 1732/1651/1900 1731/1652/1900
f 1731/1652/1900 1732/1651/1900 1734/1653/1901 1733/1654/1901
f 1733/1654/1901 1734/1653/1901 1736/1655/1902 1735/1656/1902
f 1735/1656/1902 1736/1655/1902 1738/1657/1903 1737/1658/1903
f 1737/1658/1903 1738/1657/1903 1740/1659/1904 1739/1660/1904
f 1739/1660/1904 1740/1659/1904 1742/1661/1905 1741/1662/1905
f 1741/1662/1905 1742/1661/1905 1744/1663/1906 1743/1664/1906
f 1743/1664/1906 1744/1663/1906 1746/1665/1907 1745/1666/1907
f 1745/1666/1907 1746/1665/1907 1748/1667/1908 1747/1668/1908
f 1690/1669/1909 1688/1670/1909 1750/1671/1909 1748/1672/1909 1746/1673/1909 1744/1674/1909 1742/1675/1909 1740/1676/1909 1738/1677/1909 1736/1678/1909 1734/1679/1909 1732/1680/1909 1730/1681/1909 1728/1682/1909 1726/1683/1909 1724/1684/1909 1722/1685/1909 1720/1686/1909 1718/1687/1909 1716/1688/1909 1714/1689/1909 1712/1690/1909 1710/1691/1909 1708/1692/1909 1706/1693/1909 1704/1694/1909 1702/1695/1909 1700/1696/1909 1698/1697/1909 1696/1698/1909 1694/1699/1909 1692/1700/1909
f 1747/1668/1908 1748/1667/1908 1750/1701/1910 1749/1702/1910
f 1749/1702/1910 1750/1701/1910 1688/1703/1878 1687/1704/1878
f 1687/1705/1911 1689/1706/1911 1691/1707/1911 1693/1708/1911 1695/1709/1911 1697/1710/1911 1699/1711/1911 1701/1712/1911 1703/1713/1911 1705/1714/1911 1707/1715/1911 1709/1716/1911 1711/1717/1911 1713/1718/1911 1715/1719/1911 1717/1720/1911 1719/1721/1911 1721/1722/1911 1723/1723/1911 1725/1724/1911 1727/1725/1911 1729/1726/1911 1731/1727/1911 1733/1728/1911 1735/1729/1911 1737/1730/1911 1739/1731/1911 1741/1732/1911 1743/1733/1911 1745/1734/1911 1747/1735/1911 1749/1736/1911
o Cylinder.005
v -0.004017 -2.179782 0.322153
v -0.007140 -0.915517 0.327246
v -0.013605 -2.179802 0.321189
v -0.016729 -0.915537 0.326281
v -0.022839 -2.179813 0.318206
v -0.025962 -0.915547 0.323298
v -0.031362 -2.179814 0.313319
v -0.034486 -0.915549 0.318411
v -0.038849 -2.179806 0.306716
v -0.041973 -0.915541 0.311808
v -0.045011 -2.179789 0.298651
v -0.048134 -0.915523 0.303743
v -0.049611 -2.179763 0.289433
v -0.052734 -0.915498 0.294525
v -0.052472 -2.179730 0.279417
v -0.055595 -0.915464 0.284509
v -0.053485 -2.179690 0.268987
v -0.056608 -0.915425 0.274080
v -0.052610 -2.179646 0.258546
v -0.055734 -0.915381 0.263638
v -0.049882 -2.179599 0.248492
v -0.053006 -0.915333 0.253585
v -0.045405 -2.179550 0.239214
v -0.048529 -0.915285 0.244307
v -0.039351 -2.179503 0.231068
v -0.042475 -0.915237 0.236160
v -0.031953 -2.179457 0.224366
v -0.035076 -0.915192 0.229459
v -0.023495 -2.179416 0.219367
v -0.026618 -0.915151 0.224459
v -0.014302 -2.179381 0.216262
v -0.017425 -0.915116 0.221354
v -0.004727 -2.179353 0.215171
v -0.007850 -0.915088 0.220263
v 0.004861 -2.179333 0.216135
v 0.001738 -0.915068 0.221227
v 0.014095 -2.179322 0.219118
v 0.010971 -0.915057 0.224210
v 0.022619 -2.179321 0.224005
v 0.019495 -0.915056 0.229097
v 0.030105 -2.179329 0.230608
v 0.026982 -0.915064 0.235700
v 0.036267 -2.179347 0.238673
v 0.033143 -0.915081 0.243765
v 0.040867 -2.179372 0.247891
v 0.037743 -0.915107 0.252983
v 0.043728 -2.179405 0.257907
v 0.040605 -0.915140 0.262999
v 0.044741 -2.179445 0.268337
v 0.041618 -0.915180 0.273429
v 0.043867 -2.179489 0.278779
v 0.040743 -0.915224 0.283871
v 0.041138 -2.179536 0.288832
v 0.038015 -0.915271 0.293924
v 0.036661 -2.179585 0.298110
v 0.033538 -0.915319 0.303202
v 0.030607 -2.179633 0.306256
v 0.027484 -0.915367 0.311348
v 0.023209 -2.179678 0.312958
v 0.020085 -0.915412 0.318050
v 0.014751 -2.179719 0.317957
v 0.011627 -0.915453 0.323049
v 0.005558 -2.179754 0.321062
v 0.002434 -0.915489 0.326154
vn 0.0066 -0.0040 1.0000
vn -0.2052 -0.0044 0.9787
vn -0.4052 -0.0047 0.9142
vn -0.5830 -0.0047 0.8124
vn -0.7321 -0.0046 0.6812
vn -0.8489 -0.0042 0.5286
vn -0.9323 -0.0038 0.3617
vn -0.9825 -0.0032 0.1862
vn -1.0000 -0.0025 0.0066
vn -0.9849 -0.0017 -0.1731
vn -0.9370 -0.0009 -0.3493
vn -0.8558 -0.0000 -0.5173
vn -0.7411 0.0009 -0.6714
vn -0.5938 0.0018 -0.8046
vn -0.4173 0.0026 -0.9088
vn -0.2182 0.0034 -0.9759
vn -0.0066 0.0040 -1.0000
vn 0.2052 0.0044 -0.9787
vn 0.4052 0.0047 -0.9142
vn 0.5830 0.0047 -0.8124
vn 0.7321 0.0046 -0.6812
vn 0.8489 0.0042 -0.5286
vn 0.9323 0.0038 -0.3617
vn 0.9825 0.0032 -0.1862
vn 1.0000 0.0025 -0.0066
vn 0.9849 0.0017 0.1731
vn 0.9370 0.0009 0.3493
vn 0.8558 -0.0000 0.5173
vn 0.7411 -0.0009 0.6714
vn 0.5938 -0.0018 0.8046
vn 0.4173 -0.0026 0.9088
vn -0.0025 1.0000 0.0040
vn 0.2182 -0.0034 0.9759
vn 0.0025 -1.0000 -0.0040
vt 1.000000 0.500000
vt 1.000000 1.000000
vt 0.968750 1.000000
vt 0.968750 0.500000
vt 0.937500 1.000000
vt 0.937500 0.500000
vt 0.906250 1.000000
vt 0.906250 0.500000
vt 0.875000 1.000000
vt 0.875000 0.500000
vt 0.843750 1.000000
vt 0.843750 0.500000
vt 0.812500 1.000000
vt 0.812500 0.500000
vt 0.781250 1.000000
vt 0.781250 0.500000
vt 0.750000 1.000000
vt 0.750000 0.500000
vt 0.718750 1.000000
vt 0.718750 0.500000
vt 0.687500 1.000000
vt 0.687500 0.500000
vt 0.656250 1.000000
vt 0.656250 0.500000
vt 0.625000 1.000000
vt 0.625000 0.500000
vt 0.593750 1.000000
vt 0.593750 0.500000
vt 0.562500 1.000000
vt 0.562500 0.500000
vt 0.531250 1.000000
vt 0.531250 0.500000
vt 0.500000 1.000000
vt 0.500000 0.500000
vt 0.468750 1.000000
vt 0.468750 0.500000
vt 0.437500 1.000000
vt 0.437500 0.500000
vt 0.406250 1.000000
vt 0.406250 0.500000
vt 0.375000 1.000000
vt 0.375000 0.500000
vt 0.343750 1.000000
vt 0.343750 0.500000
vt 0.312500 1.000000
vt 0.312500 0.500000
vt 0.281250 1.000000
vt 0.281250 0.500000
vt 0.250000 1.000000
vt 0.250000 0.500000
vt 0.218750 1.000000
vt 0.218750 0.500000
vt 0.187500 1.000000
vt 0.187500 0.500000
vt 0.156250 1.000000
vt 0.156250 0.500000
vt 0.125000 1.000000
vt 0.125000 0.500000
vt 0.093750 1.000000
vt 0.093750 0.500000
vt 0.062500 1.000000
vt 0.062500 0.500000
vt 0.296822 0.485388
vt 0.250000 0.490000
vt 0.203178 0.485388
vt 0.158156 0.471731
vt 0.116663 0.449553
vt 0.080294 0.419706
vt 0.050447 0.383337
vt 0.028269 0.341844
vt 0.014612 0.296822
vt 0.010000 0.250000
vt 0.014612 0.203178
vt 0.028269 0.158156
vt 0.050447 0.116663
vt 0.080294 0.080294
vt 0.116663 0.050447
vt 0.158156 0.028269
vt 0.203178 0.014612
vt 0.250000 0.010000
vt 0.296822 0.014612
vt 0.341844 0.028269
vt 0.383337 0.050447
vt 0.419706 0.080294
vt 0.449553 0.116663
vt 0.471731 0.158156
vt 0.485388 0.203178
vt 0.490000 0.250000
vt 0.485388 0.296822
vt 0.471731 0.341844
vt 0.449553 0.383337
vt 0.419706 0.419706
vt 0.383337 0.449553
vt 0.341844 0.471731
vt 0.031250 1.000000
vt 0.031250 0.500000
vt 0.000000 1.000000
vt 0.000000 0.500000
vt 0.750000 0.490000
vt 0.796822 0.485388
vt 0.841844 0.471731
vt 0.883337 0.449553
vt 0.919706 0.419706
vt 0.949553 0.383337
vt 0.971731 0.341844
vt 0.985388 0.296822
vt 0.990000 0.250000
vt 0.985388 0.203178
vt 0.971731 0.158156
vt 0.949553 0.116663
vt 0.919706 0.080294
vt 0.883337 0.050447
vt 0.841844 0.028269
vt 0.796822 0.014612
vt 0.750000 0.010000
vt 0.703178 0.014612
vt 0.658156 0.028269
vt 0.616663 0.050447
vt 0.580294 0.080294
vt 0.550447 0.116663
vt 0.528269 0.158156
vt 0.514612 0.203178
vt 0.510000 0.250000
vt 0.514612 0.296822
vt 0.528269 0.341844
vt 0.550447 0.383337
vt 0.580294 0.419706
vt 0.616663 0.449553
vt 0.658156 0.471731
vt 0.703178 0.485388
s 1
usemtl extremidad
f 1751/1737/1912 1752/1738/1912 1754/1739/1913 1753/1740/1913
f 1753/1740/1913 1754/1739/1913 1756/1741/1914 1755/1742/1914
f 1755/1742/1914 1756/1741/1914 1758/1743/1915 1757/1744/1915
f 1757/1744/1915 1758/1743/1915 1760/1745/1916 1759/1746/1916
f 1759/1746/1916 1760/1745/1916 1762/1747/1917 1761/1748/1917
f 1761/1748/1917 1762/1747/1917 1764/1749/1918 1763/1750/1918
f 1763/1750/1918 1764/1749/1918 1766/1751/1919 1765/1752/1919
f 1765/1752/1919 1766/1751/1919 1768/1753/1920 1767/1754/1920
f 1767/1754/1920 1768/1753/1920 1770/1755/1921 1769/1756/1921
f 1769/1756/1921 1770/1755/1921 1772/1757/1922 1771/1758/1922
f 1771/1758/1922 1772/1757/1922 1774/1759/1923 1773/1760/1923
f 1773/1760/1923 1774/1759/1923 1776/1761/1924 1775/1762/1924
f 1775/1762/1924 1776/1761/1924 1778/1763/1925 1777/1764/1925
f 1777/1764/1925 1778/1763/1925 1780/1765/1926 1779/1766/1926
f 1779/1766/1926 1780/1765/1926 1782/1767/1927 1781/1768/1927
f 1781/1768/1927 1782/1767/1927 1784/1769/1928 1783/1770/1928
f 1783/1770/1928 1784/1769/1928 1786/1771/1929 1785/1772/1929
f 1785/1772/1929 1786/1771/1929 1788/1773/1930 1787/1774/1930
f 1787/1774/1930 1788/1773/1930 1790/1775/1931 1789/1776/1931
f 1789/1776/1931 1790/1775/1931 1792/1777/1932 1791/1778/1932
f 1791/1778/1932 1792/1777/1932 1794/1779/1933 1793/1780/1933
f 1793/1780/1933 1794/1779/1933 1796/1781/1934 1795/1782/1934
f 1795/1782/1934 1796/1781/1934 1798/1783/1935 1797/1784/1935
f 1797/1784/1935 1798/1783/1935 1800/1785/1936 1799/1786/1936
f 1799/1786/1936 1800/1785/1936 1802/1787/1937 1801/1788/1937
f 1801/1788/1937 1802/1787/1937 1804/1789/1938 1803/1790/1938
f 1803/1790/1938 1804/1789/1938 1806/1791/1939 1805/1792/1939
f 1805/1792/1939 1806/1791/1939 1808/1793/1940 1807/1794/1940
f 1807/1794/1940 1808/1793/1940 1810/1795/1941 1809/1796/1941
f 1809/1796/1941 1810/1795/1941 1812/1797/1942 1811/1798/1942
f 1754/1799/1943 1752/1800/1943 1814/1801/1943 1812/1802/1943 1810/1803/1943 1808/1804/1943 1806/1805/1943 1804/1806/1943 1802/1807/1943 1800/1808/1943 1798/1809/1943 1796/1810/1943 1794/1811/1943 1792/1812/1943 1790/1813/1943 1788/1814/1943 1786/1815/1943 1784/1816/1943 1782/1817/1943 1780/1818/1943 1778/1819/1943 1776/1820/1943 1774/1821/1943 1772/1822/1943 1770/1823/1943 1768/1824/1943 1766/1825/1943 1764/1826/1943 1762/1827/1943 1760/1828/1943 1758/1829/1943 1756/1830/1943
f 1811/1798/1942 1812/1797/1942 1814/1831/1944 1813/1832/1944
f 1813/1832/1944 1814/1831/1944 1752/1833/1912 1751/1834/1912
f 1751/1835/1945 1753/1836/1945 1755/1837/1945 1757/1838/1945 1759/1839/1945 1761/1840/1945 1763/1841/1945 1765/1842/1945 1767/1843/1945 1769/1844/1945 1771/1845/1945 1773/1846/1945 1775/1847/1945 1777/1848/1945 1779/1849/1945 1781/1850/1945 1783/1851/1945 1785/1852/1945 1787/1853/1945 1789/1854/1945 1791/1855/1945 1793/1856/1945 1795/1857/1945 1797/1858/1945 1799/1859/1945 1801/1860/1945 1803/1861/1945 1805/1862/1945 1807/1863/1945 1809/1864/1945 1811/1865/1945 1813/1866/1945
o Cylinder.006
v -0.015345 -2.155232 -0.162941
v -0.015345 -2.610098 -0.162941
v -0.049771 -2.155232 -0.166331
v -0.049771 -2.610098 -0.166331
v -0.082873 -2.155232 -0.176373
v -0.082873 -2.610098 -0.176373
v -0.113381 -2.155232 -0.192680
v -0.113381 -2.610098 -0.192680
v -0.140121 -2.155232 -0.214625
v -0.140121 -2.610098 -0.214625
v -0.162067 -2.155232 -0.241365
v -0.162067 -2.610098 -0.241365
v -0.178373 -2.155232 -0.271873
v -0.178373 -2.610098 -0.271873
v -0.188415 -2.155232 -0.304976
v -0.188415 -2.610098 -0.304976
v -0.191806 -2.155232 -0.339401
v -0.191806 -2.610098 -0.339401
v -0.188415 -2.155232 -0.373827
v -0.188415 -2.610098 -0.373827
v -0.178373 -2.155232 -0.406930
v -0.178373 -2.610098 -0.406930
v -0.162067 -2.155232 -0.437438
v -0.162067 -2.610098 -0.437438
v -0.140121 -2.155232 -0.464178
v -0.140121 -2.610098 -0.464178
v -0.113381 -2.155232 -0.486123
v -0.113381 -2.610098 -0.486123
v -0.082873 -2.155232 -0.502430
v -0.082873 -2.610098 -0.502430
v -0.049771 -2.155232 -0.512471
v -0.049771 -2.610098 -0.512471
v -0.015345 -2.155232 -0.515862
v -0.015345 -2.610098 -0.515862
v 0.019081 -2.155232 -0.512471
v 0.019081 -2.610098 -0.512471
v 0.052184 -2.155232 -0.502430
v 0.052184 -2.610098 -0.502430
v 0.082691 -2.155232 -0.486123
v 0.082691 -2.610098 -0.486123
v 0.109432 -2.155232 -0.464178
v 0.109432 -2.610098 -0.464178
v 0.131377 -2.155232 -0.437438
v 0.131377 -2.610098 -0.437438
v 0.147684 -2.155232 -0.406930
v 0.147684 -2.610098 -0.406930
v 0.157725 -2.155232 -0.373827
v 0.157725 -2.610098 -0.373827
v 0.161116 -2.155232 -0.339401
v 0.161116 -2.610098 -0.339401
v 0.157725 -2.155232 -0.304976
v 0.157725 -2.610098 -0.304976
v 0.147684 -2.155232 -0.271873
v 0.147684 -2.610098 -0.271873
v 0.131377 -2.155232 -0.241365
v 0.131377 -2.610098 -0.241365
v 0.109432 -2.155232 -0.214625
v 0.109432 -2.610098 -0.214625
v 0.082691 -2.155232 -0.192680
v 0.082691 -2.610098 -0.192680
v 0.052184 -2.155232 -0.176373
v 0.052184 -2.610098 -0.176373
v 0.019081 -2.155232 -0.166331
v 0.019081 -2.610098 -0.166331
v -0.015345 -2.451727 -0.162941
v -0.046621 -2.442168 -0.165915
v -0.079781 -2.443022 -0.175567
v -0.110424 -2.443814 -0.191514
v -0.137371 -2.444516 -0.213143
v -0.159588 -2.445099 -0.239624
v -0.176221 -2.445542 -0.269938
v -0.186630 -2.445826 -0.302920
v -0.190416 -2.445943 -0.337304
v -0.187433 -2.445886 -0.371767
v -0.177795 -2.445658 -0.404985
v -0.161874 -2.445268 -0.435683
v -0.140280 -2.444731 -0.462679
v -0.113844 -2.444067 -0.484937
v -0.083582 -2.443303 -0.501601
v -0.050656 -2.442466 -0.512031
v -0.015345 -2.451727 -0.515862
v 0.019081 -2.451727 -0.512471
v 0.052184 -2.451727 -0.502430
v 0.082691 -2.451727 -0.486123
v 0.109432 -2.451727 -0.464178
v 0.131377 -2.451727 -0.437438
v 0.147684 -2.451727 -0.406930
v 0.157725 -2.451727 -0.373827
v 0.161116 -2.451727 -0.339401
v 0.157725 -2.451727 -0.304976
v 0.147684 -2.451727 -0.271873
v 0.131377 -2.451727 -0.241365
v 0.109432 -2.451727 -0.214625
v 0.082691 -2.451727 -0.192680
v 0.052184 -2.451727 -0.176373
v 0.019081 -2.451727 -0.166331
v -0.384495 -2.610098 -0.176373
v -0.351392 -2.610098 -0.166331
v -0.415002 -2.610098 -0.192680
v -0.441743 -2.610098 -0.214625
v -0.463688 -2.610098 -0.241365
v -0.479994 -2.610098 -0.271873
v -0.490036 -2.610098 -0.304976
v -0.493427 -2.610098 -0.339401
v -0.490036 -2.610098 -0.373827
v -0.479994 -2.610098 -0.406930
v -0.463688 -2.610098 -0.437438
v -0.441743 -2.610098 -0.464178
v -0.415002 -2.610098 -0.486123
v -0.384495 -2.610098 -0.502430
v -0.351392 -2.610098 -0.512471
v -0.347695 -2.449867 -0.162370
v -0.380854 -2.450720 -0.172022
v -0.411497 -2.451513 -0.187969
v -0.438444 -2.452215 -0.209598
v -0.460661 -2.452798 -0.236078
v -0.477294 -2.453240 -0.266392
v -0.487703 -2.453525 -0.299375
v -0.491489 -2.453641 -0.333758
v -0.488506 -2.453585 -0.368221
v -0.478868 -2.453357 -0.401440
v -0.462947 -2.452967 -0.432137
v -0.441353 -2.452430 -0.459133
v -0.414917 -2.451766 -0.481391
v -0.384655 -2.451002 -0.498056
v -0.351730 -2.450165 -0.508486
vn -0.0965 -0.0003 0.9953
vn -0.0256 0.9997 -0.0006
vn -0.0000 -1.0000 -0.0000
vn -0.1029 0.0011 -0.9947
vn 0.0980 -0.0000 -0.9952
vn 0.2903 -0.0000 -0.9569
vn 0.4714 -0.0000 -0.8819
vn 0.6344 -0.0000 -0.7730
vn 0.7730 -0.0000 -0.6344
vn 0.8819 -0.0000 -0.4714
vn 0.9569 -0.0000 -0.2903
vn 0.9952 -0.0000 -0.0980
vn 0.9952 -0.0000 0.0980
vn 0.9569 -0.0000 0.2903
vn 0.8819 -0.0000 0.4714
vn 0.7730 -0.0000 0.6344
vn 0.6344 -0.0000 0.7730
vn 0.4714 -0.0000 0.8819
vn 0.2903 -0.0000 0.9569
vn 0.0980 -0.0000 0.9952
vn -0.0000 1.0000 -0.0000
vn -0.1031 -0.0006 -0.9947
vn -0.2961 -0.0013 -0.9551
vn -0.4769 -0.0021 -0.8790
vn -0.6392 -0.0029 -0.7690
vn -0.7770 -0.0036 -0.6295
vn -0.8848 -0.0041 -0.4659
vn -0.9587 -0.0045 -0.2845
vn -0.9957 -0.0047 -0.0921
vn -0.9946 -0.0047 0.1037
vn -0.9553 -0.0044 0.2956
vn -0.8793 -0.0040 0.4762
vn -0.7695 -0.0034 0.6386
vn -0.6302 -0.0027 0.7765
vn -0.4665 -0.0019 0.8845
vn -0.2849 -0.0011 0.9586
vn -0.0964 0.0002 0.9953
vn -0.2846 -0.0184 0.9585
vn -0.4663 -0.0147 0.8845
vn -0.6301 -0.0103 0.7765
vn -0.7695 -0.0055 0.6386
vn -0.8793 -0.0003 0.4762
vn -0.9553 0.0049 0.2956
vn -0.9946 0.0098 0.1037
vn -0.9956 0.0143 -0.0921
vn -0.9585 0.0182 -0.2844
vn -0.8847 0.0213 -0.4657
vn -0.7769 0.0235 -0.6292
vn -0.6392 0.0247 -0.7686
vn -0.4770 0.0251 -0.8786
vn -0.2963 0.0246 -0.9548
vn 0.0061 -0.0135 0.9999
vn -0.0061 0.0135 -0.9999
vt 1.000000 0.775629
vt 1.000000 1.000000
vt 0.968750 1.000000
vt 0.968750 0.775629
vt 0.625000 0.775629
vt 0.656250 0.775629
vt 0.593750 0.775629
vt 0.490000 0.250000
vt 0.485388 0.203178
vt 0.562500 0.775629
vt 0.419706 0.080294
vt 0.383337 0.050447
vt 0.383337 0.449553
vt 0.419706 0.419706
vt 0.531250 0.775629
vt 0.937500 0.775629
vt 0.485388 0.296822
vt 0.906250 0.775629
vt 0.875000 0.775629
vt 0.449553 0.116663
vt 0.341844 0.471731
vt 0.843750 0.775629
vt 0.531250 1.000000
vt 0.500000 1.000000
vt 0.500000 0.775629
vt 0.468750 1.000000
vt 0.468750 0.775629
vt 0.437500 1.000000
vt 0.437500 0.775629
vt 0.406250 1.000000
vt 0.406250 0.775629
vt 0.375000 1.000000
vt 0.375000 0.775629
vt 0.343750 1.000000
vt 0.343750 0.775629
vt 0.312500 1.000000
vt 0.312500 0.775629
vt 0.281250 1.000000
vt 0.281250 0.775629
vt 0.250000 1.000000
vt 0.250000 0.775629
vt 0.218750 1.000000
vt 0.218750 0.775629
vt 0.187500 1.000000
vt 0.187500 0.775629
vt 0.156250 1.000000
vt 0.156250 0.775629
vt 0.125000 1.000000
vt 0.125000 0.775629
vt 0.093750 1.000000
vt 0.093750 0.775629
vt 0.062500 1.000000
vt 0.062500 0.775629
vt 0.296822 0.485388
vt 0.250000 0.490000
vt 0.203178 0.485388
vt 0.158156 0.471731
vt 0.116663 0.449553
vt 0.080294 0.419706
vt 0.050447 0.383337
vt 0.028269 0.341844
vt 0.014612 0.296822
vt 0.010000 0.250000
vt 0.014612 0.203178
vt 0.028269 0.158156
vt 0.050447 0.116663
vt 0.080294 0.080294
vt 0.116663 0.050447
vt 0.158156 0.028269
vt 0.203178 0.014612
vt 0.250000 0.010000
vt 0.296822 0.014612
vt 0.341844 0.028269
vt 0.471731 0.158156
vt 0.471731 0.341844
vt 0.449553 0.383337
vt 0.031250 1.000000
vt 0.031250 0.775629
vt 0.000000 1.000000
vt 0.000000 0.775629
vt 0.750000 0.490000
vt 0.796822 0.485388
vt 0.841844 0.471731
vt 0.883337 0.449553
vt 0.919706 0.419706
vt 0.949553 0.383337
vt 0.971731 0.341844
vt 0.985388 0.296822
vt 0.990000 0.250000
vt 0.985388 0.203178
vt 0.971731 0.158156
vt 0.949553 0.116663
vt 0.919706 0.080294
vt 0.883337 0.050447
vt 0.841844 0.028269
vt 0.796822 0.014612
vt 0.750000 0.010000
vt 0.703178 0.014612
vt 0.658156 0.028269
vt 0.616663 0.050447
vt 0.580294 0.080294
vt 0.550447 0.116663
vt 0.528269 0.158156
vt 0.514612 0.203178
vt 0.510000 0.250000
vt 0.514612 0.296822
vt 0.528269 0.341844
vt 0.550447 0.383337
vt 0.580294 0.419706
vt 0.616663 0.449553
vt 0.658156 0.471731
vt 0.703178 0.485388
vt 0.031250 0.500000
vt 0.000000 0.500000
vt 0.062500 0.500000
vt 0.093750 0.500000
vt 0.125000 0.500000
vt 0.156250 0.500000
vt 0.187500 0.500000
vt 0.218750 0.500000
vt 0.250000 0.500000
vt 0.281250 0.500000
vt 0.312500 0.500000
vt 0.343750 0.500000
vt 0.375000 0.500000
vt 0.406250 0.500000
vt 0.437500 0.500000
vt 0.468750 0.500000
vt 0.500000 0.500000
vt 0.531250 0.500000
vt 0.562500 0.500000
vt 0.593750 0.500000
vt 0.625000 0.500000
vt 0.656250 0.500000
vt 0.687500 0.500000
vt 0.687500 0.775629
vt 0.718750 0.500000
vt 0.718750 0.775629
vt 0.750000 0.500000
vt 0.750000 0.775629
vt 0.781250 0.500000
vt 0.781250 0.775629
vt 0.812500 0.500000
vt 0.812500 0.775629
vt 0.843750 0.500000
vt 0.875000 0.500000
vt 0.906250 0.500000
vt 0.937500 0.500000
vt 0.968750 0.500000
vt 1.000000 0.500000
vt 0.937500 1.000000
vt 0.906250 1.000000
vt 0.875000 1.000000
vt 0.843750 1.000000
vt 0.812500 1.000000
vt 0.781250 1.000000
vt 0.750000 1.000000
vt 0.718750 1.000000
vt 0.687500 1.000000
vt 0.656250 1.000000
vt 0.625000 1.000000
vt 0.593750 1.000000
vt 0.562500 1.000000
s 0
f 1879/1867/1946 1880/1870/1946 1818/1869/1946 1816/1868/1946
f 1891/1871/1947 1937/1871/1947 1936/1872/1947 1890/1872/1947
f 1892/1873/1947 1938/1873/1947 1937/1871/1947 1891/1871/1947
f 1832/1874/1948 1918/1874/1948 1919/1875/1948 1834/1875/1948
f 1893/1876/1947 1939/1876/1947 1938/1873/1947 1892/1873/1947
f 1840/1877/1948 1922/1877/1948 1923/1878/1948 1842/1878/1948
f 1822/1879/1948 1913/1879/1948 1914/1880/1948 1824/1880/1948
f 1894/1881/1947 1940/1881/1947 1939/1876/1947 1893/1876/1947
f 1881/1882/1947 1927/1882/1947 1926/1870/1947 1880/1870/1947
f 1830/1883/1948 1917/1883/1948 1918/1874/1948 1832/1874/1948
f 1882/1884/1947 1928/1884/1947 1927/1882/1947 1881/1882/1947
f 1883/1885/1947 1929/1885/1947 1928/1884/1947 1882/1884/1947
f 1838/1886/1948 1921/1886/1948 1922/1877/1948 1840/1877/1948
f 1820/1887/1948 1911/1887/1948 1913/1879/1948 1822/1879/1948
f 1884/1888/1947 1930/1888/1947 1929/1885/1947 1883/1885/1947
f 1894/1881/1949 1895/1891/1949 1848/1890/1949 1846/1889/1949
f 1895/1891/1950 1896/1893/1950 1850/1892/1950 1848/1890/1950
f 1896/1893/1951 1897/1895/1951 1852/1894/1951 1850/1892/1951
f 1897/1895/1952 1898/1897/1952 1854/1896/1952 1852/1894/1952
f 1898/1897/1953 1899/1899/1953 1856/1898/1953 1854/1896/1953
f 1899/1899/1954 1900/1901/1954 1858/1900/1954 1856/1898/1954
f 1900/1901/1955 1901/1903/1955 1860/1902/1955 1858/1900/1955
f 1901/1903/1956 1902/1905/1956 1862/1904/1956 1860/1902/1956
f 1902/1905/1957 1903/1907/1957 1864/1906/1957 1862/1904/1957
f 1903/1907/1958 1904/1909/1958 1866/1908/1958 1864/1906/1958
f 1904/1909/1959 1905/1911/1959 1868/1910/1959 1866/1908/1959
f 1905/1911/1960 1906/1913/1960 1870/1912/1960 1868/1910/1960
f 1906/1913/1961 1907/1915/1961 1872/1914/1961 1870/1912/1961
f 1907/1915/1962 1908/1917/1962 1874/1916/1962 1872/1914/1962
f 1908/1917/1963 1909/1919/1963 1876/1918/1963 1874/1916/1963
f 1818/1920/1948 1820/1887/1948 1822/1879/1948 1824/1880/1948 1826/1942/1948 1828/1941/1948 1830/1883/1948 1832/1874/1948 1834/1875/1948 1836/1940/1948 1838/1886/1948 1840/1877/1948 1842/1878/1948 1844/1939/1948 1846/1938/1948 1848/1937/1948 1850/1936/1948 1852/1935/1948 1854/1934/1948 1856/1933/1948 1858/1932/1948 1860/1931/1948 1862/1930/1948 1864/1929/1948 1866/1928/1948 1868/1927/1948 1870/1926/1948 1872/1925/1948 1874/1924/1948 1876/1923/1948 1878/1922/1948 1816/1921/1948
f 1909/1919/1964 1910/1944/1964 1878/1943/1964 1876/1918/1964
f 1910/1944/1965 1879/1946/1965 1816/1945/1965 1878/1943/1965
f 1815/1947/1966 1877/1978/1966 1875/1977/1966 1873/1976/1966 1871/1975/1966 1869/1974/1966 1867/1973/1966 1865/1972/1966 1863/1971/1966 1861/1970/1966 1859/1969/1966 1857/1968/1966 1855/1967/1966 1853/1966/1966 1851/1965/1966 1849/1964/1966 1847/1963/1966 1845/1962/1966 1843/1961/1966 1841/1960/1966 1839/1959/1966 1837/1958/1966 1835/1957/1966 1833/1956/1966 1831/1955/1966 1829/1954/1966 1827/1953/1966 1825/1952/1966 1823/1951/1966 1821/1950/1966 1819/1949/1966 1817/1948/1966
f 1877/1979/1965 1815/1980/1965 1879/1946/1965 1910/1944/1965
f 1875/1981/1964 1877/1979/1964 1910/1944/1964 1909/1919/1964
f 1873/1982/1963 1875/1981/1963 1909/1919/1963 1908/1917/1963
f 1871/1983/1962 1873/1982/1962 1908/1917/1962 1907/1915/1962
f 1869/1984/1961 1871/1983/1961 1907/1915/1961 1906/1913/1961
f 1867/1985/1960 1869/1984/1960 1906/1913/1960 1905/1911/1960
f 1865/1986/1959 1867/1985/1959 1905/1911/1959 1904/1909/1959
f 1863/1987/1958 1865/1986/1958 1904/1909/1958 1903/1907/1958
f 1861/1988/1957 1863/1987/1957 1903/1907/1957 1902/1905/1957
f 1859/1989/1956 1861/1988/1956 1902/1905/1956 1901/1903/1956
f 1857/1990/1955 1859/1989/1955 1901/1903/1955 1900/1901/1955
f 1855/1991/1954 1857/1990/1954 1900/1901/1954 1899/1899/1954
f 1853/1992/1953 1855/1991/1953 1899/1899/1953 1898/1897/1953
f 1851/1993/1952 1853/1992/1952 1898/1897/1952 1897/1895/1952
f 1849/1994/1951 1851/1993/1951 1897/1895/1951 1896/1893/1951
f 1847/1995/1950 1849/1994/1950 1896/1893/1950 1895/1891/1950
f 1845/1996/1967 1847/1995/1967 1895/1891/1967 1894/1881/1967
f 1843/1997/1968 1845/1996/1968 1894/1881/1968 1893/1876/1968
f 1841/1998/1969 1843/1997/1969 1893/1876/1969 1892/1873/1969
f 1839/1999/1970 1841/1998/1970 1892/1873/1970 1891/1871/1970
f 1837/2000/1971 1839/1999/1971 1891/1871/1971 1890/1872/1971
f 1835/2001/1972 1837/2000/1972 1890/1872/1972 1889/2002/1972
f 1833/2003/1973 1835/2001/1973 1889/2002/1973 1888/2004/1973
f 1831/2005/1974 1833/2003/1974 1888/2004/1974 1887/2006/1974
f 1829/2007/1975 1831/2005/1975 1887/2006/1975 1886/2008/1975
f 1827/2009/1976 1829/2007/1976 1886/2008/1976 1885/2010/1976
f 1825/2011/1977 1827/2009/1977 1885/2010/1977 1884/1888/1977
f 1823/2012/1978 1825/2011/1978 1884/1888/1978 1883/1885/1978
f 1821/2013/1979 1823/2012/1979 1883/1885/1979 1882/1884/1979
f 1819/2014/1980 1821/2013/1980 1882/1884/1980 1881/1882/1980
f 1817/2015/1981 1819/2014/1981 1881/1882/1981 1880/1870/1981
f 1815/2016/1982 1817/2015/1982 1880/1870/1982 1879/1867/1982
f 1926/1870/1983 1927/1882/1983 1911/2017/1983 1912/1869/1983
f 1927/1882/1984 1928/1884/1984 1913/2018/1984 1911/2017/1984
f 1928/1884/1985 1929/1885/1985 1914/2019/1985 1913/2018/1985
f 1929/1885/1986 1930/1888/1986 1915/2020/1986 1914/2019/1986
f 1930/1888/1987 1931/2010/1987 1916/2021/1987 1915/2020/1987
f 1931/2010/1988 1932/2008/1988 1917/2022/1988 1916/2021/1988
f 1932/2008/1989 1933/2006/1989 1918/2023/1989 1917/2022/1989
f 1933/2006/1990 1934/2004/1990 1919/2024/1990 1918/2023/1990
f 1934/2004/1991 1935/2002/1991 1920/2025/1991 1919/2024/1991
f 1935/2002/1992 1936/1872/1992 1921/2026/1992 1920/2025/1992
f 1936/1872/1993 1937/1871/1993 1922/2027/1993 1921/2026/1993
f 1937/1871/1994 1938/1873/1994 1923/2028/1994 1922/2027/1994
f 1938/1873/1995 1939/1876/1995 1924/2029/1995 1923/2028/1995
f 1939/1876/1996 1940/1881/1996 1925/1889/1996 1924/2029/1996
f 1824/1880/1948 1914/1880/1948 1915/1942/1948 1826/1942/1948
f 1842/1878/1948 1923/1878/1948 1924/1939/1948 1844/1939/1948
f 1890/1872/1947 1936/1872/1947 1935/2002/1947 1889/2002/1947
f 1834/1875/1948 1919/1875/1948 1920/1940/1948 1836/1940/1948
f 1889/2002/1947 1935/2002/1947 1934/2004/1947 1888/2004/1947
f 1880/1870/1997 1926/1870/1997 1912/1869/1997 1818/1869/1997
f 1888/2004/1947 1934/2004/1947 1933/2006/1947 1887/2006/1947
f 1826/1942/1948 1915/1942/1948 1916/1941/1948 1828/1941/1948
f 1846/1889/1998 1925/1889/1998 1940/1881/1998 1894/1881/1998
f 1844/1939/1948 1924/1939/1948 1925/1938/1948 1846/1938/1948
f 1887/2006/1947 1933/2006/1947 1932/2008/1947 1886/2008/1947
f 1818/1920/1948 1912/1920/1948 1911/1887/1948 1820/1887/1948
f 1836/1940/1948 1920/1940/1948 1921/1886/1948 1838/1886/1948
f 1886/2008/1947 1932/2008/1947 1931/2010/1947 1885/2010/1947
f 1828/1941/1948 1916/1941/1948 1917/1883/1948 1830/1883/1948
f 1885/2010/1947 1931/2010/1947 1930/1888/1947 1884/1888/1947
o Cylinder.007
v -0.015345 -2.155232 0.443363
v -0.015345 -2.610098 0.443363
v -0.049771 -2.155232 0.439972
v -0.049771 -2.610098 0.439972
v -0.082873 -2.155232 0.429930
v -0.082873 -2.610098 0.429930
v -0.113381 -2.155232 0.413624
v -0.113381 -2.610098 0.413624
v -0.140121 -2.155232 0.391679
v -0.140121 -2.610098 0.391679
v -0.162067 -2.155232 0.364938
v -0.162067 -2.610098 0.364938
v -0.178373 -2.155232 0.334431
v -0.178373 -2.610098 0.334431
v -0.188415 -2.155232 0.301328
v -0.188415 -2.610098 0.301328
v -0.191806 -2.155232 0.266902
v -0.191806 -2.610098 0.266902
v -0.188415 -2.155232 0.232476
v -0.188415 -2.610098 0.232476
v -0.178373 -2.155232 0.199373
v -0.178373 -2.610098 0.199373
v -0.162067 -2.155232 0.168866
v -0.162067 -2.610098 0.168866
v -0.140121 -2.155232 0.142126
v -0.140121 -2.610098 0.142126
v -0.113381 -2.155232 0.120180
v -0.113381 -2.610098 0.120180
v -0.082873 -2.155232 0.103874
v -0.082873 -2.610098 0.103874
v -0.049771 -2.155232 0.093832
v -0.049771 -2.610098 0.093832
v -0.015345 -2.155232 0.090441
v -0.015345 -2.610098 0.090441
v 0.019081 -2.155232 0.093832
v 0.019081 -2.610098 0.093832
v 0.052184 -2.155232 0.103874
v 0.052184 -2.610098 0.103874
v 0.082691 -2.155232 0.120180
v 0.082691 -2.610098 0.120180
v 0.109432 -2.155232 0.142126
v 0.109432 -2.610098 0.142126
v 0.131377 -2.155232 0.168866
v 0.131377 -2.610098 0.168866
v 0.147684 -2.155232 0.199373
v 0.147684 -2.610098 0.199373
v 0.157725 -2.155232 0.232476
v 0.157725 -2.610098 0.232476
v 0.161116 -2.155232 0.266902
v 0.161116 -2.610098 0.266902
v 0.157725 -2.155232 0.301328
v 0.157725 -2.610098 0.301328
v 0.147684 -2.155232 0.334431
v 0.147684 -2.610098 0.334431
v 0.131377 -2.155232 0.364938
v 0.131377 -2.610098 0.364938
v 0.109432 -2.155232 0.391679
v 0.109432 -2.610098 0.391679
v 0.082691 -2.155232 0.413624
v 0.082691 -2.610098 0.413624
v 0.052184 -2.155232 0.429930
v 0.052184 -2.610098 0.429930
v 0.019081 -2.155232 0.439972
v 0.019081 -2.610098 0.439972
v -0.015345 -2.451727 0.443363
v -0.046621 -2.442168 0.440388
v -0.079781 -2.443022 0.430736
v -0.110424 -2.443814 0.414789
v -0.137371 -2.444516 0.393160
v -0.159588 -2.445099 0.366680
v -0.176221 -2.445542 0.336366
v -0.186630 -2.445826 0.303383
v -0.190416 -2.445943 0.269000
v -0.187433 -2.445886 0.234537
v -0.177795 -2.445658 0.201318
v -0.161874 -2.445268 0.170621
v -0.140280 -2.444731 0.143625
v -0.113844 -2.444067 0.121367
v -0.083582 -2.443303 0.104702
v -0.050656 -2.442466 0.094272
v -0.015345 -2.451727 0.090441
v 0.019081 -2.451727 0.093832
v 0.052184 -2.451727 0.103874
v 0.082691 -2.451727 0.120180
v 0.109432 -2.451727 0.142126
v 0.131377 -2.451727 0.168866
v 0.147684 -2.451727 0.199373
v 0.157725 -2.451727 0.232476
v 0.161116 -2.451727 0.266902
v 0.157725 -2.451727 0.301328
v 0.147684 -2.451727 0.334431
v 0.131377 -2.451727 0.364938
v 0.109432 -2.451727 0.391679
v 0.082691 -2.451727 0.413624
v 0.052184 -2.451727 0.429930
v 0.019081 -2.451727 0.439972
v -0.384495 -2.610098 0.429930
v -0.351392 -2.610098 0.439972
v -0.415002 -2.610098 0.413624
v -0.441743 -2.610098 0.391679
v -0.463688 -2.610098 0.364938
v -0.479994 -2.610098 0.334431
v -0.490036 -2.610098 0.301328
v -0.493427 -2.610098 0.266902
v -0.490036 -2.610098 0.232476
v -0.479994 -2.610098 0.199373
v -0.463688 -2.610098 0.168866
v -0.441743 -2.610098 0.142126
v -0.415002 -2.610098 0.120180
v -0.384495 -2.610098 0.103874
v -0.351392 -2.610098 0.093832
v -0.347695 -2.449867 0.443934
v -0.380854 -2.450720 0.434282
v -0.411497 -2.451513 0.418335
v -0.438444 -2.452215 0.396706
v -0.460661 -2.452798 0.370225
v -0.477294 -2.453240 0.339911
v -0.487703 -2.453525 0.306929
v -0.491489 -2.453641 0.272545
v -0.488506 -2.453585 0.238082
v -0.478868 -2.453357 0.204864
v -0.462947 -2.452967 0.174166
v -0.441353 -2.452430 0.147170
v -0.414917 -2.451766 0.124912
v -0.384655 -2.451002 0.108248
v -0.351730 -2.450165 0.097818
vn -0.0965 -0.0003 0.9953
vn -0.0256 0.9997 -0.0006
vn -0.0000 -1.0000 -0.0000
vn -0.1029 0.0011 -0.9947
vn 0.0980 -0.0000 -0.9952
vn 0.2903 -0.0000 -0.9569
vn 0.4714 -0.0000 -0.8819
vn 0.6344 -0.0000 -0.7730
vn 0.7730 -0.0000 -0.6344
vn 0.8819 -0.0000 -0.4714
vn 0.9569 -0.0000 -0.2903
vn 0.9952 -0.0000 -0.0980
vn 0.9952 -0.0000 0.0980
vn 0.9569 -0.0000 0.2903
vn 0.8819 -0.0000 0.4714
vn 0.7730 -0.0000 0.6344
vn 0.6344 -0.0000 0.7730
vn 0.4714 -0.0000 0.8819
vn 0.2903 -0.0000 0.9569
vn 0.0980 -0.0000 0.9952
vn -0.0000 1.0000 -0.0000
vn -0.1031 -0.0006 -0.9947
vn -0.2961 -0.0013 -0.9551
vn -0.4769 -0.0021 -0.8790
vn -0.6392 -0.0029 -0.7690
vn -0.7770 -0.0036 -0.6295
vn -0.8848 -0.0041 -0.4659
vn -0.9587 -0.0045 -0.2845
vn -0.9957 -0.0047 -0.0921
vn -0.9946 -0.0047 0.1037
vn -0.9553 -0.0044 0.2956
vn -0.8793 -0.0040 0.4762
vn -0.7695 -0.0034 0.6386
vn -0.6302 -0.0027 0.7765
vn -0.4665 -0.0019 0.8845
vn -0.2849 -0.0011 0.9586
vn -0.0964 0.0002 0.9953
vn -0.2846 -0.0184 0.9585
vn -0.4663 -0.0147 0.8845
vn -0.6301 -0.0103 0.7765
vn -0.7695 -0.0055 0.6386
vn -0.8793 -0.0003 0.4762
vn -0.9553 0.0049 0.2956
vn -0.9946 0.0098 0.1037
vn -0.9956 0.0143 -0.0921
vn -0.9585 0.0182 -0.2844
vn -0.8847 0.0213 -0.4657
vn -0.7769 0.0235 -0.6292
vn -0.6392 0.0247 -0.7686
vn -0.4770 0.0251 -0.8786
vn -0.2963 0.0246 -0.9548
vn 0.0061 -0.0135 0.9999
vn -0.0061 0.0135 -0.9999
vt 1.000000 0.775629
vt 1.000000 1.000000
vt 0.968750 1.000000
vt 0.968750 0.775629
vt 0.625000 0.775629
vt 0.656250 0.775629
vt 0.593750 0.775629
vt 0.490000 0.250000
vt 0.485388 0.203178
vt 0.562500 0.775629
vt 0.419706 0.080294
vt 0.383337 0.050447
vt 0.383337 0.449553
vt 0.419706 0.419706
vt 0.531250 0.775629
vt 0.937500 0.775629
vt 0.485388 0.296822
vt 0.906250 0.775629
vt 0.875000 0.775629
vt 0.449553 0.116663
vt 0.341844 0.471731
vt 0.843750 0.775629
vt 0.531250 1.000000
vt 0.500000 1.000000
vt 0.500000 0.775629
vt 0.468750 1.000000
vt 0.468750 0.775629
vt 0.437500 1.000000
vt 0.437500 0.775629
vt 0.406250 1.000000
vt 0.406250 0.775629
vt 0.375000 1.000000
vt 0.375000 0.775629
vt 0.343750 1.000000
vt 0.343750 0.775629
vt 0.312500 1.000000
vt 0.312500 0.775629
vt 0.281250 1.000000
vt 0.281250 0.775629
vt 0.250000 1.000000
vt 0.250000 0.775629
vt 0.218750 1.000000
vt 0.218750 0.775629
vt 0.187500 1.000000
vt 0.187500 0.775629
vt 0.156250 1.000000
vt 0.156250 0.775629
vt 0.125000 1.000000
vt 0.125000 0.775629
vt 0.093750 1.000000
vt 0.093750 0.775629
vt 0.062500 1.000000
vt 0.062500 0.775629
vt 0.296822 0.485388
vt 0.250000 0.490000
vt 0.203178 0.485388
vt 0.158156 0.471731
vt 0.116663 0.449553
vt 0.080294 0.419706
vt 0.050447 0.383337
vt 0.028269 0.341844
vt 0.014612 0.296822
vt 0.010000 0.250000
vt 0.014612 0.203178
vt 0.028269 0.158156
vt 0.050447 0.116663
vt 0.080294 0.080294
vt 0.116663 0.050447
vt 0.158156 0.028269
vt 0.203178 0.014612
vt 0.250000 0.010000
vt 0.296822 0.014612
vt 0.341844 0.028269
vt 0.471731 0.158156
vt 0.471731 0.341844
vt 0.449553 0.383337
vt 0.031250 1.000000
vt 0.031250 0.775629
vt 0.000000 1.000000
vt 0.000000 0.775629
vt 0.750000 0.490000
vt 0.796822 0.485388
vt 0.841844 0.471731
vt 0.883337 0.449553
vt 0.919706 0.419706
vt 0.949553 0.383337
vt 0.971731 0.341844
vt 0.985388 0.296822
vt 0.990000 0.250000
vt 0.985388 0.203178
vt 0.971731 0.158156
vt 0.949553 0.116663
vt 0.919706 0.080294
vt 0.883337 0.050447
vt 0.841844 0.028269
vt 0.796822 0.014612
vt 0.750000 0.010000
vt 0.703178 0.014612
vt 0.658156 0.028269
vt 0.616663 0.050447
vt 0.580294 0.080294
vt 0.550447 0.116663
vt 0.528269 0.158156
vt 0.514612 0.203178
vt 0.510000 0.250000
vt 0.514612 0.296822
vt 0.528269 0.341844
vt 0.550447 0.383337
vt 0.580294 0.419706
vt 0.616663 0.449553
vt 0.658156 0.471731
vt 0.703178 0.485388
vt 0.031250 0.500000
vt 0.000000 0.500000
vt 0.062500 0.500000
vt 0.093750 0.500000
vt 0.125000 0.500000
vt 0.156250 0.500000
vt 0.187500 0.500000
vt 0.218750 0.500000
vt 0.250000 0.500000
vt 0.281250 0.500000
vt 0.312500 0.500000
vt 0.343750 0.500000
vt 0.375000 0.500000
vt 0.406250 0.500000
vt 0.437500 0.500000
vt 0.468750 0.500000
vt 0.500000 0.500000
vt 0.531250 0.500000
vt 0.562500 0.500000
vt 0.593750 0.500000
vt 0.625000 0.500000
vt 0.656250 0.500000
vt 0.687500 0.500000
vt 0.687500 0.775629
vt 0.718750 0.500000
vt 0.718750 0.775629
vt 0.750000 0.500000
vt 0.750000 0.775629
vt 0.781250 0.500000
vt 0.781250 0.775629
vt 0.812500 0.500000
vt 0.812500 0.775629
vt 0.843750 0.500000
vt 0.875000 0.500000
vt 0.906250 0.500000
vt 0.937500 0.500000
vt 0.968750 0.500000
vt 1.000000 0.500000
vt 0.937500 1.000000
vt 0.906250 1.000000
vt 0.875000 1.000000
vt 0.843750 1.000000
vt 0.812500 1.000000
vt 0.781250 1.000000
vt 0.750000 1.000000
vt 0.718750 1.000000
vt 0.687500 1.000000
vt 0.656250 1.000000
vt 0.625000 1.000000
vt 0.593750 1.000000
vt 0.562500 1.000000
s 0
usemtl Material
f 2005/2030/1999 2006/2033/1999 1944/2032/1999 1942/2031/1999
f 2017/2034/2000 2063/2034/2000 2062/2035/2000 2016/2035/2000
f 2018/2036/2000 2064/2036/2000 2063/2034/2000 2017/2034/2000
f 1958/2037/2001 2044/2037/2001 2045/2038/2001 1960/2038/2001
f 2019/2039/2000 2065/2039/2000 2064/2036/2000 2018/2036/2000
f 1966/2040/2001 2048/2040/2001 2049/2041/2001 1968/2041/2001
f 1948/2042/2001 2039/2042/2001 2040/2043/2001 1950/2043/2001
f 2020/2044/2000 2066/2044/2000 2065/2039/2000 2019/2039/2000
f 2007/2045/2000 2053/2045/2000 2052/2033/2000 2006/2033/2000
f 1956/2046/2001 2043/2046/2001 2044/2037/2001 1958/2037/2001
f 2008/2047/2000 2054/2047/2000 2053/2045/2000 2007/2045/2000
f 2009/2048/2000 2055/2048/2000 2054/2047/2000 2008/2047/2000
f 1964/2049/2001 2047/2049/2001 2048/2040/2001 1966/2040/2001
f 1946/2050/2001 2037/2050/2001 2039/2042/2001 1948/2042/2001
f 2010/2051/2000 2056/2051/2000 2055/2048/2000 2009/2048/2000
f 2020/2044/2002 2021/2054/2002 1974/2053/2002 1972/2052/2002
f 2021/2054/2003 2022/2056/2003 1976/2055/2003 1974/2053/2003
f 2022/2056/2004 2023/2058/2004 1978/2057/2004 1976/2055/2004
f 2023/2058/2005 2024/2060/2005 1980/2059/2005 1978/2057/2005
f 2024/2060/2006 2025/2062/2006 1982/2061/2006 1980/2059/2006
f 2025/2062/2007 2026/2064/2007 1984/2063/2007 1982/2061/2007
f 2026/2064/2008 2027/2066/2008 1986/2065/2008 1984/2063/2008
f 2027/2066/2009 2028/2068/2009 1988/2067/2009 1986/2065/2009
f 2028/2068/2010 2029/2070/2010 1990/2069/2010 1988/2067/2010
f 2029/2070/2011 2030/2072/2011 1992/2071/2011 1990/2069/2011
f 2030/2072/2012 2031/2074/2012 1994/2073/2012 1992/2071/2012
f 2031/2074/2013 2032/2076/2013 1996/2075/2013 1994/2073/2013
f 2032/2076/2014 2033/2078/2014 1998/2077/2014 1996/2075/2014
f 2033/2078/2015 2034/2080/2015 2000/2079/2015 1998/2077/2015
f 2034/2080/2016 2035/2082/2016 2002/2081/2016 2000/2079/2016
f 1944/2083/2001 1946/2050/2001 1948/2042/2001 1950/2043/2001 1952/2105/2001 1954/2104/2001 1956/2046/2001 1958/2037/2001 1960/2038/2001 1962/2103/2001 1964/2049/2001 1966/2040/2001 1968/2041/2001 1970/2102/2001 1972/2101/2001 1974/2100/2001 1976/2099/2001 1978/2098/2001 1980/2097/2001 1982/2096/2001 1984/2095/2001 1986/2094/2001 1988/2093/2001 1990/2092/2001 1992/2091/2001 1994/2090/2001 1996/2089/2001 1998/2088/2001 2000/2087/2001 2002/2086/2001 2004/2085/2001 1942/2084/2001
f 2035/2082/2017 2036/2107/2017 2004/2106/2017 2002/2081/2017
f 2036/2107/2018 2005/2109/2018 1942/2108/2018 2004/2106/2018
f 1941/2110/2019 2003/2141/2019 2001/2140/2019 1999/2139/2019 1997/2138/2019 1995/2137/2019 1993/2136/2019 1991/2135/2019 1989/2134/2019 1987/2133/2019 1985/2132/2019 1983/2131/2019 1981/2130/2019 1979/2129/2019 1977/2128/2019 1975/2127/2019 1973/2126/2019 1971/2125/2019 1969/2124/2019 1967/2123/2019 1965/2122/2019 1963/2121/2019 1961/2120/2019 1959/2119/2019 1957/2118/2019 1955/2117/2019 1953/2116/2019 1951/2115/2019 1949/2114/2019 1947/2113/2019 1945/2112/2019 1943/2111/2019
f 2003/2142/2018 1941/2143/2018 2005/2109/2018 2036/2107/2018
f 2001/2144/2017 2003/2142/2017 2036/2107/2017 2035/2082/2017
f 1999/2145/2016 2001/2144/2016 2035/2082/2016 2034/2080/2016
f 1997/2146/2015 1999/2145/2015 2034/2080/2015 2033/2078/2015
f 1995/2147/2014 1997/2146/2014 2033/2078/2014 2032/2076/2014
f 1993/2148/2013 1995/2147/2013 2032/2076/2013 2031/2074/2013
f 1991/2149/2012 1993/2148/2012 2031/2074/2012 2030/2072/2012
f 1989/2150/2011 1991/2149/2011 2030/2072/2011 2029/2070/2011
f 1987/2151/2010 1989/2150/2010 2029/2070/2010 2028/2068/2010
f 1985/2152/2009 1987/2151/2009 2028/2068/2009 2027/2066/2009
f 1983/2153/2008 1985/2152/2008 2027/2066/2008 2026/2064/2008
f 1981/2154/2007 1983/2153/2007 2026/2064/2007 2025/2062/2007
f 1979/2155/2006 1981/2154/2006 2025/2062/2006 2024/2060/2006
f 1977/2156/2005 1979/2155/2005 2024/2060/2005 2023/2058/2005
f 1975/2157/2004 1977/2156/2004 2023/2058/2004 2022/2056/2004
f 1973/2158/2003 1975/2157/2003 2022/2056/2003 2021/2054/2003
f 1971/2159/2020 1973/2158/2020 2021/2054/2020 2020/2044/2020
f 1969/2160/2021 1971/2159/2021 2020/2044/2021 2019/2039/2021
f 1967/2161/2022 1969/2160/2022 2019/2039/2022 2018/2036/2022
f 1965/2162/2023 1967/2161/2023 2018/2036/2023 2017/2034/2023
f 1963/2163/2024 1965/2162/2024 2017/2034/2024 2016/2035/2024
f 1961/2164/2025 1963/2163/2025 2016/2035/2025 2015/2165/2025
f 1959/2166/2026 1961/2164/2026 2015/2165/2026 2014/2167/2026
f 1957/2168/2027 1959/2166/2027 2014/2167/2027 2013/2169/2027
f 1955/2170/2028 1957/2168/2028 2013/2169/2028 2012/2171/2028
f 1953/2172/2029 1955/2170/2029 2012/2171/2029 2011/2173/2029
f 1951/2174/2030 1953/2172/2030 2011/2173/2030 2010/2051/2030
f 1949/2175/2031 1951/2174/2031 2010/2051/2031 2009/2048/2031
f 1947/2176/2032 1949/2175/2032 2009/2048/2032 2008/2047/2032
f 1945/2177/2033 1947/2176/2033 2008/2047/2033 2007/2045/2033
f 1943/2178/2034 1945/2177/2034 2007/2045/2034 2006/2033/2034
f 1941/2179/2035 1943/2178/2035 2006/2033/2035 2005/2030/2035
f 2052/2033/2036 2053/2045/2036 2037/2180/2036 2038/2032/2036
f 2053/2045/2037 2054/2047/2037 2039/2181/2037 2037/2180/2037
f 2054/2047/2038 2055/2048/2038 2040/2182/2038 2039/2181/2038
f 2055/2048/2039 2056/2051/2039 2041/2183/2039 2040/2182/2039
f 2056/2051/2040 2057/2173/2040 2042/2184/2040 2041/2183/2040
f 2057/2173/2041 2058/2171/2041 2043/2185/2041 2042/2184/2041
f 2058/2171/2042 2059/2169/2042 2044/2186/2042 2043/2185/2042
f 2059/2169/2043 2060/2167/2043 2045/2187/2043 2044/2186/2043
f 2060/2167/2044 2061/2165/2044 2046/2188/2044 2045/2187/2044
f 2061/2165/2045 2062/2035/2045 2047/2189/2045 2046/2188/2045
f 2062/2035/2046 2063/2034/2046 2048/2190/2046 2047/2189/2046
f 2063/2034/2047 2064/2036/2047 2049/2191/2047 2048/2190/2047
f 2064/2036/2048 2065/2039/2048 2050/2192/2048 2049/2191/2048
f 2065/2039/2049 2066/2044/2049 2051/2052/2049 2050/2192/2049
f 1950/2043/2001 2040/2043/2001 2041/2105/2001 1952/2105/2001
f 1968/2041/2001 2049/2041/2001 2050/2102/2001 1970/2102/2001
f 2016/2035/2000 2062/2035/2000 2061/2165/2000 2015/2165/2000
f 1960/2038/2001 2045/2038/2001 2046/2103/2001 1962/2103/2001
f 2015/2165/2000 2061/2165/2000 2060/2167/2000 2014/2167/2000
f 2006/2033/2050 2052/2033/2050 2038/2032/2050 1944/2032/2050
f 2014/2167/2000 2060/2167/2000 2059/2169/2000 2013/2169/2000
f 1952/2105/2001 2041/2105/2001 2042/2104/2001 1954/2104/2001
f 1972/2052/2051 2051/2052/2051 2066/2044/2051 2020/2044/2051
f 1970/2102/2001 2050/2102/2001 2051/2101/2001 1972/2101/2001
f 2013/2169/2000 2059/2169/2000 2058/2171/2000 2012/2171/2000
f 1944/2083/2001 2038/2083/2001 2037/2050/2001 1946/2050/2001
f 1962/2103/2001 2046/2103/2001 2047/2049/2001 1964/2049/2001
f 2012/2171/2000 2058/2171/2000 2057/2173/2000 2011/2173/2000
f 1954/2104/2001 2042/2104/2001 2043/2046/2001 1956/2046/2001
f 2011/2173/2000 2057/2173/2000 2056/2051/2000 2010/2051/2000
o Cylinder.008
v -0.160238 -2.676462 -0.560298
v -0.160238 -2.596296 -0.560298
v -0.086836 -2.676462 -0.556060
v -0.086836 -2.596296 -0.556060
v -0.016254 -2.676462 -0.543509
v -0.016254 -2.596296 -0.543509
v 0.048795 -2.676462 -0.523128
v 0.048795 -2.596296 -0.523128
v 0.105811 -2.676462 -0.495700
v 0.105811 -2.596296 -0.495700
v 0.152602 -2.676462 -0.462279
v 0.152602 -2.596296 -0.462279
v 0.187372 -2.676462 -0.424148
v 0.187372 -2.596296 -0.424148
v 0.208783 -2.676462 -0.382775
v 0.208783 -2.596296 -0.382775
v 0.216012 -2.676462 -0.339748
v 0.216012 -2.596296 -0.339748
v 0.208783 -2.676462 -0.296720
v 0.208783 -2.596296 -0.296720
v 0.187372 -2.676462 -0.255347
v 0.187372 -2.596296 -0.255347
v 0.152602 -2.676462 -0.217216
v 0.152602 -2.596296 -0.217216
v 0.105811 -2.676462 -0.183795
v 0.105811 -2.596296 -0.183795
v 0.048795 -2.676462 -0.156367
v 0.048795 -2.596296 -0.156367
v -0.016254 -2.676462 -0.135986
v -0.016254 -2.596296 -0.135986
v -0.086836 -2.676462 -0.123435
v -0.086836 -2.596296 -0.123435
v -0.160238 -2.676462 -0.119197
v -0.160238 -2.596296 -0.119197
v -0.233641 -2.676462 -0.123435
v -0.233641 -2.596296 -0.123435
v -0.304223 -2.676462 -0.135986
v -0.304223 -2.596296 -0.135986
v -0.369272 -2.676462 -0.156367
v -0.369272 -2.596296 -0.156367
v -0.426288 -2.676462 -0.183795
v -0.426288 -2.596296 -0.183795
v -0.473079 -2.676462 -0.217216
v -0.473079 -2.596296 -0.217216
v -0.507849 -2.676462 -0.255347
v -0.507849 -2.596296 -0.255347
v -0.529260 -2.676462 -0.296720
v -0.529260 -2.596296 -0.296720
v -0.536489 -2.676462 -0.339748
v -0.536489 -2.596296 -0.339748
v -0.529260 -2.676462 -0.382775
v -0.529260 -2.596296 -0.382775
v -0.507849 -2.676462 -0.424148
v -0.507849 -2.596296 -0.424148
v -0.473079 -2.676462 -0.462279
v -0.473079 -2.596296 -0.462279
v -0.426288 -2.676462 -0.495700
v -0.426288 -2.596296 -0.495700
v -0.369272 -2.676462 -0.523128
v -0.369272 -2.596296 -0.523128
v -0.304223 -2.676462 -0.543509
v -0.304223 -2.596296 -0.543509
v -0.233641 -2.676462 -0.556060
v -0.233641 -2.596296 -0.556060
v -0.426288 -2.399806 -0.495700
v -0.426288 -2.450060 -0.495700
v -0.369272 -2.450060 -0.523128
v -0.369272 -2.399806 -0.523128
v -0.304223 -2.450060 -0.543509
v -0.304223 -2.399806 -0.543509
v -0.233641 -2.450060 -0.556060
v -0.233641 -2.399806 -0.556060
v -0.407565 -2.399806 -0.435944
v -0.407565 -2.450060 -0.435944
v -0.350549 -2.450060 -0.463372
v -0.350549 -2.399806 -0.463372
v -0.285501 -2.450060 -0.483753
v -0.285501 -2.399806 -0.483753
v -0.214919 -2.450060 -0.496304
v -0.214919 -2.399806 -0.496304
v -0.233641 -2.399806 -0.123435
v -0.233641 -2.450060 -0.123435
v -0.304223 -2.450060 -0.135986
v -0.304223 -2.399806 -0.135986
v -0.369272 -2.450060 -0.156367
v -0.369272 -2.399806 -0.156367
v -0.426288 -2.450060 -0.183795
v -0.426288 -2.399806 -0.183795
v -0.213958 -2.399806 -0.186257
v -0.213958 -2.450060 -0.186257
v -0.284540 -2.450060 -0.198807
v -0.284540 -2.399806 -0.198807
v -0.349589 -2.450060 -0.219188
v -0.349589 -2.399806 -0.219188
v -0.406605 -2.450060 -0.246617
v -0.406605 -2.399806 -0.246617
vn 0.0576 -0.0000 -0.9983
vn 0.1751 -0.0000 -0.9846
vn 0.2990 -0.0000 -0.9543
vn 0.4335 -0.0000 -0.9011
vn 0.5812 -0.0000 -0.8137
vn 0.7389 -0.0000 -0.6738
vn 0.8881 -0.0000 -0.4596
vn 0.9862 -0.0000 -0.1657
vn 0.9862 -0.0000 0.1657
vn 0.8881 -0.0000 0.4596
vn 0.7389 -0.0000 0.6738
vn 0.5812 -0.0000 0.8137
vn 0.4335 -0.0000 0.9011
vn 0.2990 -0.0000 0.9543
vn 0.1751 -0.0000 0.9846
vn 0.0576 -0.0000 0.9983
vn -0.0576 -0.0000 0.9983
vn -0.2990 -0.0000 0.9543
vn -0.1751 -0.0000 0.9846
vn -0.5812 -0.0000 0.8137
vn -0.7389 -0.0000 0.6738
vn -0.8881 -0.0000 0.4596
vn -0.9862 -0.0000 0.1657
vn -0.9862 -0.0000 -0.1657
vn -0.8881 -0.0000 -0.4596
vn -0.7389 -0.0000 -0.6738
vn -0.5812 -0.0000 -0.8137
vn -0.1751 -0.0000 -0.9846
vn 0.6500 -0.0000 0.7599
vn -0.0000 1.0000 -0.0000
vn -0.1325 -0.0000 0.9912
vn -0.0576 -0.0000 -0.9983
vn -0.0000 -1.0000 -0.0000
vn -0.4335 -0.0000 -0.9011
vn -0.2990 -0.0000 -0.9543
vn -1.0000 -0.0000 0.0031
vn 0.9543 -0.0000 -0.2990
vn -0.9543 -0.0000 0.2990
vn 0.8633 -0.0000 0.5046
vn -0.1755 -0.0000 -0.9845
vn -0.4335 -0.0000 0.9011
vn -0.9543 -0.0000 -0.2990
vn 0.9543 -0.0000 0.2990
vn 1.0000 -0.0000 -0.0051
vt 1.000000 0.500000
vt 1.000000 1.000000
vt 0.968750 1.000000
vt 0.968750 0.500000
vt 0.937500 1.000000
vt 0.937500 0.500000
vt 0.906250 1.000000
vt 0.906250 0.500000
vt 0.875000 1.000000
vt 0.875000 0.500000
vt 0.843750 1.000000
vt 0.843750 0.500000
vt 0.812500 1.000000
vt 0.812500 0.500000
vt 0.781250 1.000000
vt 0.781250 0.500000
vt 0.750000 1.000000
vt 0.750000 0.500000
vt 0.718750 1.000000
vt 0.718750 0.500000
vt 0.687500 1.000000
vt 0.687500 0.500000
vt 0.656250 1.000000
vt 0.656250 0.500000
vt 0.625000 1.000000
vt 0.625000 0.500000
vt 0.593750 1.000000
vt 0.593750 0.500000
vt 0.562500 1.000000
vt 0.562500 0.500000
vt 0.531250 1.000000
vt 0.531250 0.500000
vt 0.500000 1.000000
vt 0.500000 0.500000
vt 0.468750 1.000000
vt 0.468750 0.500000
vt 0.616663 0.050447
vt 0.658156 0.028269
vt 0.116663 0.050447
vt 0.080294 0.080294
vt 0.703178 0.014612
vt 0.375000 0.500000
vt 0.375000 1.000000
vt 0.343750 1.000000
vt 0.343750 0.500000
vt 0.312500 1.000000
vt 0.312500 0.500000
vt 0.281250 1.000000
vt 0.281250 0.500000
vt 0.250000 1.000000
vt 0.250000 0.500000
vt 0.218750 1.000000
vt 0.218750 0.500000
vt 0.187500 1.000000
vt 0.187500 0.500000
vt 0.156250 1.000000
vt 0.156250 0.500000
vt 0.125000 1.000000
vt 0.125000 0.500000
vt 0.703178 0.485388
vt 0.658156 0.471731
vt 0.031250 1.000000
vt 0.031250 0.500000
vt 0.296822 0.485388
vt 0.250000 0.490000
vt 0.203178 0.485388
vt 0.158156 0.471731
vt 0.116663 0.449553
vt 0.080294 0.419706
vt 0.050447 0.383337
vt 0.028269 0.341844
vt 0.014612 0.296822
vt 0.010000 0.250000
vt 0.014612 0.203178
vt 0.028269 0.158156
vt 0.050447 0.116663
vt 0.158156 0.028269
vt 0.203178 0.014612
vt 0.250000 0.010000
vt 0.296822 0.014612
vt 0.341844 0.028269
vt 0.383337 0.050447
vt 0.419706 0.080294
vt 0.449553 0.116663
vt 0.471731 0.158156
vt 0.485388 0.203178
vt 0.490000 0.250000
vt 0.485388 0.296822
vt 0.471731 0.341844
vt 0.449553 0.383337
vt 0.419706 0.419706
vt 0.383337 0.449553
vt 0.341844 0.471731
vt 0.000000 1.000000
vt 0.000000 0.500000
vt 0.750000 0.490000
vt 0.796822 0.485388
vt 0.841844 0.471731
vt 0.883337 0.449553
vt 0.919706 0.419706
vt 0.949553 0.383337
vt 0.971731 0.341844
vt 0.985388 0.296822
vt 0.990000 0.250000
vt 0.985388 0.203178
vt 0.971731 0.158156
vt 0.949553 0.116663
vt 0.919706 0.080294
vt 0.883337 0.050447
vt 0.841844 0.028269
vt 0.796822 0.014612
vt 0.750000 0.010000
vt 0.580294 0.080294
vt 0.550447 0.116663
vt 0.528269 0.158156
vt 0.514612 0.203178
vt 0.510000 0.250000
vt 0.514612 0.296822
vt 0.528269 0.341844
vt 0.550447 0.383337
vt 0.580294 0.419706
vt 0.616663 0.449553
s 0
usemtl Material.001
f 2067/2193/2052 2068/2194/2052 2070/2195/2052 2069/2196/2052
f 2069/2196/2053 2070/2195/2053 2072/2197/2053 2071/2198/2053
f 2071/2198/2054 2072/2197/2054 2074/2199/2054 2073/2200/2054
f 2073/2200/2055 2074/2199/2055 2076/2201/2055 2075/2202/2055
f 2075/2202/2056 2076/2201/2056 2078/2203/2056 2077/2204/2056
f 2077/2204/2057 2078/2203/2057 2080/2205/2057 2079/2206/2057
f 2079/2206/2058 2080/2205/2058 2082/2207/2058 2081/2208/2058
f 2081/2208/2059 2082/2207/2059 2084/2209/2059 2083/2210/2059
f 2083/2210/2060 2084/2209/2060 2086/2211/2060 2085/2212/2060
f 2085/2212/2061 2086/2211/2061 2088/2213/2061 2087/2214/2061
f 2087/2214/2062 2088/2213/2062 2090/2215/2062 2089/2216/2062
f 2089/2216/2063 2090/2215/2063 2092/2217/2063 2091/2218/2063
f 2091/2218/2064 2092/2217/2064 2094/2219/2064 2093/2220/2064
f 2093/2220/2065 2094/2219/2065 2096/2221/2065 2095/2222/2065
f 2095/2222/2066 2096/2221/2066 2098/2223/2066 2097/2224/2066
f 2097/2224/2067 2098/2223/2067 2100/2225/2067 2099/2226/2067
f 2099/2226/2068 2100/2225/2068 2102/2227/2068 2101/2228/2068
f 2105/2229/2069 2103/2230/2069 2149/2230/2069 2151/2229/2069
f 2106/2231/2055 2108/2232/2055 2154/2232/2055 2152/2231/2055
f 2103/2230/2070 2101/2233/2070 2148/2233/2070 2149/2230/2070
f 2107/2234/2071 2108/2235/2071 2110/2236/2071 2109/2237/2071
f 2109/2237/2072 2110/2236/2072 2112/2238/2072 2111/2239/2072
f 2111/2239/2073 2112/2238/2073 2114/2240/2073 2113/2241/2073
f 2113/2241/2074 2114/2240/2074 2116/2242/2074 2115/2243/2074
f 2115/2243/2075 2116/2242/2075 2118/2244/2075 2117/2245/2075
f 2117/2245/2076 2118/2244/2076 2120/2246/2076 2119/2247/2076
f 2119/2247/2077 2120/2246/2077 2122/2248/2077 2121/2249/2077
f 2121/2249/2078 2122/2248/2078 2124/2250/2078 2123/2251/2078
f 2129/2252/2079 2127/2253/2079 2135/2253/2079 2137/2252/2079
f 2130/2254/2080 2129/2255/2080 2137/2255/2080 2138/2254/2080
f 2070/2256/2081 2068/2257/2081 2130/2258/2081 2128/2259/2081 2126/2260/2081 2124/2261/2081 2122/2262/2081 2120/2263/2081 2118/2264/2081 2116/2265/2081 2114/2266/2081 2112/2267/2081 2110/2268/2081 2108/2232/2081 2106/2231/2081 2104/2269/2081 2102/2270/2081 2100/2271/2081 2098/2272/2081 2096/2273/2081 2094/2274/2081 2092/2275/2081 2090/2276/2081 2088/2277/2081 2086/2278/2081 2084/2279/2081 2082/2280/2081 2080/2281/2081 2078/2282/2081 2076/2283/2081 2074/2284/2081 2072/2285/2081
f 2123/2251/2082 2124/2250/2082 2131/2250/2082 2132/2251/2082
f 2129/2255/2083 2130/2254/2083 2068/2286/2083 2067/2287/2083
f 2067/2288/2084 2069/2289/2084 2071/2290/2084 2073/2291/2084 2075/2292/2084 2077/2293/2084 2079/2294/2084 2081/2295/2084 2083/2296/2084 2085/2297/2084 2087/2298/2084 2089/2299/2084 2091/2300/2084 2093/2301/2084 2095/2302/2084 2097/2303/2084 2099/2304/2084 2101/2233/2084 2103/2230/2084 2105/2229/2084 2107/2305/2084 2109/2306/2084 2111/2307/2084 2113/2308/2084 2115/2309/2084 2117/2310/2084 2119/2311/2084 2121/2312/2084 2123/2313/2084 2125/2314/2084 2127/2253/2084 2129/2252/2084
f 2131/2261/2084 2134/2260/2084 2142/2260/2084 2139/2261/2084
f 2135/2253/2081 2133/2314/2081 2141/2314/2081 2143/2253/2081
f 2136/2259/2084 2138/2258/2084 2146/2258/2084 2144/2259/2084
f 2126/2260/2065 2128/2259/2065 2136/2259/2065 2134/2260/2065
f 2125/2314/2085 2123/2313/2085 2132/2313/2085 2133/2314/2085
f 2128/2259/2066 2130/2258/2066 2138/2258/2066 2136/2259/2066
f 2127/2253/2086 2125/2314/2086 2133/2314/2086 2135/2253/2086
f 2124/2261/2064 2126/2260/2064 2134/2260/2064 2131/2261/2064
f 2158/2269/2084 2160/2231/2084 2142/2260/2084 2144/2259/2084
f 2155/2270/2084 2158/2269/2084 2144/2259/2084 2146/2258/2084
f 2156/2228/2087 2155/2227/2087 2146/2254/2087 2145/2255/2087
f 2132/2251/2088 2131/2250/2088 2139/2250/2088 2140/2251/2088
f 2138/2254/2089 2137/2255/2089 2145/2255/2089 2146/2254/2089
f 2137/2252/2081 2135/2253/2081 2143/2253/2081 2145/2252/2081
f 2134/2260/2084 2136/2259/2084 2144/2259/2084 2142/2260/2084
f 2133/2314/2081 2132/2313/2081 2140/2313/2081 2141/2314/2081
f 2151/2229/2081 2149/2230/2081 2157/2230/2081 2159/2229/2081
f 2152/2231/2084 2154/2232/2084 2162/2232/2084 2160/2231/2084
f 2149/2230/2081 2148/2233/2081 2156/2233/2081 2157/2230/2081
f 2102/2270/2053 2104/2269/2053 2150/2269/2053 2147/2270/2053
f 2101/2228/2090 2102/2227/2090 2147/2227/2090 2148/2228/2090
f 2108/2235/2091 2107/2234/2091 2153/2234/2091 2154/2235/2091
f 2107/2305/2092 2105/2229/2092 2151/2229/2092 2153/2305/2092
f 2104/2269/2054 2106/2231/2054 2152/2231/2054 2150/2269/2054
f 2157/2230/2081 2156/2233/2081 2145/2252/2081 2143/2253/2081
f 2159/2229/2081 2157/2230/2081 2143/2253/2081 2141/2314/2081
f 2161/2305/2081 2159/2229/2081 2141/2314/2081 2140/2313/2081
f 2147/2270/2084 2150/2269/2084 2158/2269/2084 2155/2270/2084
f 2148/2228/2093 2147/2227/2093 2155/2227/2093 2156/2228/2093
f 2154/2235/2094 2153/2234/2094 2161/2234/2094 2162/2235/2094
f 2153/2305/2081 2151/2229/2081 2159/2229/2081 2161/2305/2081
f 2150/2269/2084 2152/2231/2084 2160/2231/2084 2158/2269/2084
f 2160/2231/2084 2162/2232/2084 2139/2261/2084 2142/2260/2084
f 2162/2235/2095 2161/2234/2095 2140/2251/2095 2139/2250/2095
o Cylinder.009
v -0.160238 -2.676462 0.046006
v -0.160238 -2.596296 0.046006
v -0.086836 -2.676462 0.050243
v -0.086836 -2.596296 0.050243
v -0.016254 -2.676462 0.062794
v -0.016254 -2.596296 0.062794
v 0.048795 -2.676462 0.083175
v 0.048795 -2.596296 0.083175
v 0.105811 -2.676462 0.110603
v 0.105811 -2.596296 0.110603
v 0.152602 -2.676462 0.144025
v 0.152602 -2.596296 0.144025
v 0.187372 -2.676462 0.182155
v 0.187372 -2.596296 0.182155
v 0.208783 -2.676462 0.223529
v 0.208783 -2.596296 0.223529
v 0.216012 -2.676462 0.266556
v 0.216012 -2.596296 0.266556
v 0.208783 -2.676462 0.309583
v 0.208783 -2.596296 0.309583
v 0.187372 -2.676462 0.350957
v 0.187372 -2.596296 0.350957
v 0.152602 -2.676462 0.389087
v 0.152602 -2.596296 0.389087
v 0.105811 -2.676462 0.422508
v 0.105811 -2.596296 0.422508
v 0.048795 -2.676462 0.449937
v 0.048795 -2.596296 0.449937
v -0.016254 -2.676462 0.470318
v -0.016254 -2.596296 0.470318
v -0.086836 -2.676462 0.482868
v -0.086836 -2.596296 0.482868
v -0.160238 -2.676462 0.487106
v -0.160238 -2.596296 0.487106
v -0.233641 -2.676462 0.482868
v -0.233641 -2.596296 0.482868
v -0.304223 -2.676462 0.470318
v -0.304223 -2.596296 0.470318
v -0.369272 -2.676462 0.449937
v -0.369272 -2.596296 0.449937
v -0.426288 -2.676462 0.422508
v -0.426288 -2.596296 0.422508
v -0.473079 -2.676462 0.389087
v -0.473079 -2.596296 0.389087
v -0.507849 -2.676462 0.350957
v -0.507849 -2.596296 0.350957
v -0.529260 -2.676462 0.309583
v -0.529260 -2.596296 0.309583
v -0.536489 -2.676462 0.266556
v -0.536489 -2.596296 0.266556
v -0.529260 -2.676462 0.223529
v -0.529260 -2.596296 0.223529
v -0.507849 -2.676462 0.182155
v -0.507849 -2.596296 0.182155
v -0.473079 -2.676462 0.144025
v -0.473079 -2.596296 0.144025
v -0.426288 -2.676462 0.110603
v -0.426288 -2.596296 0.110603
v -0.369272 -2.676462 0.083175
v -0.369272 -2.596296 0.083175
v -0.304223 -2.676462 0.062794
v -0.304223 -2.596296 0.062794
v -0.233641 -2.676462 0.050243
v -0.233641 -2.596296 0.050243
v -0.426288 -2.399806 0.110603
v -0.426288 -2.450060 0.110603
v -0.369272 -2.450060 0.083175
v -0.369272 -2.399806 0.083175
v -0.304223 -2.450060 0.062794
v -0.304223 -2.399806 0.062794
v -0.233641 -2.450060 0.050243
v -0.233641 -2.399806 0.050243
v -0.407565 -2.399806 0.170360
v -0.407565 -2.450060 0.170360
v -0.350549 -2.450060 0.142931
v -0.350549 -2.399806 0.142931
v -0.285501 -2.450060 0.122550
v -0.285501 -2.399806 0.122550
v -0.214919 -2.450060 0.110000
v -0.214919 -2.399806 0.110000
v -0.233641 -2.399806 0.482868
v -0.233641 -2.450060 0.482868
v -0.304223 -2.450060 0.470318
v -0.304223 -2.399806 0.470318
v -0.369272 -2.450060 0.449937
v -0.369272 -2.399806 0.449937
v -0.426288 -2.450060 0.422508
v -0.426288 -2.399806 0.422508
v -0.213958 -2.399806 0.420047
v -0.213958 -2.450060 0.420047
v -0.284540 -2.450060 0.407496
v -0.284540 -2.399806 0.407496
v -0.349589 -2.450060 0.387115
v -0.349589 -2.399806 0.387115
v -0.406605 -2.450060 0.359687
v -0.406605 -2.399806 0.359687
vn 0.0576 -0.0000 -0.9983
vn 0.1751 -0.0000 -0.9846
vn 0.2990 -0.0000 -0.9543
vn 0.4335 -0.0000 -0.9011
vn 0.5812 -0.0000 -0.8137
vn 0.7389 -0.0000 -0.6738
vn 0.8881 -0.0000 -0.4596
vn 0.9862 -0.0000 -0.1657
vn 0.9862 -0.0000 0.1657
vn 0.8881 -0.0000 0.4596
vn 0.7389 -0.0000 0.6738
vn 0.5812 -0.0000 0.8137
vn 0.4335 -0.0000 0.9011
vn 0.2990 -0.0000 0.9543
vn 0.1751 -0.0000 0.9846
vn 0.0576 -0.0000 0.9983
vn -0.0576 -0.0000 0.9983
vn -0.2990 -0.0000 0.9543
vn -0.1751 -0.0000 0.9846
vn -0.5812 -0.0000 0.8137
vn -0.7389 -0.0000 0.6738
vn -0.8881 -0.0000 0.4596
vn -0.9862 -0.0000 0.1657
vn -0.9862 -0.0000 -0.1657
vn -0.8881 -0.0000 -0.4596
vn -0.7389 -0.0000 -0.6738
vn -0.5812 -0.0000 -0.8137
vn -0.1751 -0.0000 -0.9846
vn 0.6500 -0.0000 0.7599
vn -0.0000 1.0000 -0.0000
vn -0.1325 -0.0000 0.9912
vn -0.0576 -0.0000 -0.9983
vn -0.0000 -1.0000 -0.0000
vn -0.4335 -0.0000 -0.9011
vn -0.2990 -0.0000 -0.9543
vn -1.0000 -0.0000 0.0031
vn 0.9543 -0.0000 -0.2990
vn -0.9543 -0.0000 0.2990
vn 0.8633 -0.0000 0.5046
vn -0.1755 -0.0000 -0.9845
vn -0.4335 -0.0000 0.9011
vn -0.9543 -0.0000 -0.2990
vn 0.9543 -0.0000 0.2990
vn 1.0000 -0.0000 -0.0051
vt 1.000000 0.500000
vt 1.000000 1.000000
vt 0.968750 1.000000
vt 0.968750 0.500000
vt 0.937500 1.000000
vt 0.937500 0.500000
vt 0.906250 1.000000
vt 0.906250 0.500000
vt 0.875000 1.000000
vt 0.875000 0.500000
vt 0.843750 1.000000
vt 0.843750 0.500000
vt 0.812500 1.000000
vt 0.812500 0.500000
vt 0.781250 1.000000
vt 0.781250 0.500000
vt 0.750000 1.000000
vt 0.750000 0.500000
vt 0.718750 1.000000
vt 0.718750 0.500000
vt 0.687500 1.000000
vt 0.687500 0.500000
vt 0.656250 1.000000
vt 0.656250 0.500000
vt 0.625000 1.000000
vt 0.625000 0.500000
vt 0.593750 1.000000
vt 0.593750 0.500000
vt 0.562500 1.000000
vt 0.562500 0.500000
vt 0.531250 1.000000
vt 0.531250 0.500000
vt 0.500000 1.000000
vt 0.500000 0.500000
vt 0.468750 1.000000
vt 0.468750 0.500000
vt 0.616663 0.050447
vt 0.658156 0.028269
vt 0.116663 0.050447
vt 0.080294 0.080294
vt 0.703178 0.014612
vt 0.375000 0.500000
vt 0.375000 1.000000
vt 0.343750 1.000000
vt 0.343750 0.500000
vt 0.312500 1.000000
vt 0.312500 0.500000
vt 0.281250 1.000000
vt 0.281250 0.500000
vt 0.250000 1.000000
vt 0.250000 0.500000
vt 0.218750 1.000000
vt 0.218750 0.500000
vt 0.187500 1.000000
vt 0.187500 0.500000
vt 0.156250 1.000000
vt 0.156250 0.500000
vt 0.125000 1.000000
vt 0.125000 0.500000
vt 0.703178 0.485388
vt 0.658156 0.471731
vt 0.031250 1.000000
vt 0.031250 0.500000
vt 0.296822 0.485388
vt 0.250000 0.490000
vt 0.203178 0.485388
vt 0.158156 0.471731
vt 0.116663 0.449553
vt 0.080294 0.419706
vt 0.050447 0.383337
vt 0.028269 0.341844
vt 0.014612 0.296822
vt 0.010000 0.250000
vt 0.014612 0.203178
vt 0.028269 0.158156
vt 0.050447 0.116663
vt 0.158156 0.028269
vt 0.203178 0.014612
vt 0.250000 0.010000
vt 0.296822 0.014612
vt 0.341844 0.028269
vt 0.383337 0.050447
vt 0.419706 0.080294
vt 0.449553 0.116663
vt 0.471731 0.158156
vt 0.485388 0.203178
vt 0.490000 0.250000
vt 0.485388 0.296822
vt 0.471731 0.341844
vt 0.449553 0.383337
vt 0.419706 0.419706
vt 0.383337 0.449553
vt 0.341844 0.471731
vt 0.000000 1.000000
vt 0.000000 0.500000
vt 0.750000 0.490000
vt 0.796822 0.485388
vt 0.841844 0.471731
vt 0.883337 0.449553
vt 0.919706 0.419706
vt 0.949553 0.383337
vt 0.971731 0.341844
vt 0.985388 0.296822
vt 0.990000 0.250000
vt 0.985388 0.203178
vt 0.971731 0.158156
vt 0.949553 0.116663
vt 0.919706 0.080294
vt 0.883337 0.050447
vt 0.841844 0.028269
vt 0.796822 0.014612
vt 0.750000 0.010000
vt 0.580294 0.080294
vt 0.550447 0.116663
vt 0.528269 0.158156
vt 0.514612 0.203178
vt 0.510000 0.250000
vt 0.514612 0.296822
vt 0.528269 0.341844
vt 0.550447 0.383337
vt 0.580294 0.419706
vt 0.616663 0.449553
s 0
usemtl Material.001
f 2163/2315/2096 2164/2316/2096 2166/2317/2096 2165/2318/2096
f 2165/2318/2097 2166/2317/2097 2168/2319/2097 2167/2320/2097
f 2167/2320/2098 2168/2319/2098 2170/2321/2098 2169/2322/2098
f 2169/2322/2099 2170/2321/2099 2172/2323/2099 2171/2324/2099
f 2171/2324/2100 2172/2323/2100 2174/2325/2100 2173/2326/2100
f 2173/2326/2101 2174/2325/2101 2176/2327/2101 2175/2328/2101
f 2175/2328/2102 2176/2327/2102 2178/2329/2102 2177/2330/2102
f 2177/2330/2103 2178/2329/2103 2180/2331/2103 2179/2332/2103
f 2179/2332/2104 2180/2331/2104 2182/2333/2104 2181/2334/2104
f 2181/2334/2105 2182/2333/2105 2184/2335/2105 2183/2336/2105
f 2183/2336/2106 2184/2335/2106 2186/2337/2106 2185/2338/2106
f 2185/2338/2107 2186/2337/2107 2188/2339/2107 2187/2340/2107
f 2187/2340/2108 2188/2339/2108 2190/2341/2108 2189/2342/2108
f 2189/2342/2109 2190/2341/2109 2192/2343/2109 2191/2344/2109
f 2191/2344/2110 2192/2343/2110 2194/2345/2110 2193/2346/2110
f 2193/2346/2111 2194/2345/2111 2196/2347/2111 2195/2348/2111
f 2195/2348/2112 2196/2347/2112 2198/2349/2112 2197/2350/2112
f 2201/2351/2113 2199/2352/2113 2245/2352/2113 2247/2351/2113
f 2202/2353/2099 2204/2354/2099 2250/2354/2099 2248/2353/2099
f 2199/2352/2114 2197/2355/2114 2244/2355/2114 2245/2352/2114
f 2203/2356/2115 2204/2357/2115 2206/2358/2115 2205/2359/2115
f 2205/2359/2116 2206/2358/2116 2208/2360/2116 2207/2361/2116
f 2207/2361/2117 2208/2360/2117 2210/2362/2117 2209/2363/2117
f 2209/2363/2118 2210/2362/2118 2212/2364/2118 2211/2365/2118
f 2211/2365/2119 2212/2364/2119 2214/2366/2119 2213/2367/2119
f 2213/2367/2120 2214/2366/2120 2216/2368/2120 2215/2369/2120
f 2215/2369/2121 2216/2368/2121 2218/2370/2121 2217/2371/2121
f 2217/2371/2122 2218/2370/2122 2220/2372/2122 2219/2373/2122
f 2225/2374/2123 2223/2375/2123 2231/2375/2123 2233/2374/2123
f 2226/2376/2124 2225/2377/2124 2233/2377/2124 2234/2376/2124
f 2166/2378/2125 2164/2379/2125 2226/2380/2125 2224/2381/2125 2222/2382/2125 2220/2383/2125 2218/2384/2125 2216/2385/2125 2214/2386/2125 2212/2387/2125 2210/2388/2125 2208/2389/2125 2206/2390/2125 2204/2354/2125 2202/2353/2125 2200/2391/2125 2198/2392/2125 2196/2393/2125 2194/2394/2125 2192/2395/2125 2190/2396/2125 2188/2397/2125 2186/2398/2125 2184/2399/2125 2182/2400/2125 2180/2401/2125 2178/2402/2125 2176/2403/2125 2174/2404/2125 2172/2405/2125 2170/2406/2125 2168/2407/2125
f 2219/2373/2126 2220/2372/2126 2227/2372/2126 2228/2373/2126
f 2225/2377/2127 2226/2376/2127 2164/2408/2127 2163/2409/2127
f 2163/2410/2128 2165/2411/2128 2167/2412/2128 2169/2413/2128 2171/2414/2128 2173/2415/2128 2175/2416/2128 2177/2417/2128 2179/2418/2128 2181/2419/2128 2183/2420/2128 2185/2421/2128 2187/2422/2128 2189/2423/2128 2191/2424/2128 2193/2425/2128 2195/2426/2128 2197/2355/2128 2199/2352/2128 2201/2351/2128 2203/2427/2128 2205/2428/2128 2207/2429/2128 2209/2430/2128 2211/2431/2128 2213/2432/2128 2215/2433/2128 2217/2434/2128 2219/2435/2128 2221/2436/2128 2223/2375/2128 2225/2374/2128
f 2227/2383/2128 2230/2382/2128 2238/2382/2128 2235/2383/2128
f 2231/2375/2125 2229/2436/2125 2237/2436/2125 2239/2375/2125
f 2232/2381/2128 2234/2380/2128 2242/2380/2128 2240/2381/2128
f 2222/2382/2109 2224/2381/2109 2232/2381/2109 2230/2382/2109
f 2221/2436/2129 2219/2435/2129 2228/2435/2129 2229/2436/2129
f 2224/2381/2110 2226/2380/2110 2234/2380/2110 2232/2381/2110
f 2223/2375/2130 2221/2436/2130 2229/2436/2130 2231/2375/2130
f 2220/2383/2108 2222/2382/2108 2230/2382/2108 2227/2383/2108
f 2254/2391/2128 2256/2353/2128 2238/2382/2128 2240/2381/2128
f 2251/2392/2128 2254/2391/2128 2240/2381/2128 2242/2380/2128
f 2252/2350/2131 2251/2349/2131 2242/2376/2131 2241/2377/2131
f 2228/2373/2132 2227/2372/2132 2235/2372/2132 2236/2373/2132
f 2234/2376/2133 2233/2377/2133 2241/2377/2133 2242/2376/2133
f 2233/2374/2125 2231/2375/2125 2239/2375/2125 2241/2374/2125
f 2230/2382/2128 2232/2381/2128 2240/2381/2128 2238/2382/2128
f 2229/2436/2125 2228/2435/2125 2236/2435/2125 2237/2436/2125
f 2247/2351/2125 2245/2352/2125 2253/2352/2125 2255/2351/2125
f 2248/2353/2128 2250/2354/2128 2258/2354/2128 2256/2353/2128
f 2245/2352/2125 2244/2355/2125 2252/2355/2125 2253/2352/2125
f 2198/2392/2097 2200/2391/2097 2246/2391/2097 2243/2392/2097
f 2197/2350/2134 2198/2349/2134 2243/2349/2134 2244/2350/2134
f 2204/2357/2135 2203/2356/2135 2249/2356/2135 2250/2357/2135
f 2203/2427/2136 2201/2351/2136 2247/2351/2136 2249/2427/2136
f 2200/2391/2098 2202/2353/2098 2248/2353/2098 2246/2391/2098
f 2253/2352/2125 2252/2355/2125 2241/2374/2125 2239/2375/2125
f 2255/2351/2125 2253/2352/2125 2239/2375/2125 2237/2436/2125
f 2257/2427/2125 2255/2351/2125 2237/2436/2125 2236/2435/2125
f 2243/2392/2128 2246/2391/2128 2254/2391/2128 2251/2392/2128
f 2244/2350/2137 2243/2349/2137 2251/2349/2137 2252/2350/2137
f 2250/2357/2138 2249/2356/2138 2257/2356/2138 2258/2357/2138
f 2249/2427/2125 2247/2351/2125 2255/2351/2125 2257/2427/2125
f 2246/2391/2128 2248/2353/2128 2256/2353/2128 2254/2391/2128
f 2256/2353/2128 2258/2354/2128 2235/2383/2128 2238/2382/2128
f 2258/2357/2139 2257/2356/2139 2236/2373/2139 2235/2372/2139
o Sphere
v 0.000000 2.445561 -0.555570
v 0.000000 2.169662 -0.831470
v 0.000000 1.809182 -0.980785
v 0.000000 1.614092 -1.000000
v 0.000000 1.419002 -0.980785
v 0.000000 1.058522 -0.831470
v 0.038060 2.594877 -0.191342
v 0.074658 2.537971 -0.375330
v 0.108386 2.445561 -0.544895
v 0.137950 2.321199 -0.693520
v 0.162212 2.169662 -0.815493
v 0.180240 1.996775 -0.906127
v 0.191342 1.809182 -0.961940
v 0.195090 1.614092 -0.980785
v 0.191342 1.419002 -0.961940
v 0.180240 1.231408 -0.906127
v 0.162212 1.058522 -0.815493
v 0.137950 0.906985 -0.693520
v 0.108386 0.782622 -0.544895
v 0.074658 0.690212 -0.375330
v 0.038060 0.633307 -0.191342
v 0.074658 2.594877 -0.180240
v 0.146447 2.537971 -0.353553
v 0.212608 2.445561 -0.513280
v 0.270598 2.321199 -0.653281
v 0.318190 2.169662 -0.768178
v 0.353553 1.996775 -0.853553
v 0.375330 1.809182 -0.906127
v 0.382683 1.614092 -0.923879
v 0.375330 1.419002 -0.906127
v 0.353553 1.231408 -0.853553
v 0.318190 1.058522 -0.768178
v 0.270598 0.906985 -0.653281
v 0.212608 0.782622 -0.513280
v 0.146447 0.690212 -0.353553
v 0.074658 0.633307 -0.180240
v 0.108386 2.594877 -0.162212
v 0.212608 2.537971 -0.318190
v 0.308658 2.445561 -0.461940
v 0.392847 2.321199 -0.587938
v 0.461940 2.169662 -0.691342
v 0.513280 1.996775 -0.768178
v 0.544895 1.809182 -0.815493
v 0.555570 1.614092 -0.831469
v 0.544895 1.419002 -0.815493
v 0.513280 1.231408 -0.768178
v 0.461940 1.058522 -0.691342
v 0.392847 0.906985 -0.587938
v 0.308658 0.782622 -0.461940
v 0.212608 0.690212 -0.318190
v 0.108386 0.633307 -0.162212
v 0.137950 2.594877 -0.137950
v 0.270598 2.537971 -0.270598
v 0.392847 2.445561 -0.392847
v 0.500000 2.321199 -0.500000
v 0.587938 2.169662 -0.587938
v 0.653281 1.996775 -0.653281
v 0.693520 1.809182 -0.693520
v 0.707107 1.614092 -0.707107
v 0.693520 1.419002 -0.693520
v 0.653281 1.231408 -0.653281
v 0.587938 1.058522 -0.587938
v 0.500000 0.906985 -0.500000
v 0.392847 0.782622 -0.392847
v 0.270598 0.690212 -0.270598
v 0.137950 0.633307 -0.137950
v 0.162212 2.594877 -0.108386
v 0.318190 2.537971 -0.212608
v 0.461940 2.445561 -0.308658
v 0.587938 2.321199 -0.392847
v 0.691342 2.169662 -0.461940
v 0.768178 1.996775 -0.513280
v 0.815493 1.809182 -0.544895
v 0.831470 1.614092 -0.555570
v 0.815493 1.419002 -0.544895
v 0.768178 1.231408 -0.513280
v 0.691342 1.058522 -0.461940
v 0.587938 0.906985 -0.392847
v 0.461940 0.782622 -0.308658
v 0.318190 0.690212 -0.212608
v 0.162212 0.633307 -0.108386
v 0.000000 2.614092 0.000000
v 0.180240 2.594877 -0.074658
v 0.353553 2.537971 -0.146447
v 0.513280 2.445561 -0.212607
v 0.653281 2.321199 -0.270598
v 0.768178 2.169662 -0.318190
v 0.853553 1.996775 -0.353553
v 0.906127 1.809182 -0.375330
v 0.923879 1.614092 -0.382683
v 0.906127 1.419002 -0.375330
v 0.853553 1.231408 -0.353553
v 0.768178 1.058522 -0.318190
v 0.653281 0.906985 -0.270598
v 0.513280 0.782622 -0.212607
v 0.353553 0.690212 -0.146447
v 0.180240 0.633307 -0.074658
v 0.191342 2.594877 -0.038060
v 0.375330 2.537971 -0.074658
v 0.544895 2.445561 -0.108386
v 0.693520 2.321199 -0.137950
v 0.815493 2.169662 -0.162212
v 0.906127 1.996775 -0.180240
v 0.961940 1.809182 -0.191342
v 0.980785 1.614092 -0.195090
v 0.961940 1.419002 -0.191342
v 0.906127 1.231408 -0.180240
v 0.815493 1.058522 -0.162212
v 0.693520 0.906985 -0.137950
v 0.544895 0.782622 -0.108386
v 0.375330 0.690212 -0.074658
v 0.191342 0.633307 -0.038060
v 0.195090 2.594877 0.000000
v 0.382683 2.537971 0.000000
v 0.555570 2.445561 0.000000
v 0.707107 2.321199 -0.000000
v 0.831469 2.169662 0.000000
v 0.923879 1.996775 -0.000000
v 0.980785 1.809182 0.000000
v 1.000000 1.614092 0.000000
v 0.980785 1.419002 0.000000
v 0.923879 1.231408 -0.000000
v 0.831469 1.058522 0.000000
v 0.707107 0.906985 -0.000000
v 0.555570 0.782622 0.000000
v 0.382683 0.690212 0.000000
v 0.195090 0.633307 0.000000
v 0.191342 2.594877 0.038060
v 0.375330 2.537971 0.074658
v 0.544895 2.445561 0.108386
v 0.693520 2.321199 0.137950
v 0.815493 2.169662 0.162212
v 0.906127 1.996775 0.180240
v 0.961940 1.809182 0.191342
v 0.980785 1.614092 0.195090
v 0.961940 1.419002 0.191342
v 0.906127 1.231408 0.180240
v 0.815493 1.058522 0.162212
v 0.693520 0.906985 0.137950
v 0.544895 0.782622 0.108386
v 0.375330 0.690212 0.074658
v 0.191342 0.633307 0.038060
v 0.180240 2.594877 0.074658
v 0.353553 2.537971 0.146447
v 0.513280 2.445561 0.212608
v 0.653281 2.321199 0.270598
v 0.768178 2.169662 0.318190
v 0.853553 1.996775 0.353553
v 0.906127 1.809182 0.375330
v 0.923879 1.614092 0.382683
v 0.906127 1.419002 0.375330
v 0.853553 1.231408 0.353553
v 0.768178 1.058522 0.318190
v 0.653281 0.906985 0.270598
v 0.513280 0.782622 0.212608
v 0.353553 0.690212 0.146447
v 0.180240 0.633307 0.074658
v 0.162212 2.594877 0.108386
v 0.318190 2.537971 0.212608
v 0.461940 2.445561 0.308658
v 0.587938 2.321199 0.392847
v 0.691341 2.169662 0.461940
v 0.768178 1.996775 0.513280
v 0.815493 1.809182 0.544895
v 0.831469 1.614092 0.555570
v 0.815493 1.419002 0.544895
v 0.768178 1.231408 0.513280
v 0.691341 1.058522 0.461940
v 0.587938 0.906985 0.392847
v 0.461940 0.782622 0.308658
v 0.318190 0.690212 0.212608
v 0.162212 0.633307 0.108386
v 0.137950 2.594877 0.137950
v 0.270598 2.537971 0.270598
v 0.392847 2.445561 0.392847
v 0.500000 2.321199 0.500000
v 0.587938 2.169662 0.587938
v 0.653281 1.996775 0.653281
v 0.693520 1.809182 0.693520
v 0.707106 1.614092 0.707107
v 0.693520 1.419002 0.693520
v 0.653281 1.231408 0.653281
v 0.587938 1.058522 0.587938
v 0.500000 0.906985 0.500000
v 0.392847 0.782622 0.392847
v 0.270598 0.690212 0.270598
v 0.137950 0.633307 0.137950
v 0.108386 2.594877 0.162212
v 0.212607 2.537971 0.318190
v 0.308658 2.445561 0.461940
v 0.392847 2.321199 0.587938
v 0.461940 2.169662 0.691342
v 0.513280 1.996775 0.768178
v 0.544895 1.809182 0.815493
v 0.555570 1.614092 0.831469
v 0.544895 1.419002 0.815493
v 0.513280 1.231408 0.768178
v 0.461940 1.058522 0.691342
v 0.392847 0.906985 0.587938
v 0.308658 0.782622 0.461940
v 0.212607 0.690212 0.318190
v 0.108386 0.633307 0.162212
v 0.074658 2.594877 0.180240
v 0.146447 2.537971 0.353553
v 0.212607 2.445561 0.513280
v 0.270598 2.321199 0.653281
v 0.318189 2.169662 0.768178
v 0.353553 1.996775 0.853553
v 0.375330 1.809182 0.906127
v 0.382683 1.614092 0.923879
v 0.375330 1.419002 0.906127
v 0.353553 1.231408 0.853553
v 0.318189 1.058522 0.768178
v 0.270598 0.906985 0.653281
v 0.212607 0.782622 0.513280
v 0.146447 0.690212 0.353553
v 0.074658 0.633307 0.180240
v 0.038060 2.594877 0.191342
v 0.074658 2.537971 0.375330
v 0.108386 2.445561 0.544895
v 0.137950 2.321199 0.693520
v 0.162212 2.169662 0.815493
v 0.180240 1.996775 0.906127
v 0.191342 1.809182 0.961939
v 0.195090 1.614092 0.980785
v 0.191342 1.419002 0.961939
v 0.180240 1.231408 0.906127
v 0.162212 1.058522 0.815493
v 0.137950 0.906985 0.693520
v 0.108386 0.782622 0.544895
v 0.074658 0.690212 0.375330
v 0.038060 0.633307 0.191342
v -0.000000 2.594877 0.195090
v -0.000000 2.537971 0.382683
v -0.000000 2.445561 0.555570
v -0.000000 2.321199 0.707107
v -0.000000 2.169662 0.831469
v 0.000000 1.996775 0.923879
v -0.000000 1.809182 0.980785
v -0.000000 1.614092 0.999999
v -0.000000 1.419002 0.980785
v 0.000000 1.231408 0.923879
v -0.000000 1.058522 0.831469
v -0.000000 0.906985 0.707107
v -0.000000 0.782622 0.555570
v -0.000000 0.690212 0.382683
v -0.000000 0.633307 0.195090
v -0.038060 2.594877 0.191342
v -0.074658 2.537971 0.375330
v -0.108386 2.445561 0.544895
v -0.137950 2.321199 0.693520
v -0.162212 2.169662 0.815493
v -0.180240 1.996775 0.906127
v -0.191342 1.809182 0.961939
v -0.195091 1.614092 0.980785
v -0.191342 1.419002 0.961939
v -0.180240 1.231408 0.906127
v -0.162212 1.058522 0.815493
v -0.137950 0.906985 0.693520
v -0.108386 0.782622 0.544895
v -0.074658 0.690212 0.375330
v -0.038060 0.633307 0.191342
v -0.074658 2.594877 0.180240
v -0.146447 2.537971 0.353553
v -0.212608 2.445561 0.513280
v -0.270598 2.321199 0.653281
v -0.318190 2.169662 0.768177
v -0.353553 1.996775 0.853553
v -0.375330 1.809182 0.906127
v -0.382683 1.614092 0.923879
v -0.375330 1.419002 0.906127
v -0.353553 1.231408 0.853553
v -0.318190 1.058522 0.768177
v -0.270598 0.906985 0.653281
v -0.212608 0.782622 0.513280
v -0.146447 0.690212 0.353553
v -0.074658 0.633307 0.180240
v -0.108386 2.594877 0.162212
v -0.212608 2.537971 0.318190
v -0.308658 2.445561 0.461939
v -0.392847 2.321199 0.587938
v -0.461940 2.169662 0.691341
v -0.513280 1.996775 0.768178
v -0.544895 1.809182 0.815493
v -0.555570 1.614092 0.831469
v -0.544895 1.419002 0.815493
v -0.513280 1.231408 0.768178
v -0.461940 1.058522 0.691341
v -0.392847 0.906985 0.587938
v -0.308658 0.782622 0.461939
v -0.212608 0.690212 0.318190
v -0.108386 0.633307 0.162212
v -0.137950 2.594877 0.137950
v -0.270598 2.537971 0.270598
v -0.392847 2.445561 0.392847
v -0.500000 2.321199 0.500000
v -0.587938 2.169662 0.587937
v -0.653281 1.996775 0.653281
v -0.693520 1.809182 0.693520
v -0.707106 1.614092 0.707106
v -0.693520 1.419002 0.693520
v -0.653281 1.231408 0.653281
v -0.587938 1.058522 0.587937
v -0.500000 0.906985 0.500000
v -0.392847 0.782622 0.392847
v -0.270598 0.690212 0.270598
v -0.137950 0.633307 0.137950
v 0.000000 0.614092 0.000000
v -0.162212 2.594877 0.108386
v -0.318190 2.537971 0.212607
v -0.461940 2.445561 0.308658
v -0.587938 2.321199 0.392847
v -0.691341 2.169662 0.461939
v -0.768177 1.996775 0.513280
v -0.815493 1.809182 0.544895
v -0.831469 1.614092 0.555569
v -0.815493 1.419002 0.544895
v -0.768177 1.231408 0.513280
v -0.691341 1.058522 0.461939
v -0.587938 0.906985 0.392847
v -0.461940 0.782622 0.308658
v -0.318190 0.690212 0.212607
v -0.162212 0.633307 0.108386
v -0.180240 2.594877 0.074658
v -0.353553 2.537971 0.146447
v -0.513280 2.445561 0.212607
v -0.653281 2.321199 0.270598
v -0.768177 2.169662 0.318189
v -0.853553 1.996775 0.353553
v -0.906127 1.809182 0.375330
v -0.923879 1.614092 0.382683
v -0.906127 1.419002 0.375330
v -0.853553 1.231408 0.353553
v -0.768177 1.058522 0.318189
v -0.653281 0.906985 0.270598
v -0.513280 0.782622 0.212607
v -0.353553 0.690212 0.146447
v -0.180240 0.633307 0.074658
v -0.191342 2.594877 0.038060
v -0.375330 2.537971 0.074658
v -0.544895 2.445561 0.108386
v -0.693520 2.321199 0.137950
v -0.815493 2.169662 0.162211
v -0.906127 1.996775 0.180240
v -0.961939 1.809182 0.191341
v -0.980784 1.614092 0.195090
v -0.961939 1.419002 0.191341
v -0.906127 1.231408 0.180240
v -0.815493 1.058522 0.162211
v -0.693520 0.906985 0.137950
v -0.544895 0.782622 0.108386
v -0.375330 0.690212 0.074658
v -0.191342 0.633307 0.038060
v -0.195090 2.594877 -0.000000
v -0.382683 2.537971 -0.000000
v -0.555570 2.445561 -0.000000
v -0.707107 2.321199 -0.000000
v -0.831469 2.169662 -0.000000
v -0.923879 1.996775 -0.000000
v -0.980785 1.809182 -0.000000
v -0.999999 1.614092 -0.000000
v -0.980785 1.419002 -0.000000
v -0.923879 1.231408 -0.000000
v -0.831469 1.058522 -0.000000
v -0.707107 0.906985 -0.000000
v -0.555570 0.782622 -0.000000
v -0.382683 0.690212 -0.000000
v -0.195090 0.633307 -0.000000
v -0.191342 2.594877 -0.038060
v -0.375330 2.537971 -0.074658
v -0.544895 2.445561 -0.108386
v -0.693520 2.321199 -0.137950
v -0.815493 2.169662 -0.162212
v -0.906127 1.996775 -0.180240
v -0.961939 1.809182 -0.191342
v -0.980784 1.614092 -0.195091
v -0.961939 1.419002 -0.191342
v -0.906127 1.231408 -0.180240
v -0.815493 1.058522 -0.162212
v -0.693520 0.906985 -0.137950
v -0.544895 0.782622 -0.108386
v -0.375330 0.690212 -0.074658
v -0.191342 0.633307 -0.038060
v -0.180240 2.594877 -0.074658
v -0.353553 2.537971 -0.146447
v -0.513279 2.445561 -0.212607
v -0.653281 2.321199 -0.270598
v -0.768177 2.169662 -0.318190
v -0.853553 1.996775 -0.353553
v -0.906127 1.809182 -0.375330
v -0.923878 1.614092 -0.382683
v -0.906127 1.419002 -0.375330
v -0.853553 1.231408 -0.353553
v -0.768177 1.058522 -0.318190
v -0.653281 0.906985 -0.270598
v -0.513279 0.782622 -0.212607
v -0.353553 0.690212 -0.146447
v -0.180240 0.633307 -0.074658
v -0.162212 2.594877 -0.108386
v -0.318189 2.537971 -0.212607
v -0.461939 2.445561 -0.308658
v -0.587938 2.321199 -0.392847
v -0.691341 2.169662 -0.461940
v -0.768177 1.996775 -0.513280
v -0.815493 1.809182 -0.544895
v -0.831468 1.614092 -0.555570
v -0.815493 1.419002 -0.544895
v -0.768177 1.231408 -0.513280
v -0.691341 1.058522 -0.461940
v -0.587938 0.906985 -0.392847
v -0.461939 0.782622 -0.308658
v -0.318189 0.690212 -0.212607
v -0.162212 0.633307 -0.108386
v -0.137950 2.594877 -0.137950
v -0.270598 2.537971 -0.270598
v -0.392847 2.445561 -0.392847
v -0.500000 2.321199 -0.500000
v -0.587937 2.169662 -0.587938
v -0.653281 1.996775 -0.653281
v -0.693519 1.809182 -0.693520
v -0.707106 1.614092 -0.707106
v -0.693519 1.419002 -0.693520
v -0.653281 1.231408 -0.653281
v -0.587937 1.058522 -0.587938
v -0.500000 0.906985 -0.500000
v -0.392847 0.782622 -0.392847
v -0.270598 0.690212 -0.270598
v -0.137950 0.633307 -0.137950
v -0.108386 2.594877 -0.162212
v -0.212607 2.537971 -0.318190
v -0.308658 2.445561 -0.461939
v -0.392847 2.321199 -0.587938
v -0.461939 2.169662 -0.691341
v -0.513280 1.996775 -0.768177
v -0.544895 1.809182 -0.815493
v -0.555569 1.614092 -0.831469
v -0.544895 1.419002 -0.815493
v -0.513280 1.231408 -0.768177
v -0.461939 1.058522 -0.691341
v -0.392847 0.906985 -0.587938
v -0.308658 0.782622 -0.461939
v -0.212607 0.690212 -0.318190
v -0.108386 0.633307 -0.162212
v -0.074658 2.594877 -0.180240
v -0.146446 2.537971 -0.353553
v -0.212607 2.445561 -0.513279
v -0.270598 2.321199 -0.653281
v -0.318189 2.169662 -0.768177
v -0.353553 1.996775 -0.853553
v -0.375330 1.809182 -0.906127
v -0.382683 1.614092 -0.923879
v -0.375330 1.419002 -0.906127
v -0.353553 1.231408 -0.853553
v -0.318189 1.058522 -0.768177
v -0.270598 0.906985 -0.653281
v -0.212607 0.782622 -0.513279
v -0.146446 0.690212 -0.353553
v -0.074658 0.633307 -0.180240
v -0.038060 2.594877 -0.191342
v -0.074658 2.537971 -0.375330
v -0.108386 2.445561 -0.544895
v -0.137950 2.321199 -0.693520
v -0.162211 2.169662 -0.815493
v -0.180240 1.996775 -0.906127
v -0.191341 1.809182 -0.961939
v -0.195090 1.614092 -0.980784
v -0.191341 1.419002 -0.961939
v -0.180240 1.231408 -0.906127
v -0.162211 1.058522 -0.815493
v -0.137950 0.906985 -0.693520
v -0.108386 0.782622 -0.544895
v -0.074658 0.690212 -0.375330
v -0.038060 0.633307 -0.191342
v 0.000000 2.594877 -0.195090
v 0.000000 2.537971 -0.382683
v 0.000000 2.321199 -0.707107
v 0.000000 1.996775 -0.923879
v 0.000000 1.231408 -0.923879
v 0.000000 0.906985 -0.707107
v 0.000000 0.782622 -0.555570
v 0.000000 0.690212 -0.382683
v 0.000000 0.633307 -0.195090
vn -0.0000 0.8286 -0.5598
vn -0.0000 0.5528 -0.8333
vn -0.0000 0.1939 -0.9810
vn -0.0000 -0.0000 -1.0000
vn -0.0000 -0.1939 -0.9810
vn -0.0000 -0.5528 -0.8333
vn 0.0392 0.9796 -0.1971
vn 0.0757 0.9217 -0.3804
vn 0.1092 0.8286 -0.5490
vn 0.1385 0.7041 -0.6965
vn 0.1626 0.5528 -0.8173
vn 0.1804 0.3805 -0.9070
vn 0.1914 0.1939 -0.9622
vn 0.1951 -0.0000 -0.9808
vn 0.1914 -0.1939 -0.9622
vn 0.1804 -0.3805 -0.9070
vn 0.1626 -0.5528 -0.8173
vn 0.1385 -0.7041 -0.6965
vn 0.1092 -0.8286 -0.5490
vn 0.0757 -0.9217 -0.3804
vn 0.0392 -0.9796 -0.1971
vn 0.0769 0.9796 -0.1857
vn 0.1484 0.9217 -0.3584
vn 0.2142 0.8286 -0.5172
vn 0.2718 0.7041 -0.6561
vn 0.3189 0.5528 -0.7699
vn 0.3539 0.3805 -0.8544
vn 0.3754 0.1939 -0.9063
vn 0.3827 -0.0000 -0.9239
vn 0.3754 -0.1939 -0.9063
vn 0.3539 -0.3805 -0.8544
vn 0.3189 -0.5528 -0.7699
vn 0.2718 -0.7041 -0.6561
vn 0.2142 -0.8286 -0.5172
vn 0.1484 -0.9217 -0.3584
vn 0.0769 -0.9796 -0.1857
vn 0.1117 0.9796 -0.1671
vn 0.2155 0.9217 -0.3225
vn 0.3110 0.8286 -0.4654
vn 0.3945 0.7041 -0.5905
vn 0.4630 0.5528 -0.6929
vn 0.5138 0.3805 -0.7689
vn 0.5450 0.1939 -0.8157
vn 0.5556 -0.0000 -0.8315
vn 0.5450 -0.1939 -0.8157
vn 0.5138 -0.3805 -0.7689
vn 0.4630 -0.5528 -0.6929
vn 0.3945 -0.7041 -0.5905
vn 0.3110 -0.8286 -0.4654
vn 0.2155 -0.9217 -0.3225
vn 0.1117 -0.9796 -0.1671
vn 0.1421 0.9796 -0.1421
vn 0.2743 0.9217 -0.2743
vn 0.3958 0.8286 -0.3958
vn 0.5021 0.7041 -0.5021
vn 0.5893 0.5528 -0.5893
vn 0.6539 0.3805 -0.6539
vn 0.6937 0.1939 -0.6937
vn 0.7071 -0.0000 -0.7071
vn 0.6937 -0.1939 -0.6937
vn 0.6539 -0.3805 -0.6539
vn 0.5893 -0.5528 -0.5893
vn 0.5021 -0.7041 -0.5021
vn 0.3958 -0.8286 -0.3958
vn 0.2743 -0.9217 -0.2743
vn 0.1421 -0.9796 -0.1421
vn 0.1671 0.9796 -0.1117
vn 0.3225 0.9217 -0.2155
vn 0.4654 0.8286 -0.3110
vn 0.5905 0.7041 -0.3945
vn 0.6929 0.5528 -0.4630
vn 0.7689 0.3805 -0.5138
vn 0.8157 0.1939 -0.5450
vn 0.8315 -0.0000 -0.5556
vn 0.8157 -0.1939 -0.5450
vn 0.7689 -0.3805 -0.5138
vn 0.6929 -0.5528 -0.4630
vn 0.5905 -0.7041 -0.3945
vn 0.4654 -0.8286 -0.3110
vn 0.3225 -0.9217 -0.2155
vn 0.1671 -0.9796 -0.1117
vn -0.0000 1.0000 -0.0000
vn 0.1857 0.9796 -0.0769
vn 0.3584 0.9217 -0.1484
vn 0.5172 0.8286 -0.2142
vn 0.6561 0.7041 -0.2718
vn 0.7699 0.5528 -0.3189
vn 0.8544 0.3805 -0.3539
vn 0.9063 0.1939 -0.3754
vn 0.9239 -0.0000 -0.3827
vn 0.9063 -0.1939 -0.3754
vn 0.8544 -0.3805 -0.3539
vn 0.7699 -0.5528 -0.3189
vn 0.6561 -0.7041 -0.2718
vn 0.5172 -0.8286 -0.2142
vn 0.3584 -0.9217 -0.1484
vn 0.1857 -0.9796 -0.0769
vn 0.1971 0.9796 -0.0392
vn 0.3804 0.9217 -0.0757
vn 0.5490 0.8286 -0.1092
vn 0.6965 0.7041 -0.1385
vn 0.8173 0.5528 -0.1626
vn 0.9070 0.3805 -0.1804
vn 0.9622 0.1939 -0.1914
vn 0.9808 -0.0000 -0.1951
vn 0.9622 -0.1939 -0.1914
vn 0.9070 -0.3805 -0.1804
vn 0.8173 -0.5528 -0.1626
vn 0.6965 -0.7041 -0.1385
vn 0.5490 -0.8286 -0.1092
vn 0.3804 -0.9217 -0.0757
vn 0.1971 -0.9796 -0.0392
vn 0.2010 0.9796 -0.0000
vn 0.3879 0.9217 -0.0000
vn 0.5598 0.8286 -0.0000
vn 0.7101 0.7041 -0.0000
vn 0.8333 0.5528 -0.0000
vn 0.9248 0.3805 -0.0000
vn 0.9810 0.1939 -0.0000
vn 1.0000 -0.0000 -0.0000
vn 0.9810 -0.1939 -0.0000
vn 0.9248 -0.3805 -0.0000
vn 0.8333 -0.5528 -0.0000
vn 0.7101 -0.7041 -0.0000
vn 0.5598 -0.8286 -0.0000
vn 0.3879 -0.9217 -0.0000
vn 0.2010 -0.9796 -0.0000
vn 0.1971 0.9796 0.0392
vn 0.3804 0.9217 0.0757
vn 0.5490 0.8286 0.1092
vn 0.6965 0.7041 0.1385
vn 0.8173 0.5528 0.1626
vn 0.9070 0.3805 0.1804
vn 0.9622 0.1939 0.1914
vn 0.9808 -0.0000 0.1951
vn 0.9622 -0.1939 0.1914
vn 0.9070 -0.3805 0.1804
vn 0.8173 -0.5528 0.1626
vn 0.6965 -0.7041 0.1385
vn 0.5490 -0.8286 0.1092
vn 0.3804 -0.9217 0.0757
vn 0.1971 -0.9796 0.0392
vn 0.1857 0.9796 0.0769
vn 0.3584 0.9217 0.1484
vn 0.5172 0.8286 0.2142
vn 0.6561 0.7041 0.2718
vn 0.7699 0.5528 0.3189
vn 0.8544 0.3805 0.3539
vn 0.9063 0.1939 0.3754
vn 0.9239 -0.0000 0.3827
vn 0.9063 -0.1939 0.3754
vn 0.8544 -0.3805 0.3539
vn 0.7699 -0.5528 0.3189
vn 0.6561 -0.7041 0.2718
vn 0.5172 -0.8286 0.2142
vn 0.3584 -0.9217 0.1484
vn 0.1857 -0.9796 0.0769
vn 0.1671 0.9796 0.1117
vn 0.3225 0.9217 0.2155
vn 0.4654 0.8286 0.3110
vn 0.5905 0.7041 0.3945
vn 0.6929 0.5528 0.4630
vn 0.7689 0.3805 0.5138
vn 0.8157 0.1939 0.5450
vn 0.8315 -0.0000 0.5556
vn 0.8157 -0.1939 0.5450
vn 0.7689 -0.3805 0.5138
vn 0.6929 -0.5528 0.4630
vn 0.5905 -0.7041 0.3945
vn 0.4654 -0.8286 0.3110
vn 0.3225 -0.9217 0.2155
vn 0.1671 -0.9796 0.1117
vn 0.1421 0.9796 0.1421
vn 0.2743 0.9217 0.2743
vn 0.3958 0.8286 0.3958
vn 0.5021 0.7041 0.5021
vn 0.5893 0.5528 0.5893
vn 0.6539 0.3805 0.6539
vn 0.6937 0.1939 0.6937
vn 0.7071 -0.0000 0.7071
vn 0.6937 -0.1939 0.6937
vn 0.6539 -0.3805 0.6539
vn 0.5893 -0.5528 0.5893
vn 0.5021 -0.7041 0.5021
vn 0.3958 -0.8286 0.3958
vn 0.2743 -0.9217 0.2743
vn 0.1421 -0.9796 0.1421
vn 0.1117 0.9796 0.1671
vn 0.2155 0.9217 0.3225
vn 0.3110 0.8286 0.4654
vn 0.3945 0.7041 0.5905
vn 0.4630 0.5528 0.6929
vn 0.5138 0.3805 0.7689
vn 0.5450 0.1939 0.8157
vn 0.5556 -0.0000 0.8315
vn 0.5450 -0.1939 0.8157
vn 0.5138 -0.3805 0.7689
vn 0.4630 -0.5528 0.6929
vn 0.3945 -0.7041 0.5905
vn 0.3110 -0.8286 0.4654
vn 0.2155 -0.9217 0.3225
vn 0.1117 -0.9796 0.1671
vn 0.0769 0.9796 0.1857
vn 0.1484 0.9217 0.3584
vn 0.2142 0.8286 0.5172
vn 0.2718 0.7041 0.6561
vn 0.3189 0.5528 0.7699
vn 0.3539 0.3805 0.8544
vn 0.3754 0.1939 0.9063
vn 0.3827 -0.0000 0.9239
vn 0.3754 -0.1939 0.9063
vn 0.3539 -0.3805 0.8544
vn 0.3189 -0.5528 0.7699
vn 0.2718 -0.7041 0.6561
vn 0.2142 -0.8286 0.5172
vn 0.1484 -0.9217 0.3584
vn 0.0769 -0.9796 0.1857
vn 0.0392 0.9796 0.1971
vn 0.0757 0.9217 0.3804
vn 0.1092 0.8286 0.5490
vn 0.1385 0.7041 0.6965
vn 0.1626 0.5528 0.8173
vn 0.1804 0.3805 0.9070
vn 0.1914 0.1939 0.9622
vn 0.1951 -0.0000 0.9808
vn 0.1914 -0.1939 0.9622
vn 0.1804 -0.3805 0.9070
vn 0.1626 -0.5528 0.8173
vn 0.1385 -0.7041 0.6965
vn 0.1092 -0.8286 0.5490
vn 0.0757 -0.9217 0.3804
vn 0.0392 -0.9796 0.1971
vn -0.0000 0.9796 0.2010
vn -0.0000 0.9217 0.3879
vn -0.0000 0.8286 0.5598
vn -0.0000 0.7041 0.7101
vn -0.0000 0.5528 0.8333
vn -0.0000 0.3805 0.9248
vn -0.0000 0.1939 0.9810
vn -0.0000 -0.0000 1.0000
vn -0.0000 -0.1939 0.9810
vn -0.0000 -0.3805 0.9248
vn -0.0000 -0.5528 0.8333
vn -0.0000 -0.7041 0.7101
vn -0.0000 -0.8286 0.5598
vn -0.0000 -0.9217 0.3879
vn -0.0000 -0.9796 0.2010
vn -0.0392 0.9796 0.1971
vn -0.0757 0.9217 0.3804
vn -0.1092 0.8286 0.5490
vn -0.1385 0.7041 0.6965
vn -0.1626 0.5528 0.8173
vn -0.1804 0.3805 0.9070
vn -0.1914 0.1939 0.9622
vn -0.1951 -0.0000 0.9808
vn -0.1914 -0.1939 0.9622
vn -0.1804 -0.3805 0.9070
vn -0.1626 -0.5528 0.8173
vn -0.1385 -0.7041 0.6965
vn -0.1092 -0.8286 0.5490
vn -0.0757 -0.9217 0.3804
vn -0.0392 -0.9796 0.1971
vn -0.0769 0.9796 0.1857
vn -0.1484 0.9217 0.3584
vn -0.2142 0.8286 0.5172
vn -0.2718 0.7041 0.6561
vn -0.3189 0.5528 0.7699
vn -0.3539 0.3805 0.8544
vn -0.3754 0.1939 0.9063
vn -0.3827 -0.0000 0.9239
vn -0.3754 -0.1939 0.9063
vn -0.3539 -0.3805 0.8544
vn -0.3189 -0.5528 0.7699
vn -0.2718 -0.7041 0.6561
vn -0.2142 -0.8286 0.5172
vn -0.1484 -0.9217 0.3584
vn -0.0769 -0.9796 0.1857
vn -0.1117 0.9796 0.1671
vn -0.2155 0.9217 0.3225
vn -0.3110 0.8286 0.4654
vn -0.3945 0.7041 0.5905
vn -0.4630 0.5528 0.6929
vn -0.5138 0.3805 0.7689
vn -0.5450 0.1939 0.8157
vn -0.5556 -0.0000 0.8315
vn -0.5450 -0.1939 0.8157
vn -0.5138 -0.3805 0.7689
vn -0.4630 -0.5528 0.6929
vn -0.3945 -0.7041 0.5905
vn -0.3110 -0.8286 0.4654
vn -0.2155 -0.9217 0.3225
vn -0.1117 -0.9796 0.1671
vn -0.1421 0.9796 0.1421
vn -0.2743 0.9217 0.2743
vn -0.3958 0.8286 0.3958
vn -0.5021 0.7041 0.5021
vn -0.5893 0.5528 0.5893
vn -0.6539 0.3805 0.6539
vn -0.6937 0.1939 0.6937
vn -0.7071 -0.0000 0.7071
vn -0.6937 -0.1939 0.6937
vn -0.6539 -0.3805 0.6539
vn -0.5893 -0.5528 0.5893
vn -0.5021 -0.7041 0.5021
vn -0.3958 -0.8286 0.3958
vn -0.2743 -0.9217 0.2743
vn -0.1421 -0.9796 0.1421
vn -0.0000 -1.0000 -0.0000
vn -0.1671 0.9796 0.1117
vn -0.3225 0.9217 0.2155
vn -0.4654 0.8286 0.3110
vn -0.5905 0.7041 0.3945
vn -0.6929 0.5528 0.4630
vn -0.7689 0.3805 0.5138
vn -0.8157 0.1939 0.5450
vn -0.8315 -0.0000 0.5556
vn -0.8157 -0.1939 0.5450
vn -0.7689 -0.3805 0.5138
vn -0.6929 -0.5528 0.4630
vn -0.5905 -0.7041 0.3945
vn -0.4654 -0.8286 0.3110
vn -0.3225 -0.9217 0.2155
vn -0.1671 -0.9796 0.1117
vn -0.1857 0.9796 0.0769
vn -0.3584 0.9217 0.1484
vn -0.5172 0.8286 0.2142
vn -0.6561 0.7041 0.2718
vn -0.7699 0.5528 0.3189
vn -0.8544 0.3805 0.3539
vn -0.9063 0.1939 0.3754
vn -0.9239 -0.0000 0.3827
vn -0.9063 -0.1939 0.3754
vn -0.8544 -0.3805 0.3539
vn -0.7699 -0.5528 0.3189
vn -0.6561 -0.7041 0.2718
vn -0.5172 -0.8286 0.2142
vn -0.3584 -0.9217 0.1484
vn -0.1857 -0.9796 0.0769
vn -0.1971 0.9796 0.0392
vn -0.3804 0.9217 0.0757
vn -0.5490 0.8286 0.1092
vn -0.6965 0.7041 0.1385
vn -0.8173 0.5528 0.1626
vn -0.9070 0.3805 0.1804
vn -0.9622 0.1939 0.1914
vn -0.9808 -0.0000 0.1951
vn -0.9622 -0.1939 0.1914
vn -0.9070 -0.3805 0.1804
vn -0.8173 -0.5528 0.1626
vn -0.6965 -0.7041 0.1385
vn -0.5490 -0.8286 0.1092
vn -0.3804 -0.9217 0.0757
vn -0.1971 -0.9796 0.0392
vn -0.2010 0.9796 -0.0000
vn -0.3879 0.9217 -0.0000
vn -0.5598 0.8286 -0.0000
vn -0.7101 0.7041 -0.0000
vn -0.8333 0.5528 -0.0000
vn -0.9248 0.3805 -0.0000
vn -0.9810 0.1939 -0.0000
vn -1.0000 -0.0000 -0.0000
vn -0.9810 -0.1939 -0.0000
vn -0.9248 -0.3805 -0.0000
vn -0.8333 -0.5528 -0.0000
vn -0.7101 -0.7041 -0.0000
vn -0.5598 -0.8286 -0.0000
vn -0.3879 -0.9217 -0.0000
vn -0.2010 -0.9796 -0.0000
vn -0.1971 0.9796 -0.0392
vn -0.3804 0.9217 -0.0757
vn -0.5490 0.8286 -0.1092
vn -0.6965 0.7041 -0.1385
vn -0.8173 0.5528 -0.1626
vn -0.9070 0.3805 -0.1804
vn -0.9622 0.1939 -0.1914
vn -0.9808 -0.0000 -0.1951
vn -0.9622 -0.1939 -0.1914
vn -0.9070 -0.3805 -0.1804
vn -0.8173 -0.5528 -0.1626
vn -0.6965 -0.7041 -0.1385
vn -0.5490 -0.8286 -0.1092
vn -0.3804 -0.9217 -0.0757
vn -0.1971 -0.9796 -0.0392
vn -0.1857 0.9796 -0.0769
vn -0.3584 0.9217 -0.1484
vn -0.5172 0.8286 -0.2142
vn -0.6561 0.7041 -0.2718
vn -0.7699 0.5528 -0.3189
vn -0.8544 0.3805 -0.3539
vn -0.9063 0.1939 -0.3754
vn -0.9239 -0.0000 -0.3827
vn -0.9063 -0.1939 -0.3754
vn -0.8544 -0.3805 -0.3539
vn -0.7699 -0.5528 -0.3189
vn -0.6561 -0.7041 -0.2718
vn -0.5172 -0.8286 -0.2142
vn -0.3584 -0.9217 -0.1484
vn -0.1857 -0.9796 -0.0769
vn -0.1671 0.9796 -0.1117
vn -0.3225 0.9217 -0.2155
vn -0.4654 0.8286 -0.3110
vn -0.5905 0.7041 -0.3945
vn -0.6929 0.5528 -0.4630
vn -0.7689 0.3805 -0.5138
vn -0.8157 0.1939 -0.5450
vn -0.8315 -0.0000 -0.5556
vn -0.8157 -0.1939 -0.5450
vn -0.7689 -0.3805 -0.5138
vn -0.6929 -0.5528 -0.4630
vn -0.5905 -0.7041 -0.3945
vn -0.4654 -0.8286 -0.3110
vn -0.3225 -0.9217 -0.2155
vn -0.1671 -0.9796 -0.1117
vn -0.1421 0.9796 -0.1421
vn -0.2743 0.9217 -0.2743
vn -0.3958 0.8286 -0.3958
vn -0.5021 0.7041 -0.5021
vn -0.5893 0.5528 -0.5893
vn -0.6539 0.3805 -0.6539
vn -0.6937 0.1939 -0.6937
vn -0.7071 -0.0000 -0.7071
vn -0.6937 -0.1939 -0.6937
vn -0.6539 -0.3805 -0.6539
vn -0.5893 -0.5528 -0.5893
vn -0.5021 -0.7041 -0.5021
vn -0.3958 -0.8286 -0.3958
vn -0.2743 -0.9217 -0.2743
vn -0.1421 -0.9796 -0.1421
vn -0.1117 0.9796 -0.1671
vn -0.2155 0.9217 -0.3225
vn -0.3110 0.8286 -0.4654
vn -0.3945 0.7041 -0.5905
vn -0.4630 0.5528 -0.6929
vn -0.5138 0.3805 -0.7689
vn -0.5450 0.1939 -0.8157
vn -0.5556 -0.0000 -0.8315
vn -0.5450 -0.1939 -0.8157
vn -0.5138 -0.3805 -0.7689
vn -0.4630 -0.5528 -0.6929
vn -0.3945 -0.7041 -0.5905
vn -0.3110 -0.8286 -0.4654
vn -0.2155 -0.9217 -0.3225
vn -0.1117 -0.9796 -0.1671
vn -0.0769 0.9796 -0.1857
vn -0.1484 0.9217 -0.3584
vn -0.2142 0.8286 -0.5172
vn -0.2718 0.7041 -0.6561
vn -0.3189 0.5528 -0.7699
vn -0.3539 0.3805 -0.8544
vn -0.3754 0.1939 -0.9063
vn -0.3827 -0.0000 -0.9239
vn -0.3754 -0.1939 -0.9063
vn -0.3539 -0.3805 -0.8544
vn -0.3189 -0.5528 -0.7699
vn -0.2718 -0.7041 -0.6561
vn -0.2142 -0.8286 -0.5172
vn -0.1484 -0.9217 -0.3584
vn -0.0769 -0.9796 -0.1857
vn -0.0392 0.9796 -0.1971
vn -0.0757 0.9217 -0.3804
vn -0.1092 0.8286 -0.5490
vn -0.1385 0.7041 -0.6965
vn -0.1626 0.5528 -0.8173
vn -0.1804 0.3805 -0.9070
vn -0.1914 0.1939 -0.9622
vn -0.1951 -0.0000 -0.9808
vn -0.1914 -0.1939 -0.9622
vn -0.1804 -0.3805 -0.9070
vn -0.1626 -0.5528 -0.8173
vn -0.1385 -0.7041 -0.6965
vn -0.1092 -0.8286 -0.5490
vn -0.0757 -0.9217 -0.3804
vn -0.0392 -0.9796 -0.1971
vn -0.0000 0.9796 -0.2010
vn -0.0000 0.9217 -0.3879
vn -0.0000 0.7041 -0.7101
vn -0.0000 0.3805 -0.9248
vn -0.0000 -0.3805 -0.9248
vn -0.0000 -0.7041 -0.7101
vn -0.0000 -0.8286 -0.5598
vn -0.0000 -0.9217 -0.3879
vn -0.0000 -0.9796 -0.2010
vt 0.750000 0.750000
vt 0.750000 0.812500
vt 0.718750 0.812500
vt 0.718750 0.750000
vt 0.750000 0.250000
vt 0.750000 0.312500
vt 0.718750 0.312500
vt 0.718750 0.250000
vt 0.750000 0.687500
vt 0.718750 0.687500
vt 0.750000 0.187500
vt 0.718750 0.187500
vt 0.750000 0.625000
vt 0.718750 0.625000
vt 0.750000 0.125000
vt 0.718750 0.125000
vt 0.750000 0.562500
vt 0.718750 0.562500
vt 0.750000 0.062500
vt 0.718750 0.062500
vt 0.750000 0.500000
vt 0.718750 0.500000
vt 0.750000 0.937500
vt 0.734375 1.000000
vt 0.718750 0.937500
vt 0.734375 0.000000
vt 0.750000 0.437500
vt 0.718750 0.437500
vt 0.750000 0.875000
vt 0.718750 0.875000
vt 0.750000 0.375000
vt 0.718750 0.375000
vt 0.687500 0.875000
vt 0.687500 0.812500
vt 0.687500 0.375000
vt 0.687500 0.312500
vt 0.687500 0.750000
vt 0.687500 0.250000
vt 0.687500 0.687500
vt 0.687500 0.187500
vt 0.687500 0.625000
vt 0.687500 0.125000
vt 0.687500 0.562500
vt 0.687500 0.062500
vt 0.687500 0.500000
vt 0.703125 1.000000
vt 0.687500 0.937500
vt 0.703125 0.000000
vt 0.687500 0.437500
vt 0.656250 0.625000
vt 0.656250 0.562500
vt 0.656250 0.125000
vt 0.656250 0.062500
vt 0.656250 0.500000
vt 0.671875 1.000000
vt 0.656250 0.937500
vt 0.671875 0.000000
vt 0.656250 0.437500
vt 0.656250 0.875000
vt 0.656250 0.375000
vt 0.656250 0.812500
vt 0.656250 0.312500
vt 0.656250 0.750000
vt 0.656250 0.250000
vt 0.656250 0.687500
vt 0.656250 0.187500
vt 0.625000 0.375000
vt 0.625000 0.312500
vt 0.625000 0.812500
vt 0.625000 0.750000
vt 0.625000 0.250000
vt 0.625000 0.687500
vt 0.625000 0.187500
vt 0.625000 0.625000
vt 0.625000 0.125000
vt 0.625000 0.562500
vt 0.625000 0.062500
vt 0.625000 0.500000
vt 0.640625 1.000000
vt 0.625000 0.937500
vt 0.640625 0.000000
vt 0.625000 0.437500
vt 0.625000 0.875000
vt 0.593750 0.125000
vt 0.593750 0.062500
vt 0.593750 0.562500
vt 0.593750 0.500000
vt 0.609375 1.000000
vt 0.593750 0.937500
vt 0.609375 0.000000
vt 0.593750 0.437500
vt 0.593750 0.875000
vt 0.593750 0.375000
vt 0.593750 0.812500
vt 0.593750 0.312500
vt 0.593750 0.750000
vt 0.593750 0.250000
vt 0.593750 0.687500
vt 0.593750 0.187500
vt 0.593750 0.625000
vt 0.562500 0.812500
vt 0.562500 0.750000
vt 0.562500 0.312500
vt 0.562500 0.250000
vt 0.562500 0.687500
vt 0.562500 0.187500
vt 0.562500 0.625000
vt 0.562500 0.125000
vt 0.562500 0.562500
vt 0.562500 0.062500
vt 0.562500 0.500000
vt 0.578125 1.000000
vt 0.562500 0.937500
vt 0.578125 0.000000
vt 0.562500 0.437500
vt 0.562500 0.875000
vt 0.562500 0.375000
vt 0.531250 0.562500
vt 0.531250 0.500000
vt 0.546875 1.000000
vt 0.531250 0.937500
vt 0.546875 0.000000
vt 0.531250 0.062500
vt 0.531250 0.437500
vt 0.531250 0.875000
vt 0.531250 0.375000
vt 0.531250 0.812500
vt 0.531250 0.312500
vt 0.531250 0.750000
vt 0.531250 0.250000
vt 0.531250 0.687500
vt 0.531250 0.187500
vt 0.531250 0.625000
vt 0.531250 0.125000
vt 0.500000 0.312500
vt 0.500000 0.250000
vt 0.500000 0.750000
vt 0.500000 0.687500
vt 0.500000 0.187500
vt 0.500000 0.625000
vt 0.500000 0.125000
vt 0.500000 0.562500
vt 0.500000 0.062500
vt 0.500000 0.500000
vt 0.515625 1.000000
vt 0.500000 0.937500
vt 0.515625 0.000000
vt 0.500000 0.437500
vt 0.500000 0.875000
vt 0.500000 0.375000
vt 0.500000 0.812500
vt 0.484375 0.000000
vt 0.468750 0.062500
vt 0.468750 0.500000
vt 0.468750 0.437500
vt 0.468750 0.937500
vt 0.468750 0.875000
vt 0.468750 0.375000
vt 0.468750 0.812500
vt 0.468750 0.312500
vt 0.468750 0.750000
vt 0.468750 0.250000
vt 0.468750 0.687500
vt 0.468750 0.187500
vt 0.468750 0.625000
vt 0.468750 0.125000
vt 0.468750 0.562500
vt 0.484375 1.000000
vt 0.437500 0.250000
vt 0.437500 0.187500
vt 0.437500 0.687500
vt 0.437500 0.625000
vt 0.437500 0.125000
vt 0.437500 0.562500
vt 0.437500 0.062500
vt 0.437500 0.500000
vt 0.453125 1.000000
vt 0.437500 0.937500
vt 0.453125 0.000000
vt 0.437500 0.437500
vt 0.437500 0.875000
vt 0.437500 0.375000
vt 0.437500 0.812500
vt 0.437500 0.312500
vt 0.437500 0.750000
vt 0.406250 0.937500
vt 0.406250 0.875000
vt 0.406250 0.437500
vt 0.406250 0.375000
vt 0.406250 0.812500
vt 0.406250 0.312500
vt 0.406250 0.750000
vt 0.406250 0.250000
vt 0.406250 0.687500
vt 0.406250 0.187500
vt 0.406250 0.625000
vt 0.406250 0.125000
vt 0.406250 0.562500
vt 0.406250 0.062500
vt 0.406250 0.500000
vt 0.421875 1.000000
vt 0.421875 0.000000
vt 0.375000 0.687500
vt 0.375000 0.625000
vt 0.375000 0.187500
vt 0.375000 0.125000
vt 0.375000 0.562500
vt 0.375000 0.062500
vt 0.375000 0.500000
vt 0.390625 1.000000
vt 0.375000 0.937500
vt 0.390625 0.000000
vt 0.375000 0.437500
vt 0.375000 0.875000
vt 0.375000 0.375000
vt 0.375000 0.812500
vt 0.375000 0.312500
vt 0.375000 0.750000
vt 0.375000 0.250000
vt 0.343750 0.437500
vt 0.343750 0.375000
vt 0.343750 0.875000
vt 0.343750 0.812500
vt 0.343750 0.312500
vt 0.343750 0.750000
vt 0.343750 0.250000
vt 0.343750 0.687500
vt 0.343750 0.187500
vt 0.343750 0.625000
vt 0.343750 0.125000
vt 0.343750 0.562500
vt 0.343750 0.062500
vt 0.343750 0.500000
vt 0.359375 1.000000
vt 0.343750 0.937500
vt 0.359375 0.000000
vt 0.312500 0.187500
vt 0.312500 0.125000
vt 0.312500 0.625000
vt 0.312500 0.562500
vt 0.312500 0.062500
vt 0.312500 0.500000
vt 0.328125 1.000000
vt 0.312500 0.937500
vt 0.328125 0.000000
vt 0.312500 0.437500
vt 0.312500 0.875000
vt 0.312500 0.375000
vt 0.312500 0.812500
vt 0.312500 0.312500
vt 0.312500 0.750000
vt 0.312500 0.250000
vt 0.312500 0.687500
vt 0.281250 0.875000
vt 0.281250 0.812500
vt 0.281250 0.375000
vt 0.281250 0.312500
vt 0.281250 0.750000
vt 0.281250 0.250000
vt 0.281250 0.687500
vt 0.281250 0.187500
vt 0.281250 0.625000
vt 0.281250 0.125000
vt 0.281250 0.562500
vt 0.281250 0.062500
vt 0.281250 0.500000
vt 0.296875 1.000000
vt 0.281250 0.937500
vt 0.296875 0.000000
vt 0.281250 0.437500
vt 0.250000 0.625000
vt 0.250000 0.562500
vt 0.250000 0.125000
vt 0.250000 0.062500
vt 0.250000 0.500000
vt 0.265625 1.000000
vt 0.250000 0.937500
vt 0.265625 0.000000
vt 0.250000 0.437500
vt 0.250000 0.875000
vt 0.250000 0.375000
vt 0.250000 0.812500
vt 0.250000 0.312500
vt 0.250000 0.750000
vt 0.250000 0.250000
vt 0.250000 0.687500
vt 0.250000 0.187500
vt 0.218750 0.375000
vt 0.218750 0.312500
vt 0.218750 0.812500
vt 0.218750 0.750000
vt 0.218750 0.250000
vt 0.218750 0.687500
vt 0.218750 0.187500
vt 0.218750 0.625000
vt 0.218750 0.125000
vt 0.218750 0.562500
vt 0.218750 0.062500
vt 0.218750 0.500000
vt 0.234375 1.000000
vt 0.218750 0.937500
vt 0.234375 0.000000
vt 0.218750 0.437500
vt 0.218750 0.875000
vt 0.187500 0.125000
vt 0.187500 0.062500
vt 0.187500 0.562500
vt 0.187500 0.500000
vt 0.203125 1.000000
vt 0.187500 0.937500
vt 0.203125 0.000000
vt 0.187500 0.437500
vt 0.187500 0.875000
vt 0.187500 0.375000
vt 0.187500 0.812500
vt 0.187500 0.312500
vt 0.187500 0.750000
vt 0.187500 0.250000
vt 0.187500 0.687500
vt 0.187500 0.187500
vt 0.187500 0.625000
vt 0.156250 0.312500
vt 0.156250 0.250000
vt 0.156250 0.750000
vt 0.156250 0.687500
vt 0.156250 0.187500
vt 0.156250 0.625000
vt 0.156250 0.125000
vt 0.156250 0.562500
vt 0.156250 0.062500
vt 0.156250 0.500000
vt 0.171875 1.000000
vt 0.156250 0.937500
vt 0.171875 0.000000
vt 0.156250 0.437500
vt 0.156250 0.875000
vt 0.156250 0.375000
vt 0.156250 0.812500
vt 0.140625 1.000000
vt 0.125000 0.937500
vt 0.140625 0.000000
vt 0.125000 0.062500
vt 0.125000 0.500000
vt 0.125000 0.437500
vt 0.125000 0.875000
vt 0.125000 0.375000
vt 0.125000 0.812500
vt 0.125000 0.312500
vt 0.125000 0.750000
vt 0.125000 0.250000
vt 0.125000 0.687500
vt 0.125000 0.187500
vt 0.125000 0.625000
vt 0.125000 0.125000
vt 0.125000 0.562500
vt 0.093750 0.750000
vt 0.093750 0.687500
vt 0.093750 0.250000
vt 0.093750 0.187500
vt 0.093750 0.625000
vt 0.093750 0.125000
vt 0.093750 0.562500
vt 0.093750 0.062500
vt 0.093750 0.500000
vt 0.109375 1.000000
vt 0.093750 0.937500
vt 0.109375 0.000000
vt 0.093750 0.437500
vt 0.093750 0.875000
vt 0.093750 0.375000
vt 0.093750 0.812500
vt 1.024113 0.562090
vt 1.049890 0.747476
vt 0.934871 0.720019
vt 0.920599 0.537380
vt 0.976327 0.393586
vt 0.888296 0.372571
vt 0.062500 0.500000
vt 0.062500 0.437500
vt 0.062500 0.937500
vt 0.062500 0.875000
vt 0.062500 0.375000
vt 0.062500 0.812500
vt 0.803646 0.688695
vt 0.802500 0.509189
vt 0.062500 0.750000
vt 0.787861 0.348597
vt 0.062500 0.687500
vt 0.062500 0.250000
vt 0.062500 0.187500
vt 0.062500 0.625000
vt 0.062500 0.125000
vt 0.062500 0.562500
vt 0.062500 0.062500
vt 0.078125 1.000000
vt 0.078125 0.000000
vt 0.031250 0.250000
vt 0.031250 0.187500
vt 0.031250 0.687500
vt 0.031250 0.625000
vt 0.031250 0.125000
vt 0.031250 0.562500
vt 0.031250 0.062500
vt 0.031250 0.500000
vt 0.046875 1.000000
vt 0.031250 0.937500
vt 0.046875 0.000000
vt 0.031250 0.437500
vt 0.031250 0.875000
vt 0.031250 0.375000
vt 0.031250 0.812500
vt 0.661260 0.654706
vt 0.674355 0.478599
vt 0.031250 0.750000
vt 0.678883 0.322582
vt 0.000000 0.937500
vt 0.000000 0.875000
vt 0.000000 0.437500
vt 0.000000 0.375000
vt 0.000000 0.812500
vt 0.513183 0.619358
vt 0.541089 0.446788
vt 0.000000 0.750000
vt 0.565549 0.295529
vt 0.000000 0.687500
vt 0.000000 0.250000
vt 0.000000 0.187500
vt 0.000000 0.625000
vt 0.000000 0.125000
vt 0.000000 0.562500
vt 0.000000 0.062500
vt 0.000000 0.500000
vt 0.015625 1.000000
vt 0.015625 0.000000
vt 1.000000 0.625000
vt 1.000000 0.687500
vt 0.968750 0.687500
vt 0.968750 0.625000
vt 1.000000 0.125000
vt 1.000000 0.187500
vt 0.968750 0.187500
vt 0.968750 0.125000
vt 1.000000 0.562500
vt 0.968750 0.562500
vt 1.000000 0.062500
vt 0.968750 0.062500
vt 1.000000 0.500000
vt 0.968750 0.500000
vt 1.000000 0.937500
vt 0.984375 1.000000
vt 0.968750 0.937500
vt 0.984375 0.000000
vt 1.000000 0.437500
vt 0.968750 0.437500
vt 1.000000 0.875000
vt 0.968750 0.875000
vt 1.000000 0.375000
vt 0.968750 0.375000
vt 1.000000 0.812500
vt 0.968750 0.812500
vt 0.365106 0.584011
vt 0.407823 0.414976
vt 1.000000 0.750000
vt 0.968750 0.750000
vt 0.452216 0.268475
vt 1.000000 0.250000
vt 0.968750 0.250000
vt 0.937500 0.437500
vt 0.937500 0.375000
vt 0.937500 0.875000
vt 0.937500 0.812500
vt 0.222719 0.550021
vt 0.279679 0.384386
vt 0.937500 0.750000
vt 0.343238 0.242460
vt 0.937500 0.687500
vt 0.937500 0.250000
vt 0.937500 0.187500
vt 0.937500 0.625000
vt 0.937500 0.125000
vt 0.937500 0.562500
vt 0.937500 0.062500
vt 0.937500 0.500000
vt 0.953125 1.000000
vt 0.937500 0.937500
vt 0.953125 0.000000
vt 0.906250 0.187500
vt 0.906250 0.125000
vt 0.906250 0.625000
vt 0.906250 0.562500
vt 0.906250 0.062500
vt 0.906250 0.500000
vt 0.921875 1.000000
vt 0.906250 0.937500
vt 0.921875 0.000000
vt 0.906250 0.437500
vt 0.906250 0.875000
vt 0.906250 0.375000
vt 0.906250 0.812500
vt 0.091494 0.518697
vt 0.161580 0.356195
vt 0.906250 0.750000
vt 0.242803 0.218486
vt 0.906250 0.687500
vt 0.906250 0.250000
vt -0.023524 0.491241
vt 0.058066 0.331485
vt 0.875000 0.812500
vt 0.875000 0.750000
vt 0.154772 0.197472
vt 0.875000 0.687500
vt 0.875000 0.250000
vt 0.875000 0.187500
vt 0.875000 0.625000
vt 0.875000 0.125000
vt 0.875000 0.562500
vt 0.875000 0.062500
vt 0.875000 0.500000
vt 0.890625 1.000000
vt 0.875000 0.937500
vt 0.890625 0.000000
vt 0.875000 0.437500
vt 0.875000 0.875000
vt 0.875000 0.375000
vt 0.843750 0.125000
vt 0.843750 0.062500
vt 0.843750 0.562500
vt 0.843750 0.500000
vt 0.859375 1.000000
vt 0.843750 0.937500
vt 0.859375 0.000000
vt 0.843750 0.437500
vt 0.843750 0.875000
vt 0.843750 0.375000
vt 0.843750 0.812500
vt 0.875000 0.312500
vt 0.843750 0.312500
vt 0.843750 0.750000
vt 0.843750 0.250000
vt 0.843750 0.687500
vt 0.843750 0.187500
vt 0.843750 0.625000
vt 0.812500 0.812500
vt 0.812500 0.750000
vt 0.812500 0.312500
vt 0.812500 0.250000
vt 0.812500 0.687500
vt 0.812500 0.187500
vt 0.812500 0.625000
vt 0.812500 0.125000
vt 0.812500 0.562500
vt 0.812500 0.062500
vt 0.812500 0.500000
vt 0.828125 1.000000
vt 0.812500 0.937500
vt 0.828125 0.000000
vt 0.812500 0.437500
vt 0.812500 0.875000
vt 0.812500 0.375000
vt 0.781250 0.562500
vt 0.781250 0.500000
vt 0.796875 1.000000
vt 0.781250 0.937500
vt 0.796875 0.000000
vt 0.781250 0.062500
vt 0.781250 0.437500
vt 0.781250 0.875000
vt 0.781250 0.375000
vt 0.781250 0.812500
vt 0.781250 0.312500
vt 0.781250 0.750000
vt 0.781250 0.250000
vt 0.781250 0.687500
vt 0.781250 0.187500
vt 0.781250 0.625000
vt 0.781250 0.125000
vt 0.765625 1.000000
vt 0.765625 0.000000
s 1
usemtl piel
f 2734/2437/2615 2259/2438/2140 2267/2439/2148 2268/2440/2149
f 2737/2441/2618 2264/2442/2145 2275/2443/2156 2276/2444/2157
f 2260/2445/2141 2734/2437/2615 2268/2440/2149 2269/2446/2150
f 2738/2447/2619 2737/2441/2618 2276/2444/2157 2277/2448/2158
f 2735/2449/2616 2260/2445/2141 2269/2446/2150 2270/2450/2151
f 2739/2451/2620 2738/2447/2619 2277/2448/2158 2278/2452/2159
f 2261/2453/2142 2735/2449/2616 2270/2450/2151 2271/2454/2152
f 2740/2455/2621 2739/2451/2620 2278/2452/2159 2279/2456/2160
f 2262/2457/2143 2261/2453/2142 2271/2454/2152 2272/2458/2153
f 2732/2459/2613 2340/2460/2221 2265/2461/2146
f 2566/2462/2447 2740/2455/2621 2279/2456/2160
f 2263/2463/2144 2262/2457/2143 2272/2458/2153 2273/2464/2154
f 2733/2465/2614 2732/2459/2613 2265/2461/2146 2266/2466/2147
f 2736/2467/2617 2263/2463/2144 2273/2464/2154 2274/2468/2155
f 2259/2438/2140 2733/2465/2614 2266/2466/2147 2267/2439/2148
f 2264/2442/2145 2736/2467/2617 2274/2468/2155 2275/2443/2156
f 2267/2439/2148 2266/2466/2147 2281/2469/2162 2282/2470/2163
f 2275/2443/2156 2274/2468/2155 2289/2471/2170 2290/2472/2171
f 2268/2440/2149 2267/2439/2148 2282/2470/2163 2283/2473/2164
f 2276/2444/2157 2275/2443/2156 2290/2472/2171 2291/2474/2172
f 2269/2446/2150 2268/2440/2149 2283/2473/2164 2284/2475/2165
f 2277/2448/2158 2276/2444/2157 2291/2474/2172 2292/2476/2173
f 2270/2450/2151 2269/2446/2150 2284/2475/2165 2285/2477/2166
f 2278/2452/2159 2277/2448/2158 2292/2476/2173 2293/2478/2174
f 2271/2454/2152 2270/2450/2151 2285/2477/2166 2286/2479/2167
f 2279/2456/2160 2278/2452/2159 2293/2478/2174 2294/2480/2175
f 2272/2458/2153 2271/2454/2152 2286/2479/2167 2287/2481/2168
f 2265/2461/2146 2340/2482/2221 2280/2483/2161
f 2566/2484/2447 2279/2456/2160 2294/2480/2175
f 2273/2464/2154 2272/2458/2153 2287/2481/2168 2288/2485/2169
f 2266/2466/2147 2265/2461/2146 2280/2483/2161 2281/2469/2162
f 2274/2468/2155 2273/2464/2154 2288/2485/2169 2289/2471/2170
f 2286/2479/2167 2285/2477/2166 2300/2486/2181 2301/2487/2182
f 2294/2480/2175 2293/2478/2174 2308/2488/2189 2309/2489/2190
f 2287/2481/2168 2286/2479/2167 2301/2487/2182 2302/2490/2183
f 2280/2483/2161 2340/2491/2221 2295/2492/2176
f 2566/2493/2447 2294/2480/2175 2309/2489/2190
f 2288/2485/2169 2287/2481/2168 2302/2490/2183 2303/2494/2184
f 2281/2469/2162 2280/2483/2161 2295/2492/2176 2296/2495/2177
f 2289/2471/2170 2288/2485/2169 2303/2494/2184 2304/2496/2185
f 2282/2470/2163 2281/2469/2162 2296/2495/2177 2297/2497/2178
f 2290/2472/2171 2289/2471/2170 2304/2496/2185 2305/2498/2186
f 2283/2473/2164 2282/2470/2163 2297/2497/2178 2298/2499/2179
f 2291/2474/2172 2290/2472/2171 2305/2498/2186 2306/2500/2187
f 2284/2475/2165 2283/2473/2164 2298/2499/2179 2299/2501/2180
f 2292/2476/2173 2291/2474/2172 2306/2500/2187 2307/2502/2188
f 2285/2477/2166 2284/2475/2165 2299/2501/2180 2300/2486/2181
f 2293/2478/2174 2292/2476/2173 2307/2502/2188 2308/2488/2189
f 2305/2498/2186 2304/2496/2185 2319/2503/2200 2320/2504/2201
f 2298/2499/2179 2297/2497/2178 2312/2505/2193 2313/2506/2194
f 2306/2500/2187 2305/2498/2186 2320/2504/2201 2321/2507/2202
f 2299/2501/2180 2298/2499/2179 2313/2506/2194 2314/2508/2195
f 2307/2502/2188 2306/2500/2187 2321/2507/2202 2322/2509/2203
f 2300/2486/2181 2299/2501/2180 2314/2508/2195 2315/2510/2196
f 2308/2488/2189 2307/2502/2188 2322/2509/2203 2323/2511/2204
f 2301/2487/2182 2300/2486/2181 2315/2510/2196 2316/2512/2197
f 2309/2489/2190 2308/2488/2189 2323/2511/2204 2324/2513/2205
f 2302/2490/2183 2301/2487/2182 2316/2512/2197 2317/2514/2198
f 2295/2492/2176 2340/2515/2221 2310/2516/2191
f 2566/2517/2447 2309/2489/2190 2324/2513/2205
f 2303/2494/2184 2302/2490/2183 2317/2514/2198 2318/2518/2199
f 2296/2495/2177 2295/2492/2176 2310/2516/2191 2311/2519/2192
f 2304/2496/2185 2303/2494/2184 2318/2518/2199 2319/2503/2200
f 2297/2497/2178 2296/2495/2177 2311/2519/2192 2312/2505/2193
f 2324/2513/2205 2323/2511/2204 2338/2520/2219 2339/2521/2220
f 2317/2514/2198 2316/2512/2197 2331/2522/2212 2332/2523/2213
f 2310/2516/2191 2340/2524/2221 2325/2525/2206
f 2566/2526/2447 2324/2513/2205 2339/2521/2220
f 2318/2518/2199 2317/2514/2198 2332/2523/2213 2333/2527/2214
f 2311/2519/2192 2310/2516/2191 2325/2525/2206 2326/2528/2207
f 2319/2503/2200 2318/2518/2199 2333/2527/2214 2334/2529/2215
f 2312/2505/2193 2311/2519/2192 2326/2528/2207 2327/2530/2208
f 2320/2504/2201 2319/2503/2200 2334/2529/2215 2335/2531/2216
f 2313/2506/2194 2312/2505/2193 2327/2530/2208 2328/2532/2209
f 2321/2507/2202 2320/2504/2201 2335/2531/2216 2336/2533/2217
f 2314/2508/2195 2313/2506/2194 2328/2532/2209 2329/2534/2210
f 2322/2509/2203 2321/2507/2202 2336/2533/2217 2337/2535/2218
f 2315/2510/2196 2314/2508/2195 2329/2534/2210 2330/2536/2211
f 2323/2511/2204 2322/2509/2203 2337/2535/2218 2338/2520/2219
f 2316/2512/2197 2315/2510/2196 2330/2536/2211 2331/2522/2212
f 2328/2532/2209 2327/2530/2208 2343/2537/2224 2344/2538/2225
f 2336/2533/2217 2335/2531/2216 2351/2539/2232 2352/2540/2233
f 2329/2534/2210 2328/2532/2209 2344/2538/2225 2345/2541/2226
f 2337/2535/2218 2336/2533/2217 2352/2540/2233 2353/2542/2234
f 2330/2536/2211 2329/2534/2210 2345/2541/2226 2346/2543/2227
f 2338/2520/2219 2337/2535/2218 2353/2542/2234 2354/2544/2235
f 2331/2522/2212 2330/2536/2211 2346/2543/2227 2347/2545/2228
f 2339/2521/2220 2338/2520/2219 2354/2544/2235 2355/2546/2236
f 2332/2523/2213 2331/2522/2212 2347/2545/2228 2348/2547/2229
f 2325/2525/2206 2340/2548/2221 2341/2549/2222
f 2566/2550/2447 2339/2521/2220 2355/2546/2236
f 2333/2527/2214 2332/2523/2213 2348/2547/2229 2349/2551/2230
f 2326/2528/2207 2325/2525/2206 2341/2549/2222 2342/2552/2223
f 2334/2529/2215 2333/2527/2214 2349/2551/2230 2350/2553/2231
f 2327/2530/2208 2326/2528/2207 2342/2552/2223 2343/2537/2224
f 2335/2531/2216 2334/2529/2215 2350/2553/2231 2351/2539/2232
f 2348/2547/2229 2347/2545/2228 2362/2554/2243 2363/2555/2244
f 2341/2549/2222 2340/2556/2221 2356/2557/2237
f 2566/2558/2447 2355/2546/2236 2370/2559/2251
f 2349/2551/2230 2348/2547/2229 2363/2555/2244 2364/2560/2245
f 2342/2552/2223 2341/2549/2222 2356/2557/2237 2357/2561/2238
f 2350/2553/2231 2349/2551/2230 2364/2560/2245 2365/2562/2246
f 2343/2537/2224 2342/2552/2223 2357/2561/2238 2358/2563/2239
f 2351/2539/2232 2350/2553/2231 2365/2562/2246 2366/2564/2247
f 2344/2538/2225 2343/2537/2224 2358/2563/2239 2359/2565/2240
f 2352/2540/2233 2351/2539/2232 2366/2564/2247 2367/2566/2248
f 2345/2541/2226 2344/2538/2225 2359/2565/2240 2360/2567/2241
f 2353/2542/2234 2352/2540/2233 2367/2566/2248 2368/2568/2249
f 2346/2543/2227 2345/2541/2226 2360/2567/2241 2361/2569/2242
f 2354/2544/2235 2353/2542/2234 2368/2568/2249 2369/2570/2250
f 2347/2545/2228 2346/2543/2227 2361/2569/2242 2362/2554/2243
f 2355/2546/2236 2354/2544/2235 2369/2570/2250 2370/2559/2251
f 2367/2566/2248 2366/2564/2247 2381/2571/2262 2382/2572/2263
f 2360/2567/2241 2359/2565/2240 2374/2573/2255 2375/2574/2256
f 2368/2568/2249 2367/2566/2248 2382/2572/2263 2383/2575/2264
f 2361/2569/2242 2360/2567/2241 2375/2574/2256 2376/2576/2257
f 2369/2570/2250 2368/2568/2249 2383/2575/2264 2384/2577/2265
f 2362/2554/2243 2361/2569/2242 2376/2576/2257 2377/2578/2258
f 2370/2559/2251 2369/2570/2250 2384/2577/2265 2385/2579/2266
f 2363/2555/2244 2362/2554/2243 2377/2578/2258 2378/2580/2259
f 2356/2557/2237 2340/2581/2221 2371/2582/2252
f 2566/2583/2447 2370/2559/2251 2385/2579/2266
f 2364/2560/2245 2363/2555/2244 2378/2580/2259 2379/2584/2260
f 2357/2561/2238 2356/2557/2237 2371/2582/2252 2372/2585/2253
f 2365/2562/2246 2364/2560/2245 2379/2584/2260 2380/2586/2261
f 2358/2563/2239 2357/2561/2238 2372/2585/2253 2373/2587/2254
f 2366/2564/2247 2365/2562/2246 2380/2586/2261 2381/2571/2262
f 2359/2565/2240 2358/2563/2239 2373/2587/2254 2374/2573/2255
f 2566/2588/2447 2385/2579/2266 2400/2589/2281
f 2379/2584/2260 2378/2580/2259 2393/2590/2274 2394/2591/2275
f 2372/2585/2253 2371/2582/2252 2386/2592/2267 2387/2593/2268
f 2380/2586/2261 2379/2584/2260 2394/2591/2275 2395/2594/2276
f 2373/2587/2254 2372/2585/2253 2387/2593/2268 2388/2595/2269
f 2381/2571/2262 2380/2586/2261 2395/2594/2276 2396/2596/2277
f 2374/2573/2255 2373/2587/2254 2388/2595/2269 2389/2597/2270
f 2382/2572/2263 2381/2571/2262 2396/2596/2277 2397/2598/2278
f 2375/2574/2256 2374/2573/2255 2389/2597/2270 2390/2599/2271
f 2383/2575/2264 2382/2572/2263 2397/2598/2278 2398/2600/2279
f 2376/2576/2257 2375/2574/2256 2390/2599/2271 2391/2601/2272
f 2384/2577/2265 2383/2575/2264 2398/2600/2279 2399/2602/2280
f 2377/2578/2258 2376/2576/2257 2391/2601/2272 2392/2603/2273
f 2385/2579/2266 2384/2577/2265 2399/2602/2280 2400/2589/2281
f 2378/2580/2259 2377/2578/2258 2392/2603/2273 2393/2590/2274
f 2371/2582/2252 2340/2604/2221 2386/2592/2267
f 2398/2600/2279 2397/2598/2278 2412/2605/2293 2413/2606/2294
f 2391/2601/2272 2390/2599/2271 2405/2607/2286 2406/2608/2287
f 2399/2602/2280 2398/2600/2279 2413/2606/2294 2414/2609/2295
f 2392/2603/2273 2391/2601/2272 2406/2608/2287 2407/2610/2288
f 2400/2589/2281 2399/2602/2280 2414/2609/2295 2415/2611/2296
f 2393/2590/2274 2392/2603/2273 2407/2610/2288 2408/2612/2289
f 2386/2592/2267 2340/2613/2221 2401/2614/2282
f 2566/2615/2447 2400/2589/2281 2415/2611/2296
f 2394/2591/2275 2393/2590/2274 2408/2612/2289 2409/2616/2290
f 2387/2593/2268 2386/2592/2267 2401/2614/2282 2402/2617/2283
f 2395/2594/2276 2394/2591/2275 2409/2616/2290 2410/2618/2291
f 2388/2595/2269 2387/2593/2268 2402/2617/2283 2403/2619/2284
f 2396/2596/2277 2395/2594/2276 2410/2618/2291 2411/2620/2292
f 2389/2597/2270 2388/2595/2269 2403/2619/2284 2404/2621/2285
f 2397/2598/2278 2396/2596/2277 2411/2620/2292 2412/2605/2293
f 2390/2599/2271 2389/2597/2270 2404/2621/2285 2405/2607/2286
f 2402/2617/2283 2401/2614/2282 2416/2622/2297 2417/2623/2298
f 2410/2618/2291 2409/2616/2290 2424/2624/2305 2425/2625/2306
f 2403/2619/2284 2402/2617/2283 2417/2623/2298 2418/2626/2299
f 2411/2620/2292 2410/2618/2291 2425/2625/2306 2426/2627/2307
f 2404/2621/2285 2403/2619/2284 2418/2626/2299 2419/2628/2300
f 2412/2605/2293 2411/2620/2292 2426/2627/2307 2427/2629/2308
f 2405/2607/2286 2404/2621/2285 2419/2628/2300 2420/2630/2301
f 2413/2606/2294 2412/2605/2293 2427/2629/2308 2428/2631/2309
f 2406/2608/2287 2405/2607/2286 2420/2630/2301 2421/2632/2302
f 2414/2609/2295 2413/2606/2294 2428/2631/2309 2429/2633/2310
f 2407/2610/2288 2406/2608/2287 2421/2632/2302 2422/2634/2303
f 2415/2611/2296 2414/2609/2295 2429/2633/2310 2430/2635/2311
f 2408/2612/2289 2407/2610/2288 2422/2634/2303 2423/2636/2304
f 2401/2614/2282 2340/2637/2221 2416/2622/2297
f 2566/2638/2447 2415/2611/2296 2430/2635/2311
f 2409/2616/2290 2408/2612/2289 2423/2636/2304 2424/2624/2305
f 2421/2632/2302 2420/2630/2301 2435/2639/2316 2436/2640/2317
f 2429/2633/2310 2428/2631/2309 2443/2641/2324 2444/2642/2325
f 2422/2634/2303 2421/2632/2302 2436/2640/2317 2437/2643/2318
f 2430/2635/2311 2429/2633/2310 2444/2642/2325 2445/2644/2326
f 2423/2636/2304 2422/2634/2303 2437/2643/2318 2438/2645/2319
f 2416/2622/2297 2340/2646/2221 2431/2647/2312
f 2566/2648/2447 2430/2635/2311 2445/2644/2326
f 2424/2624/2305 2423/2636/2304 2438/2645/2319 2439/2649/2320
f 2417/2623/2298 2416/2622/2297 2431/2647/2312 2432/2650/2313
f 2425/2625/2306 2424/2624/2305 2439/2649/2320 2440/2651/2321
f 2418/2626/2299 2417/2623/2298 2432/2650/2313 2433/2652/2314
f 2426/2627/2307 2425/2625/2306 2440/2651/2321 2441/2653/2322
f 2419/2628/2300 2418/2626/2299 2433/2652/2314 2434/2654/2315
f 2427/2629/2308 2426/2627/2307 2441/2653/2322 2442/2655/2323
f 2420/2630/2301 2419/2628/2300 2434/2654/2315 2435/2639/2316
f 2428/2631/2309 2427/2629/2308 2442/2655/2323 2443/2641/2324
f 2440/2651/2321 2439/2649/2320 2454/2656/2335 2455/2657/2336
f 2433/2652/2314 2432/2650/2313 2447/2658/2328 2448/2659/2329
f 2441/2653/2322 2440/2651/2321 2455/2657/2336 2456/2660/2337
f 2434/2654/2315 2433/2652/2314 2448/2659/2329 2449/2661/2330
f 2442/2655/2323 2441/2653/2322 2456/2660/2337 2457/2662/2338
f 2435/2639/2316 2434/2654/2315 2449/2661/2330 2450/2663/2331
f 2443/2641/2324 2442/2655/2323 2457/2662/2338 2458/2664/2339
f 2436/2640/2317 2435/2639/2316 2450/2663/2331 2451/2665/2332
f 2444/2642/2325 2443/2641/2324 2458/2664/2339 2459/2666/2340
f 2437/2643/2318 2436/2640/2317 2451/2665/2332 2452/2667/2333
f 2445/2644/2326 2444/2642/2325 2459/2666/2340 2460/2668/2341
f 2438/2645/2319 2437/2643/2318 2452/2667/2333 2453/2669/2334
f 2431/2647/2312 2340/2670/2221 2446/2671/2327
f 2566/2672/2447 2445/2644/2326 2460/2668/2341
f 2439/2649/2320 2438/2645/2319 2453/2669/2334 2454/2656/2335
f 2432/2650/2313 2431/2647/2312 2446/2671/2327 2447/2658/2328
f 2459/2666/2340 2458/2664/2339 2473/2673/2354 2474/2674/2355
f 2452/2667/2333 2451/2665/2332 2466/2675/2347 2467/2676/2348
f 2460/2668/2341 2459/2666/2340 2474/2674/2355 2475/2677/2356
f 2453/2669/2334 2452/2667/2333 2467/2676/2348 2468/2678/2349
f 2446/2671/2327 2340/2679/2221 2461/2680/2342
f 2566/2681/2447 2460/2668/2341 2475/2677/2356
f 2454/2656/2335 2453/2669/2334 2468/2678/2349 2469/2682/2350
f 2447/2658/2328 2446/2671/2327 2461/2680/2342 2462/2683/2343
f 2455/2657/2336 2454/2656/2335 2469/2682/2350 2470/2684/2351
f 2448/2659/2329 2447/2658/2328 2462/2683/2343 2463/2685/2344
f 2456/2660/2337 2455/2657/2336 2470/2684/2351 2471/2686/2352
f 2449/2661/2330 2448/2659/2329 2463/2685/2344 2464/2687/2345
f 2457/2662/2338 2456/2660/2337 2471/2686/2352 2472/2688/2353
f 2450/2663/2331 2449/2661/2330 2464/2687/2345 2465/2689/2346
f 2458/2664/2339 2457/2662/2338 2472/2688/2353 2473/2673/2354
f 2451/2665/2332 2450/2663/2331 2465/2689/2346 2466/2675/2347
f 2463/2685/2344 2462/2683/2343 2477/2690/2358 2478/2691/2359
f 2471/2686/2352 2470/2684/2351 2485/2692/2366 2486/2693/2367
f 2464/2687/2345 2463/2685/2344 2478/2691/2359 2479/2694/2360
f 2472/2688/2353 2471/2686/2352 2486/2693/2367 2487/2695/2368
f 2465/2689/2346 2464/2687/2345 2479/2694/2360 2480/2696/2361
f 2473/2673/2354 2472/2688/2353 2487/2695/2368 2488/2697/2369
f 2466/2675/2347 2465/2689/2346 2480/2696/2361 2481/2698/2362
f 2474/2674/2355 2473/2673/2354 2488/2697/2369 2489/2699/2370
f 2467/2676/2348 2466/2675/2347 2481/2698/2362 2482/2700/2363
f 2475/2677/2356 2474/2674/2355 2489/2699/2370 2490/2701/2371
f 2468/2678/2349 2467/2676/2348 2482/2700/2363 2483/2702/2364
f 2461/2680/2342 2340/2703/2221 2476/2704/2357
f 2566/2705/2447 2475/2677/2356 2490/2701/2371
f 2469/2682/2350 2468/2678/2349 2483/2702/2364 2484/2706/2365
f 2462/2683/2343 2461/2680/2342 2476/2704/2357 2477/2690/2358
f 2470/2684/2351 2469/2682/2350 2484/2706/2365 2485/2692/2366
f 2482/2700/2363 2481/2698/2362 2496/2707/2377 2497/2708/2378
f 2490/2701/2371 2489/2699/2370 2504/2709/2385 2505/2710/2386
f 2483/2702/2364 2482/2700/2363 2497/2708/2378 2498/2711/2379
f 2476/2704/2357 2340/2712/2221 2491/2713/2372
f 2566/2714/2447 2490/2701/2371 2505/2710/2386
f 2484/2706/2365 2483/2702/2364 2498/2711/2379 2499/2715/2380
f 2477/2690/2358 2476/2704/2357 2491/2713/2372 2492/2716/2373
f 2485/2692/2366 2484/2706/2365 2499/2715/2380 2500/2717/2381
f 2478/2691/2359 2477/2690/2358 2492/2716/2373 2493/2718/2374
f 2486/2693/2367 2485/2692/2366 2500/2717/2381 2501/2719/2382
f 2479/2694/2360 2478/2691/2359 2493/2718/2374 2494/2720/2375
f 2487/2695/2368 2486/2693/2367 2501/2719/2382 2502/2721/2383
f 2480/2696/2361 2479/2694/2360 2494/2720/2375 2495/2722/2376
f 2488/2697/2369 2487/2695/2368 2502/2721/2383 2503/2723/2384
f 2481/2698/2362 2480/2696/2361 2495/2722/2376 2496/2707/2377
f 2489/2699/2370 2488/2697/2369 2503/2723/2384 2504/2709/2385
f 2501/2719/2382 2500/2717/2381 2515/2724/2396 2516/2725/2397
f 2494/2720/2375 2493/2718/2374 2508/2726/2389 2509/2727/2390
f 2502/2721/2383 2501/2719/2382 2516/2725/2397 2517/2728/2398
f 2495/2722/2376 2494/2720/2375 2509/2727/2390 2510/2729/2391
f 2503/2723/2384 2502/2721/2383 2517/2728/2398 2518/2730/2399
f 2496/2707/2377 2495/2722/2376 2510/2729/2391 2511/2731/2392
f 2504/2709/2385 2503/2723/2384 2518/2730/2399 2519/2732/2400
f 2497/2708/2378 2496/2707/2377 2511/2731/2392 2512/2733/2393
f 2505/2710/2386 2504/2709/2385 2519/2732/2400 2520/2734/2401
f 2498/2711/2379 2497/2708/2378 2512/2733/2393 2513/2735/2394
f 2491/2713/2372 2340/2736/2221 2506/2737/2387
f 2499/2715/2380 2498/2711/2379 2513/2735/2394 2514/2739/2395
f 2500/2717/2381 2499/2715/2380 2514/2739/2395 2515/2724/2396
f 2493/2718/2374 2492/2716/2373 2507/2740/2388 2508/2726/2389
f 2520/2734/2401 2519/2732/2400 2534/2741/2415 2535/2742/2416
f 2513/2735/2394 2512/2733/2393 2527/2743/2408 2528/2744/2409
f 2566/2747/2447 2520/2734/2401 2535/2742/2416
f 2514/2739/2395 2513/2735/2394 2528/2744/2409 2529/2748/2410
f 2507/2740/2388 2506/2737/2387 2521/2746/2402 2522/2749/2403
f 2515/2724/2396 2514/2739/2395 2529/2748/2410 2530/2750/2411
f 2508/2726/2389 2507/2740/2388 2522/2749/2403 2523/2751/2404
f 2516/2725/2397 2515/2724/2396 2530/2750/2411 2531/2752/2412
f 2509/2727/2390 2508/2726/2389 2523/2751/2404 2524/2753/2405
f 2517/2728/2398 2516/2725/2397 2531/2752/2412 2532/2754/2413
f 2510/2729/2391 2509/2727/2390 2524/2753/2405 2525/2755/2406
f 2518/2730/2399 2517/2728/2398 2532/2754/2413 2533/2756/2414
f 2511/2731/2392 2510/2729/2391 2525/2755/2406 2526/2757/2407
f 2519/2732/2400 2518/2730/2399 2533/2756/2414 2534/2741/2415
f 2512/2733/2393 2511/2731/2392 2526/2757/2407 2527/2743/2408
f 2532/2754/2413 2531/2752/2412 2546/2758/2427 2547/2759/2428
f 2525/2755/2406 2524/2753/2405 2539/2760/2420 2540/2761/2421
f 2533/2756/2414 2532/2754/2413 2547/2759/2428 2548/2762/2429
f 2526/2757/2407 2525/2755/2406 2540/2761/2421 2541/2763/2422
f 2534/2741/2415 2533/2756/2414 2548/2762/2429 2549/2764/2430
f 2527/2743/2408 2526/2757/2407 2541/2763/2422 2542/2765/2423
f 2535/2742/2416 2534/2741/2415 2549/2764/2430 2550/2766/2431
f 2528/2744/2409 2527/2743/2408 2542/2765/2423 2543/2767/2424
f 2566/2770/2447 2535/2742/2416 2550/2766/2431
f 2529/2748/2410 2528/2744/2409 2543/2767/2424 2544/2771/2425
f 2522/2749/2403 2521/2746/2402 2536/2769/2417 2537/2772/2418
f 2530/2750/2411 2529/2748/2410 2544/2771/2425 2545/2773/2426
f 2523/2751/2404 2522/2749/2403 2537/2772/2418 2538/2774/2419
f 2531/2752/2412 2530/2750/2411 2545/2773/2426 2546/2758/2427
f 2524/2753/2405 2523/2751/2404 2538/2774/2419 2539/2760/2420
f 2566/2777/2447 2550/2766/2431 2565/2778/2446
f 2544/2771/2425 2543/2767/2424 2558/2779/2439 2559/2780/2440
f 2537/2772/2418 2536/2769/2417 2551/2776/2432 2552/2781/2433
f 2545/2773/2426 2544/2771/2425 2559/2780/2440 2560/2782/2441
f 2538/2774/2419 2537/2772/2418 2552/2781/2433 2553/2783/2434
f 2546/2758/2427 2545/2773/2426 2560/2782/2441 2561/2784/2442
f 2539/2760/2420 2538/2774/2419 2553/2783/2434 2554/2785/2435
f 2547/2759/2428 2546/2758/2427 2561/2784/2442 2562/2786/2443
f 2540/2761/2421 2539/2760/2420 2554/2785/2435 2555/2787/2436
f 2548/2762/2429 2547/2759/2428 2562/2786/2443 2563/2788/2444
f 2541/2763/2422 2540/2761/2421 2555/2787/2436 2556/2789/2437
f 2549/2764/2430 2548/2762/2429 2563/2788/2444 2564/2790/2445
f 2542/2765/2423 2541/2763/2422 2556/2789/2437 2557/2791/2438
f 2550/2766/2431 2549/2764/2430 2564/2790/2445 2565/2778/2446
f 2543/2767/2424 2542/2765/2423 2557/2791/2438 2558/2779/2439
f 2555/2787/2436 2554/2785/2435 2570/2792/2451 2571/2793/2452
f 2563/2788/2444 2562/2786/2443 2578/2794/2459 2579/2795/2460
f 2556/2789/2437 2555/2787/2436 2571/2793/2452 2572/2796/2453
f 2564/2790/2445 2563/2788/2444 2579/2795/2460 2580/2797/2461
f 2557/2791/2438 2556/2789/2437 2572/2796/2453 2573/2798/2454
f 2565/2778/2446 2564/2790/2445 2580/2797/2461 2581/2799/2462
f 2558/2779/2439 2557/2791/2438 2573/2798/2454 2574/2800/2455
f 2566/2803/2447 2565/2778/2446 2581/2799/2462
f 2559/2780/2440 2558/2779/2439 2574/2800/2455 2575/2804/2456
f 2552/2781/2433 2551/2776/2432 2567/2802/2448 2568/2805/2449
f 2560/2782/2441 2559/2780/2440 2575/2804/2456 2576/2806/2457
f 2553/2783/2434 2552/2781/2433 2568/2805/2449 2569/2807/2450
f 2554/2785/2435 2553/2783/2434 2569/2807/2450 2570/2792/2451
f 2575/2804/2456 2574/2800/2455 2589/2814/2470 2590/2815/2471
f 2568/2805/2449 2567/2802/2448 2582/2816/2463 2583/2817/2464
f 2576/2806/2457 2575/2804/2456 2590/2815/2471 2591/2818/2472
f 2569/2807/2450 2568/2805/2449 2583/2817/2464 2584/2819/2465
f 2570/2792/2451 2569/2807/2450 2584/2819/2465 2585/2822/2466
f 2571/2793/2452 2570/2792/2451 2585/2822/2466 2586/2824/2467
f 2579/2795/2460 2578/2794/2459 2593/2825/2474 2594/2826/2475
f 2572/2796/2453 2571/2793/2452 2586/2824/2467 2587/2827/2468
f 2580/2797/2461 2579/2795/2460 2594/2826/2475 2595/2828/2476
f 2573/2798/2454 2572/2796/2453 2587/2827/2468 2588/2829/2469
f 2581/2799/2462 2580/2797/2461 2595/2828/2476 2596/2830/2477
f 2574/2800/2455 2573/2798/2454 2588/2829/2469 2589/2814/2470
f 2566/2832/2447 2581/2799/2462 2596/2830/2477
f 2594/2826/2475 2593/2825/2474 2608/2833/2489 2609/2834/2490
f 2587/2827/2468 2586/2824/2467 2601/2835/2482 2602/2836/2483
f 2595/2828/2476 2594/2826/2475 2609/2834/2490 2610/2837/2491
f 2588/2829/2469 2587/2827/2468 2602/2836/2483 2603/2838/2484
f 2596/2830/2477 2595/2828/2476 2610/2837/2491 2611/2839/2492
f 2589/2814/2470 2588/2829/2469 2603/2838/2484 2604/2840/2485
f 2566/2843/2447 2596/2830/2477 2611/2839/2492
f 2590/2815/2471 2589/2814/2470 2604/2840/2485 2605/2844/2486
f 2583/2817/2464 2582/2816/2463 2597/2842/2478 2598/2845/2479
f 2591/2818/2472 2590/2815/2471 2605/2844/2486 2606/2846/2487
f 2584/2819/2465 2583/2817/2464 2598/2845/2479 2599/2847/2480
f 2585/2822/2466 2584/2819/2465 2599/2847/2480 2600/2850/2481
f 2586/2824/2467 2585/2822/2466 2600/2850/2481 2601/2835/2482
f 2598/2845/2479 2597/2842/2478 2612/2852/2493 2613/2853/2494
f 2606/2846/2487 2605/2844/2486 2620/2854/2501 2621/2855/2502
f 2599/2847/2480 2598/2845/2479 2613/2853/2494 2614/2856/2495
f 2600/2850/2481 2599/2847/2480 2614/2856/2495 2615/2859/2496
f 2601/2835/2482 2600/2850/2481 2615/2859/2496 2616/2861/2497
f 2609/2834/2490 2608/2833/2489 2623/2862/2504 2624/2863/2505
f 2602/2836/2483 2601/2835/2482 2616/2861/2497 2617/2864/2498
f 2610/2837/2491 2609/2834/2490 2624/2863/2505 2625/2865/2506
f 2603/2838/2484 2602/2836/2483 2617/2864/2498 2618/2866/2499
f 2611/2839/2492 2610/2837/2491 2625/2865/2506 2626/2867/2507
f 2604/2840/2485 2603/2838/2484 2618/2866/2499 2619/2868/2500
f 2566/2870/2447 2611/2839/2492 2626/2867/2507
f 2605/2844/2486 2604/2840/2485 2619/2868/2500 2620/2854/2501
f 2617/2871/2498 2616/2872/2497 2631/2873/2512 2632/2874/2513
f 2625/2875/2506 2624/2876/2505 2639/2877/2520 2640/2878/2521
f 2618/2879/2499 2617/2871/2498 2632/2874/2513 2633/2880/2514
f 2626/2881/2507 2625/2875/2506 2640/2878/2521 2641/2882/2522
f 2619/2883/2500 2618/2879/2499 2633/2880/2514 2634/2884/2515
f 2620/2889/2501 2619/2883/2500 2634/2884/2515 2635/2890/2516
f 2613/2891/2494 2612/2885/2493 2627/2887/2508 2628/2892/2509
f 2621/2893/2502 2620/2889/2501 2635/2890/2516 2636/2894/2517
f 2614/2895/2495 2613/2891/2494 2628/2892/2509 2629/2896/2510
f 2615/2899/2496 2614/2895/2495 2629/2896/2510 2630/2900/2511
f 2616/2872/2497 2615/2899/2496 2630/2900/2511 2631/2873/2512
f 2624/2876/2505 2623/2902/2504 2638/2903/2519 2639/2877/2520
f 2636/2894/2517 2635/2890/2516 2650/2904/2531 2651/2905/2532
f 2629/2896/2510 2628/2892/2509 2643/2906/2524 2644/2907/2525
f 2630/2900/2511 2629/2896/2510 2644/2907/2525 2645/2910/2526
f 2631/2873/2512 2630/2900/2511 2645/2910/2526 2646/2912/2527
f 2639/2877/2520 2638/2903/2519 2653/2913/2534 2654/2914/2535
f 2632/2874/2513 2631/2873/2512 2646/2912/2527 2647/2915/2528
f 2640/2878/2521 2639/2877/2520 2654/2914/2535 2655/2916/2536
f 2633/2880/2514 2632/2874/2513 2647/2915/2528 2648/2917/2529
f 2641/2882/2522 2640/2878/2521 2655/2916/2536 2656/2918/2537
f 2634/2884/2515 2633/2880/2514 2648/2917/2529 2649/2919/2530
f 2635/2890/2516 2634/2884/2515 2649/2919/2530 2650/2904/2531
f 2655/2916/2536 2654/2914/2535 2669/2923/2550 2670/2924/2551
f 2648/2917/2529 2647/2915/2528 2662/2925/2543 2663/2926/2544
f 2656/2918/2537 2655/2916/2536 2670/2924/2551 2671/2927/2552
f 2649/2919/2530 2648/2917/2529 2663/2926/2544 2664/2928/2545
f 2650/2904/2531 2649/2919/2530 2664/2928/2545 2665/2932/2546
f 2651/2905/2532 2650/2904/2531 2665/2932/2546 2666/2934/2547
f 2644/2907/2525 2643/2906/2524 2658/2933/2539 2659/2935/2540
f 2645/2910/2526 2644/2907/2525 2659/2935/2540 2660/2938/2541
f 2646/2912/2527 2645/2910/2526 2660/2938/2541 2661/2940/2542
f 2654/2914/2535 2653/2913/2534 2668/2941/2549 2669/2923/2550
f 2647/2915/2528 2646/2912/2527 2661/2940/2542 2662/2925/2543
f 2661/2940/2542 2660/2938/2541 2675/2945/2556 2676/2947/2557
f 2669/2923/2550 2668/2941/2549 2683/2948/2564 2684/2949/2565
f 2662/2925/2543 2661/2940/2542 2676/2947/2557 2677/2950/2558
f 2670/2924/2551 2669/2923/2550 2684/2949/2565 2685/2951/2566
f 2663/2926/2544 2662/2925/2543 2677/2950/2558 2678/2952/2559
f 2664/2928/2545 2663/2926/2544 2678/2952/2559 2679/2954/2560
f 2665/2932/2546 2664/2928/2545 2679/2954/2560 2680/2958/2561
f 2666/2934/2547 2665/2932/2546 2680/2958/2561 2681/2960/2562
f 2679/2954/2560 2678/2952/2559 2693/2963/2574 2694/2964/2575
f 2680/2958/2561 2679/2954/2560 2694/2964/2575 2695/2968/2576
f 2681/2960/2562 2680/2958/2561 2695/2968/2576 2696/2970/2577
f 2682/2972/2563 2681/2960/2562 2696/2970/2577 2697/2973/2578
f 2675/2945/2556 2674/2944/2555 2689/2971/2570 2690/2974/2571
f 2683/2948/2564 2682/2972/2563 2697/2973/2578 2698/2975/2579
f 2676/2947/2557 2675/2945/2556 2690/2974/2571 2691/2976/2572
f 2684/2949/2565 2683/2948/2564 2698/2975/2579 2699/2977/2580
f 2677/2950/2558 2676/2947/2557 2691/2976/2572 2692/2978/2573
f 2685/2951/2566 2684/2949/2565 2699/2977/2580 2700/2961/2581
f 2678/2952/2559 2677/2950/2558 2692/2978/2573 2693/2963/2574
f 2690/2974/2571 2689/2971/2570 2704/2979/2585 2705/2980/2586
f 2698/2975/2579 2697/2973/2578 2712/2981/2593 2713/2982/2594
f 2691/2976/2572 2690/2974/2571 2705/2980/2586 2706/2983/2587
f 2699/2977/2580 2698/2975/2579 2713/2982/2594 2714/2984/2595
f 2692/2978/2573 2691/2976/2572 2706/2983/2587 2707/2985/2588
f 2700/2961/2581 2699/2977/2580 2714/2984/2595 2715/2986/2596
f 2693/2963/2574 2692/2978/2573 2707/2985/2588 2708/2987/2589
f 2701/2962/2582 2700/2961/2581 2715/2986/2596 2716/2988/2597
f 2694/2964/2575 2693/2963/2574 2708/2987/2589 2709/2989/2590
f 2695/2968/2576 2694/2964/2575 2709/2989/2590 2710/2993/2591
f 2696/2970/2577 2695/2968/2576 2710/2993/2591 2711/2995/2592
f 2689/2971/2570 2688/2969/2569 2703/2994/2584 2704/2979/2585
f 2697/2973/2578 2696/2970/2577 2711/2995/2592 2712/2981/2593
f 2709/2989/2590 2708/2987/2589 2723/2996/2604 2724/2997/2605
f 2710/2993/2591 2709/2989/2590 2724/2997/2605 2725/3002/2606
f 2703/2994/2584 2702/2991/2583 2717/2999/2598 2718/3003/2599
f 2711/2995/2592 2710/2993/2591 2725/3002/2606 2726/3004/2607
f 2704/2979/2585 2703/2994/2584 2718/3003/2599 2719/3005/2600
f 2712/2981/2593 2711/2995/2592 2726/3004/2607 2727/3006/2608
f 2705/2980/2586 2704/2979/2585 2719/3005/2600 2720/3007/2601
f 2713/2982/2594 2712/2981/2593 2727/3006/2608 2728/3008/2609
f 2706/2983/2587 2705/2980/2586 2720/3007/2601 2721/3009/2602
f 2714/2984/2595 2713/2982/2594 2728/3008/2609 2729/3010/2610
f 2707/2985/2588 2706/2983/2587 2721/3009/2602 2722/3011/2603
f 2715/2986/2596 2714/2984/2595 2729/3010/2610 2730/3012/2611
f 2708/2987/2589 2707/2985/2588 2722/3011/2603 2723/2996/2604
f 2716/2988/2597 2715/2986/2596 2730/3012/2611 2731/3001/2612
f 2728/3008/2609 2727/3006/2608 2264/2442/2145 2737/2441/2618
f 2721/3009/2602 2720/3007/2601 2734/2437/2615 2260/2445/2141
f 2729/3010/2610 2728/3008/2609 2737/2441/2618 2738/2447/2619
f 2722/3011/2603 2721/3009/2602 2260/2445/2141 2735/2449/2616
f 2730/3012/2611 2729/3010/2610 2738/2447/2619 2739/2451/2620
f 2723/2996/2604 2722/3011/2603 2735/2449/2616 2261/2453/2142
f 2731/3001/2612 2730/3012/2611 2739/2451/2620 2740/2455/2621
f 2724/2997/2605 2723/2996/2604 2261/2453/2142 2262/2457/2143
f 2717/2999/2598 2340/3013/2221 2732/2459/2613
f 2725/3002/2606 2724/2997/2605 2262/2457/2143 2263/2463/2144
f 2718/3003/2599 2717/2999/2598 2732/2459/2613 2733/2465/2614
f 2726/3004/2607 2725/3002/2606 2263/2463/2144 2736/2467/2617
f 2719/3005/2600 2718/3003/2599 2733/2465/2614 2259/2438/2140
f 2727/3006/2608 2726/3004/2607 2736/2467/2617 2264/2442/2145
f 2720/3007/2601 2719/3005/2600 2259/2438/2140 2734/2437/2615
usemtl sonrisa
f 2566/2738/2447 2505/2710/2386 2520/2734/2401
f 2492/2716/2373 2491/2713/2372 2506/2737/2387 2507/2740/2388
f 2506/2737/2387 2340/2745/2221 2521/2746/2402
f 2521/2746/2402 2340/2768/2221 2536/2769/2417
f 2536/2769/2417 2340/2775/2221 2551/2776/2432
f 2551/2776/2432 2340/2801/2221 2567/2802/2448
f 2561/2808/2442 2560/2809/2441 2576/2810/2457 2577/2811/2458
f 2562/2812/2443 2561/2808/2442 2577/2811/2458 2578/2813/2459
f 2577/2811/2458 2576/2810/2457 2591/2820/2472 2592/2821/2473
f 2578/2813/2459 2577/2811/2458 2592/2821/2473 2593/2823/2474
f 2567/2802/2448 2340/2831/2221 2582/2816/2463
f 2582/2816/2463 2340/2841/2221 2597/2842/2478
f 2592/2821/2473 2591/2820/2472 2606/2848/2487 2607/2849/2488
f 2593/2823/2474 2592/2821/2473 2607/2849/2488 2608/2851/2489
f 2607/2849/2488 2606/2848/2487 2621/2857/2502 2622/2858/2503
f 2608/2851/2489 2607/2849/2488 2622/2858/2503 2623/2860/2504
f 2597/2842/2478 2340/2869/2221 2612/2852/2493
f 2612/2885/2493 2340/2886/2221 2627/2887/2508
f 2566/2888/2447 2626/2881/2507 2641/2882/2522
f 2622/2858/2503 2621/2857/2502 2636/2897/2517 2637/2898/2518
f 2623/2860/2504 2622/2858/2503 2637/2898/2518 2638/2901/2519
f 2637/2898/2518 2636/2897/2517 2651/2908/2532 2652/2909/2533
f 2638/2901/2519 2637/2898/2518 2652/2909/2533 2653/2911/2534
f 2627/2887/2508 2340/2920/2221 2642/2921/2523
f 2566/2922/2447 2641/2882/2522 2656/2918/2537
f 2628/2892/2509 2627/2887/2508 2642/2921/2523 2643/2906/2524
f 2642/2921/2523 2340/2929/2221 2657/2930/2538
f 2566/2931/2447 2656/2918/2537 2671/2927/2552
f 2643/2906/2524 2642/2921/2523 2657/2930/2538 2658/2933/2539
f 2652/2909/2533 2651/2908/2532 2666/2936/2547 2667/2937/2548
f 2653/2911/2534 2652/2909/2533 2667/2937/2548 2668/2939/2549
f 2667/2937/2548 2666/2936/2547 2681/2942/2562 2682/2943/2563
f 2660/2938/2541 2659/2935/2540 2674/2944/2555 2675/2945/2556
f 2668/2939/2549 2667/2937/2548 2682/2943/2563 2683/2946/2564
f 2671/2927/2552 2670/2924/2551 2685/2951/2566 2686/2953/2567
f 2657/2930/2538 2340/2955/2221 2672/2956/2553
f 2566/2957/2447 2671/2927/2552 2686/2953/2567
f 2658/2933/2539 2657/2930/2538 2672/2956/2553 2673/2959/2554
f 2659/2935/2540 2658/2933/2539 2673/2959/2554 2674/2944/2555
f 2686/2953/2567 2685/2951/2566 2700/2961/2581 2701/2962/2582
f 2672/2956/2553 2340/2965/2221 2687/2966/2568
f 2566/2967/2447 2686/2953/2567 2701/2962/2582
f 2673/2959/2554 2672/2956/2553 2687/2966/2568 2688/2969/2569
f 2674/2944/2555 2673/2959/2554 2688/2969/2569 2689/2971/2570
f 2687/2966/2568 2340/2990/2221 2702/2991/2583
f 2566/2992/2447 2701/2962/2582 2716/2988/2597
f 2688/2969/2569 2687/2966/2568 2702/2991/2583 2703/2994/2584
f 2702/2991/2583 2340/2998/2221 2717/2999/2598
f 2566/3000/2447 2716/2988/2597 2731/3001/2612
f 2566/3014/2447 2731/3001/2612 2740/2455/2621
o 5
v -0.952963 1.640608 0.031317
v -0.927655 1.640223 0.017068
v -0.927655 1.640223 0.017068
v -0.723512 1.626549 0.738462
v -0.763992 2.569502 -0.448087
v -0.483961 2.356895 -0.389111
v -0.097378 1.960102 0.236242
v 0.008326 3.018854 0.191399
v 0.248862 1.718523 1.028893
v 0.303009 1.799244 1.040300
v 0.256565 1.724625 1.026115
v 0.256565 1.724625 1.026115
v 0.321010 1.497425 0.506129
v 0.160174 1.496754 -0.553423
v 0.518435 1.550095 -0.944207
v 0.590223 1.890516 -0.993862
v 0.830709 1.807026 -0.918296
v 0.837409 1.805895 -0.908629
v 0.897548 1.608677 -0.720325
v 0.898035 1.099068 -0.459499
v 1.195216 1.934261 0.280272
v 1.200895 1.935448 0.260707
v 1.195750 1.904518 0.223822
v 0.138194 1.780846 0.981042
v 0.138194 1.780846 0.981042
v 1.141197 2.167210 0.388132
v -0.313057 1.800112 -0.907077
v 1.144946 1.747421 -0.326397
v 1.164911 1.684847 0.209412
v 0.010375 2.937302 0.386885
v -0.050924 2.449741 0.542816
v -0.050924 2.449741 0.542816
v 0.849782 2.556103 -0.741286
v 0.145221 2.987642 -0.344834
v -0.086932 1.938194 -0.255400
v 0.937464 2.387365 0.605284
v -0.916428 2.191753 -0.387784
v -0.610187 1.956968 0.786850
v 0.325766 1.627079 -1.011382
v 1.008902 2.256426 0.697342
v -0.436697 2.581383 -0.368006
v 0.247913 3.036606 0.074647
v 0.523415 1.073326 0.104935
v 0.617280 2.654255 -0.887618
v 0.640786 2.410084 0.939793
v -0.535414 2.498730 -0.777703
v 0.660509 1.136833 0.563412
v 0.660509 1.136833 0.563412
v -0.173176 2.393486 -1.003562
v 0.310732 1.159630 -0.425212
v -0.726151 1.988493 0.600851
v 1.044943 2.397497 -0.129341
v -0.894672 1.924479 0.495280
v 0.908343 0.955181 0.123541
v -0.255919 2.336662 -0.869605
v -0.454884 2.493540 0.753798
v 0.854736 2.862177 -0.039927
v -0.199923 2.236214 -0.825095
v -0.199923 2.236214 -0.825095
v -0.023759 1.883955 0.975013
v 0.308679 2.852394 -0.550893
v 1.125751 1.535465 -0.276258
v -0.221472 2.480614 0.866518
v 0.530990 2.063749 -1.018782
v 0.581198 2.225418 1.008736
v 0.728732 2.907976 0.247893
v 0.568828 2.808758 -0.637471
v 0.029004 1.869215 -0.410218
v -0.976579 1.916819 -0.194406
v -0.976579 1.916819 -0.194406
v 0.567321 2.974165 -0.199736
v 0.159039 1.365902 0.474795
v -0.508076 2.832039 -0.342293
v -0.114869 2.135664 -1.066170
v -0.494737 2.412304 -0.249941
v -0.700103 2.735731 0.076731
v 0.089710 2.047634 1.051472
v 0.225304 3.035740 -0.226629
v 1.105570 1.358440 0.112835
v -0.183687 1.952955 0.115504
v -0.172655 1.443455 0.999095
v -0.172655 1.443455 0.999095
v -0.879620 2.379660 0.355110
v 0.383109 2.186554 -1.100500
v -0.295100 2.439793 -0.591332
v -0.050910 2.242599 0.810386
v -0.504818 1.909157 0.908254
v -0.504818 1.909157 0.908254
v 0.935787 2.642132 -0.480949
v 0.867834 2.477470 0.775994
v -0.607044 2.287060 0.838483
v -0.196422 2.507521 -0.561928
v -0.196422 2.507521 -0.561928
v 0.958814 1.776999 -0.706702
v 0.897865 1.288567 0.520360
v 0.147225 1.874018 0.399884
v -0.546024 2.311789 -0.762839
v 0.819995 2.293531 0.827702
v 0.403369 2.313766 1.012127
v 0.848994 0.904291 -0.119939
v 0.848994 0.904291 -0.119939
v -0.710342 1.611601 0.704236
v -0.710342 1.611601 0.704236
v 0.120887 1.797871 -1.022817
v -0.681559 2.103735 -0.547366
v -0.029022 1.385004 -0.465272
v 1.047069 2.324604 0.673109
v 1.139846 2.516115 -0.017032
v -0.914612 1.781647 -0.137105
v -0.914612 1.781647 -0.137105
v 0.415833 1.180754 0.354435
v -0.242589 1.728405 1.015356
v -0.242589 1.728405 1.015356
v -0.242589 1.728405 1.015356
v -0.282848 2.483953 0.391049
v -0.282848 2.483953 0.391049
v 0.559892 2.897667 -0.459055
v 0.659820 1.734177 0.890675
v -0.257067 2.126167 -0.816993
v -0.257067 2.126167 -0.816993
v -0.918002 2.226936 0.427825
v 1.211157 2.015562 0.319111
v -0.221488 2.148867 0.820867
v 0.762042 2.808550 0.256581
v -0.428171 2.725103 0.620593
v -0.887424 1.990458 0.278820
v 0.653164 2.604355 -0.785636
v -0.606568 2.662838 -0.536164
v -0.901354 1.923016 0.023715
v 0.299018 1.730637 0.908478
v 0.299018 1.730637 0.908478
v 0.299018 1.730637 0.908478
v -0.266717 1.515087 -0.881572
v 0.495294 2.608849 0.913855
v 1.002041 2.392429 -0.611803
v -0.593290 2.236343 -0.512951
v -0.715771 2.322483 0.501650
v 0.562597 2.994709 0.160957
v -1.026434 2.116299 -0.047992
v 0.191015 1.621658 0.762460
v 0.191015 1.621658 0.762460
v 0.497378 2.804735 -0.765017
v 0.395249 2.607904 -0.973336
v 0.079735 1.503513 -0.518564
v -0.554605 2.393606 0.452042
v 1.037905 1.138647 -0.017087
v -0.596813 2.536394 0.210651
v -1.034160 1.981842 0.122400
v 1.094105 2.468657 0.219790
v 0.631994 2.781839 0.686332
v -0.313659 2.418249 0.569838
v -0.788571 2.331991 -0.611630
v -0.077458 1.646774 -0.853721
v -0.077458 1.646774 -0.853721
v -0.277072 2.977430 -0.079075
v 0.369985 2.939226 0.247565
v -0.265610 2.920923 0.171567
v 0.871726 2.702747 -0.295123
v -0.373177 2.486889 -0.272108
v -0.373177 2.486889 -0.272108
v -1.027135 2.005835 -0.144324
v -0.780516 1.937172 0.753839
v -0.006291 1.921663 -0.329576
v 1.186780 2.112648 0.080567
v -0.625712 2.725037 0.185152
v 0.358796 3.033365 -0.108098
v -1.003770 1.835604 -0.026736
v -1.003770 1.835604 -0.026736
v 0.133865 1.753025 0.481786
v 0.613146 1.956968 0.908789
v 0.206100 2.761528 -0.813519
v -0.604098 2.217770 0.705394
v 1.204751 2.326275 0.082134
v 0.577191 2.864792 0.478822
v 0.129974 2.793535 -0.659892
v -0.524513 1.831350 0.773661
v 0.866179 2.672863 0.379532
v -0.108732 2.432791 0.923264
v 0.418506 1.365980 0.462316
v 0.270176 2.776037 0.691160
v 0.284468 2.418283 0.990674
v 0.288948 2.986355 -0.176425
v 0.957643 2.292038 -0.798271
v -0.787762 2.224243 0.069038
v -0.591815 2.624445 0.600660
v 1.212276 1.828272 -0.010426
v -0.473303 2.880499 0.020123
v 0.080649 1.931557 -1.055920
v -0.417994 2.501816 0.250565
v -0.417994 2.501816 0.250565
v 0.327680 2.344322 1.048349
v 1.051300 2.514467 -0.373760
v -0.531426 2.595013 0.142811
v 0.061244 2.255007 -1.090609
v -0.253335 2.708265 0.692354
v 0.287968 2.924562 -0.472804
v -0.658970 1.955090 0.875122
v 1.031466 1.243284 0.264886
v 0.221301 2.922880 0.415064
v -0.014816 1.364584 -0.486323
v -0.463240 2.562334 -0.152244
v -0.463240 2.562334 -0.152244
v -0.765534 2.676258 -0.073728
v 0.465583 2.986101 -0.027928
v 0.993766 2.159605 -0.645994
v 1.179014 2.337440 0.258215
v -0.922739 2.271517 0.206058
v 0.642743 2.122936 1.003421
v -0.258303 2.771355 0.498331
v 0.955942 2.552727 -0.454848
v -0.392698 2.461050 -0.809468
v -0.212284 3.011404 0.054999
v -0.699711 1.774315 0.799366
v 1.097627 2.488726 0.425951
v -0.062165 2.482515 0.959304
v -0.065083 2.619677 -0.932516
v 0.696472 1.199142 -0.693096
v -0.848447 1.987757 0.339427
v 0.110315 1.404976 0.470914
v -0.741521 2.197479 -0.472476
v 0.800648 2.651693 0.653102
v 0.773363 2.786411 -0.519475
v -0.276054 2.513708 -0.477654
v -0.112814 2.473955 0.566003
v 0.902636 2.775400 -0.246841
v 0.756826 1.452194 0.757580
v -0.030904 1.858486 0.841789
v -0.030904 1.858486 0.841789
v -0.692388 2.455191 0.728258
v -0.763881 2.071146 0.651842
v -0.841189 1.714062 0.567665
v -0.841189 1.714062 0.567665
v 1.152085 1.897209 0.428712
v 0.547285 2.326704 -1.000183
v 0.520212 1.087339 -0.657284
v 0.520212 1.087339 -0.657284
v -0.243181 1.687990 0.942515
v 0.415406 2.745493 -0.839357
v 0.850892 1.042398 0.353972
v -0.011323 2.668610 0.781917
v 1.182399 1.968487 -0.201442
v 0.129405 3.025936 -0.073957
v -0.182470 2.331991 -0.792444
v -0.182470 2.331991 -0.792444
v 0.110460 2.818033 0.668751
v 0.135577 1.500843 0.919621
v 1.108814 2.078190 -0.584727
v -0.363287 2.081621 1.002626
v 0.408995 3.009348 0.008818
v 0.259351 1.388876 -0.553923
v -0.024742 2.207701 1.034374
v -0.284287 1.399469 0.972358
v -0.784700 2.049854 -0.580317
v 0.071314 2.296091 0.792808
v 0.071314 2.296091 0.792808
v 1.140427 2.300709 -0.297867
v 0.194481 1.658997 0.951003
v 0.783295 1.033283 -0.507558
v -0.390014 2.732281 -0.583640
v 0.262128 2.251986 -1.099015
v -0.340078 1.835989 -0.888524
v 0.720024 1.631933 -0.863295
v 0.720024 1.631933 -0.863295
v 0.589083 2.551914 -0.983086
v -0.722786 2.212360 0.795345
v -0.122198 1.888758 -1.061071
v 1.100249 2.255106 -0.230509
v -0.538671 2.382561 0.585438
v 0.745486 2.254732 -0.952368
v 0.397702 2.933411 -0.364444
v -0.147279 1.698071 -0.949127
v -0.875898 2.429726 -0.010053
v -0.541460 2.101086 0.692245
v 0.857194 2.073366 -0.945967
v -0.515608 2.889137 -0.269794
v 0.592272 2.862694 -0.336695
v 0.862860 1.891525 0.795372
v 0.016801 1.831141 -0.473821
v 0.024116 1.364607 -0.468247
v -0.289620 2.121387 0.829130
v -0.062709 1.892847 1.020377
v -0.062709 1.892847 1.020377
v 1.020163 1.908091 0.653084
v -0.223093 2.910328 0.287190
v -0.959447 1.728956 -0.111352
v -0.223740 2.403873 0.674622
v 0.447603 1.728998 0.934309
v 0.447603 1.728998 0.934309
v 1.065778 2.144875 0.709909
v -0.865111 1.821138 0.332677
v 0.765266 2.326385 -0.962687
v 0.635631 2.112606 0.929904
v -0.660848 2.247192 0.596156
v 0.187796 2.472569 0.986851
v 0.208196 2.524361 -1.018741
v 0.321015 1.477684 -0.978795
v 1.104754 2.252293 0.615228
v 0.336006 2.670378 0.886271
v 1.000260 2.101107 -0.790338
v -0.745262 2.639458 -0.332412
v -0.733813 2.540560 0.447860
v -0.726409 2.305742 -0.694308
v -0.501271 2.827280 0.241607
v 0.041515 1.515779 0.834111
v 0.041515 1.515779 0.834111
v -0.891761 2.156328 -0.531927
v 0.923309 2.675137 0.385614
v 0.187279 2.172958 -1.065809
v 0.452440 2.853327 0.645228
v -1.038239 1.877964 0.035123
v 0.050186 2.340466 0.651047
v 0.050186 2.340466 0.651047
v -0.525136 2.582712 0.665424
v 0.812173 1.900705 -0.885000
v 0.812173 1.900705 -0.885000
v -0.346035 2.446917 -0.759068
v -0.764440 1.736736 0.709712
v 0.939093 1.938469 -0.847816
v 0.876930 2.618752 0.593590
v -0.935459 2.313381 -0.272600
v 0.028887 1.496689 0.899725
v -0.581600 1.434643 0.854051
v -0.220588 2.538296 -0.774925
v -0.209371 1.526693 -0.790006
v -0.209371 1.526693 -0.790006
v -0.209371 1.526693 -0.790006
v 0.883577 1.834602 -0.793787
v -0.821312 1.586937 0.480764
v -0.821312 1.586937 0.480764
v 0.220747 1.657293 -0.990388
v 0.220747 1.657293 -0.990388
v 0.492460 2.464479 0.957694
v -0.669687 1.767426 0.741467
v 1.181584 2.448322 0.219740
v 0.045084 1.920061 0.314806
v -0.303116 1.892822 -0.821120
v -0.303116 1.892822 -0.821120
v 1.015249 2.369953 -0.506925
v 0.872268 2.796284 0.166396
v 0.282023 1.199812 -0.436830
v -0.454637 2.809067 0.393263
v 0.705317 2.885885 -0.171108
v -0.835638 2.294279 -0.494313
v 0.633605 2.524469 -0.874541
v -0.820766 2.349346 0.539294
v -0.122808 1.712975 1.030185
v -0.122808 1.712975 1.030185
v -0.570193 1.597818 0.808820
v -0.570193 1.597818 0.808820
v -0.846120 2.129961 -0.606820
v 1.087964 1.945726 -0.537916
v -0.347705 2.949810 -0.349390
v -0.654615 2.457676 0.356367
v 0.805837 2.026445 0.837474
v 0.833468 2.816210 0.015590
v 1.117035 2.004616 -0.548614
v -0.384281 2.512215 0.824968
v -0.033133 2.969692 -0.478707
v 0.932556 0.968250 -0.158160
v -0.131883 2.181311 1.011635
v 1.054725 2.525152 -0.171618
v 0.466179 1.079350 -0.210742
v -0.472434 2.534042 0.146346
v -0.472434 2.534042 0.146346
v -0.545444 2.267010 0.808136
v -0.086237 2.048296 1.069689
v -0.251877 1.773567 -0.967108
v 1.123038 2.334101 -0.460179
v -0.030671 2.922165 0.292007
v -0.710422 2.224407 -0.112334
v 0.757986 2.818167 -0.341907
v 0.145994 3.002600 0.072119
v 1.024453 1.323696 -0.387665
v 0.162353 2.901558 -0.586673
v -0.844953 2.109966 0.110577
v -1.022499 2.244688 0.034469
v 0.156939 1.843122 0.468475
v -0.205017 1.955057 0.000020
v 0.782923 0.982252 0.318664
v 0.782923 0.982252 0.318664
v -0.924269 1.723757 0.283752
v -0.924269 1.723757 0.283752
v 0.239366 1.514812 0.518695
v -0.724935 2.093283 -0.452301
v -0.966595 2.352842 -0.249842
v -0.273063 2.876652 -0.455723
v 1.107638 2.363537 0.358275
v 0.698134 2.669376 0.685985
v 0.263451 2.463017 -1.013212
v -0.292176 2.146864 -0.943607
v -0.955641 1.713434 -0.036302
v 0.010614 2.841116 -0.642205
v -0.137289 1.512911 -0.900040
v -0.174899 2.429110 -0.660622
v -0.174899 2.429110 -0.660622
v -0.245424 2.398600 -0.938374
v 0.847022 2.816441 -0.161577
v -0.599108 1.897449 0.881210
v -0.599108 1.897449 0.881210
v 0.965663 1.644510 0.618304
v -0.018320 1.945152 0.305382
v 0.449681 2.983816 0.130168
v -0.586094 1.611668 0.878114
v -0.468789 2.090502 0.969648
v 0.561122 1.500864 0.871153
v -0.961927 2.385870 -0.124252
v 0.653548 0.987846 -0.526109
v 0.653548 0.987846 -0.526109
v -0.644299 2.437309 0.722775
v -0.917467 2.085136 0.392015
v 1.136525 2.128378 0.490863
v -0.827894 2.089590 -0.406345
v -0.917726 1.797245 0.374779
v -0.917726 1.797245 0.374779
v 0.603196 2.462851 0.981564
v 1.020996 2.068342 -0.621487
v 0.002387 1.741684 -0.990840
v -0.059210 2.326672 -1.031759
v 0.470960 2.950842 -0.268731
v -0.394710 2.366964 -0.718458
v 0.004807 2.462183 0.986935
v -0.815144 1.959267 -0.403307
v 0.012821 2.749680 -0.650843
v 0.068430 3.059668 -0.106077
v 0.810174 2.405907 -0.871057
v 0.097462 2.838270 0.569267
v 0.526503 1.637068 0.916835
v 0.526503 1.637068 0.916835
v -0.898770 1.849209 0.424308
v 0.523400 2.693295 -0.905606
v 1.040818 2.637119 0.256421
v -0.133742 2.602001 -0.859547
v -0.429784 2.086655 0.735762
v 0.122346 2.841776 -0.606456
v 0.662034 1.283293 0.736820
v -0.180332 1.386829 0.936414
v 0.254027 2.988499 0.305835
v -0.477237 2.784523 0.294590
v -0.812382 2.052649 -0.188150
v -0.448274 2.300512 0.915174
v 0.128059 2.566786 -1.002110
v -0.669957 2.571360 0.485661
v -0.754693 2.602442 -0.215706
v 1.173152 1.920380 0.304451
v 0.367122 1.290546 -0.850418
v 0.367122 1.290546 -0.850418
v 0.367122 1.290546 -0.850418
v 0.522159 2.220760 1.069904
v -0.131955 1.466341 0.960646
v 0.113003 1.920191 0.359864
v 0.619441 2.191839 1.033305
v 1.124414 1.752750 0.424209
v -0.835176 1.869995 0.473352
v 1.225937 2.071903 0.179559
v 0.612520 2.649023 0.796044
v -0.063832 2.087271 0.913881
v -0.063832 2.087271 0.913881
v 0.004297 2.988707 -0.401735
v 0.543652 1.100430 0.325915
v 0.948831 2.224419 0.774899
v -0.064876 1.913652 0.978837
v 1.160896 1.605797 -0.069910
v -0.072203 2.959282 0.064596
v -0.608426 2.729456 -0.366775
v -0.809342 1.963949 0.680715
v 0.092106 1.906111 -1.024354
v 0.131902 2.988850 -0.461545
v 0.740952 2.655331 -0.770667
v -0.249548 1.408823 0.936707
v -0.281998 1.530586 -0.829308
v -0.341198 2.812012 -0.516630
v 1.071323 2.323009 0.403410
v 1.111969 2.069168 -0.418522
v -0.390905 1.521420 0.925117
v 0.860611 0.963118 -0.338172
v 1.087381 2.164495 0.600429
v -0.340495 2.965252 -0.211181
v -0.033940 3.018867 0.144716
v 0.573325 2.994850 -0.023247
v 0.774013 2.281595 0.930707
v 0.398266 2.126005 -1.050542
v -0.361769 2.041183 -0.826553
v 0.647132 1.508953 0.856168
v 0.240361 2.654890 -0.898421
v -0.268891 2.849941 -0.531949
v 0.729612 2.918398 0.048666
v -0.432517 1.659687 -0.834841
v -0.591714 2.543188 -0.640304
v 1.017913 2.521820 -0.235136
v -0.375183 1.917147 -0.890131
v -0.002997 1.624109 1.012089
v -0.838944 2.455137 -0.401339
v -0.203374 2.316097 0.714954
v 1.121547 2.296532 -0.027034
v 0.520830 1.153793 -0.761484
v 0.011157 1.556623 0.961650
v 0.931417 1.431828 -0.606233
v 0.950347 1.970169 -0.767076
v -0.768414 2.652145 -0.165933
v 0.437278 2.877716 -0.567025
v -0.214679 1.856663 0.906394
v 0.680604 2.225760 -0.998102
v 0.763403 0.925240 -0.362576
v 0.763403 0.925240 -0.362576
v -0.847201 2.533361 0.114248
v 0.267656 2.754946 -0.734429
v -0.417830 2.303545 0.636175
v -0.108894 2.702770 0.744631
v -0.228251 2.486979 -0.468106
v -0.228251 2.486979 -0.468106
v -0.399392 1.645487 0.858956
v 0.077760 2.507191 0.940887
v 1.178918 2.198215 0.358677
v 0.688682 2.427559 0.936911
v -0.244735 2.657343 -0.762619
v 1.097476 2.136919 -0.300414
v -0.162883 2.508707 0.559947
v -0.955742 1.746408 0.297805
v 1.183586 2.119200 -0.160976
v 1.074192 2.631128 0.145383
v -0.069310 1.633846 -0.453576
v -0.932676 1.861475 0.473597
v 0.754267 2.832829 0.038390
v 0.141114 2.223486 1.035348
v -0.366835 2.525808 0.368502
v 1.004519 2.049284 0.700883
v -0.084522 1.672525 -0.943898
v -0.280760 2.304380 0.729638
v 0.512075 2.400368 -1.058246
v 0.892758 1.837503 -0.853067
v 0.039628 2.704330 0.802973
v 0.043850 2.290565 -1.063592
v 1.045494 1.932579 0.718423
v -0.788995 2.567402 0.250272
v -0.717593 2.185917 0.595158
v 0.722162 0.971087 0.046760
v 0.722162 0.971087 0.046760
v 0.126090 1.492622 0.837073
v 0.126090 1.492622 0.837073
v -0.728582 1.731657 0.656796
v -0.457115 2.597374 -0.283912
v 0.868151 2.749329 -0.409301
v -0.446782 2.379747 -0.518546
v 0.862290 2.383198 0.737242
v 0.042543 1.950010 -1.011613
v -0.888901 1.845022 0.365286
v 1.100991 2.573755 0.067469
v -0.246181 2.263887 0.971801
v 0.809619 2.125288 -0.933788
v 0.303663 2.419777 -1.075863
v 1.060207 2.636196 -0.119535
v -0.274355 2.467920 0.890558
v 0.616966 1.000223 -0.238578
v -0.738756 2.154636 -0.256741
v 0.420204 2.603979 0.910621
v 0.437715 2.968285 -0.308322
v -0.766252 2.207623 0.373630
v -0.591059 2.296225 -0.351738
v 0.421321 2.872772 -0.488298
v -0.148318 1.950977 -0.170711
v 0.173699 2.695747 0.795515
v 0.465344 1.986326 1.041116
v 0.173708 2.548849 -0.983716
v -0.188911 2.474447 0.904841
v -0.620048 2.449047 -0.201580
v -0.338368 2.304722 -0.692307
v -0.884999 2.049318 0.632685
v 0.162529 1.962465 0.999089
v 0.648759 2.941620 0.203157
v -0.539275 2.063484 0.894144
v -0.313406 2.084908 -0.901791
v -0.867552 1.994591 0.594355
v -0.910873 1.986380 -0.489255
v 0.253521 2.224012 1.078166
v 0.079436 2.447323 -1.040455
v -0.887558 2.256910 0.530372
v 0.629144 2.431934 -0.892907
v 0.246808 1.755203 0.983121
v 0.246808 1.755203 0.983121
v -0.378779 2.367998 -0.648703
v -0.061234 2.692438 -0.710886
v -0.191202 2.512280 -0.830961
v -0.478743 2.904438 -0.086126
v -0.294892 1.686947 -0.864418
v -0.294892 1.686947 -0.864418
v 0.689555 2.845953 0.501006
v -0.017437 1.780470 -0.503597
v -0.376246 1.588982 -0.863881
v 0.025649 2.833588 0.598332
v 0.717544 2.599211 0.799098
v -0.356761 2.334518 -0.815905
v -0.764240 2.390751 0.631461
v -0.270692 1.644552 -0.897429
v 0.380388 2.099327 1.045508
v 1.015529 1.520056 -0.509709
v 0.992831 2.729280 0.092044
v -0.123247 1.993855 -1.023200
v 1.076758 1.341578 -0.191930
v 0.827116 2.746811 0.396060
v 0.439840 1.083954 -0.324197
v 1.143521 1.482510 -0.046012
v -0.593936 2.351006 -0.211772
v -0.545069 2.471745 0.775828
v 0.308283 1.343790 -0.754253
v 1.225088 2.218266 0.238414
v -0.971478 1.773888 0.153910
v -0.971478 1.773888 0.153910
v 1.025428 1.868608 -0.681157
v 1.050282 2.455301 -0.134524
v 0.335273 2.609179 -0.999287
v 0.986415 1.070139 0.167965
v -0.688864 2.014662 0.835602
v -0.078561 1.869875 -0.997354
v -0.949324 1.837547 0.397391
v -0.949324 1.837547 0.397391
v -0.291594 2.950371 -0.140639
v 1.134479 1.973501 -0.332387
v 0.642947 2.861044 -0.549343
v -0.448938 2.711761 0.551186
v -0.739318 2.569721 0.320267
v 0.115661 2.742250 -0.827259
v 0.486981 2.868364 -0.522524
v 0.125943 1.367243 0.484358
v 0.481181 1.330677 -0.886491
v 0.481181 1.330677 -0.886491
v -0.626426 2.306931 -0.494545
v -0.608752 2.723522 -0.433381
v -0.105382 2.849119 0.528115
v 1.116768 1.772911 -0.427259
v 0.400956 2.816330 -0.712679
v -0.629038 2.761221 -0.321156
v -0.429137 2.423800 0.504569
v 0.842116 1.258793 -0.613156
v -0.379112 2.508247 -0.321516
v -0.605834 1.825811 0.830313
v -0.605834 1.825811 0.830313
v 0.615417 1.230150 0.668978
v 0.615417 1.230150 0.668978
v -0.007701 3.018879 -0.220317
v 1.045155 1.726944 0.518124
v -0.623219 1.848288 0.775607
v -0.269647 1.918564 0.896822
v -0.139689 2.926937 0.357370
v 0.024842 1.476608 -0.541232
v -0.175426 1.666140 0.937833
v -0.287033 2.035744 -0.789836
v -0.287033 2.035744 -0.789836
v -0.240936 2.490530 -0.757860
v 0.752059 2.736656 0.471303
v 0.364720 1.849804 -1.029945
v -0.557626 2.586557 -0.597364
v -0.820947 1.988874 -0.344879
v 0.370967 1.723867 0.881760
v 0.370967 1.723867 0.881760
v -0.029401 1.636772 0.978814
v 0.008824 2.252161 0.856969
v 0.371955 2.939016 -0.419195
v -0.517294 2.567863 -0.064430
v 0.530162 2.795448 0.652559
v 0.525950 1.334534 0.651160
v 0.525950 1.334534 0.651160
v 0.059847 2.241291 0.855788
v 0.059847 2.241291 0.855788
v 0.962014 1.034880 -0.246707
v -0.436899 1.917324 0.781542
v -0.406977 2.596802 -0.310663
v -0.014961 1.546028 0.890370
v -0.612998 2.283991 0.655631
v -0.611401 2.055658 0.847028
v -0.201093 2.924671 0.334150
v 0.500352 2.564817 -0.998195
v 0.399210 2.949951 0.349061
v 0.189237 2.917736 -0.543264
v 0.502336 2.022499 0.952130
v -0.198612 2.993378 0.107799
v -0.624851 2.821047 -0.172996
v 0.521584 2.956337 0.338609
v 0.002106 1.720020 -0.911806
v 0.002106 1.720020 -0.911806
v -0.805943 2.394684 0.563304
v 0.410014 1.894957 0.977055
v 0.042707 2.601925 -0.948494
v -0.152470 2.496651 0.517280
v -0.152470 2.496651 0.517280
v -0.837289 2.141930 0.673083
v 0.949377 2.441978 -0.693001
v -0.329258 2.895523 0.227339
v 0.267005 2.794800 -0.617955
v 0.846813 2.494507 -0.841328
v 0.063775 1.658796 0.492395
v 1.111501 2.062595 0.570614
v -0.301130 1.989931 0.999348
v -1.018582 2.037987 0.256349
v 0.697956 2.451235 -0.929129
v -0.134147 1.943077 1.032041
v -0.915890 2.378374 0.201587
v 0.526083 1.025503 -0.066355
v 0.526083 1.025503 -0.066355
v 1.008949 2.448904 0.596694
v -0.031802 2.659267 -0.877786
v 0.448353 1.126205 0.269582
v -0.365220 1.932888 -0.846058
v -0.977158 1.861576 0.271532
v -0.787694 2.289444 -0.539524
v 0.337757 2.744877 -0.876436
v -0.422068 2.596550 -0.796256
v 1.038525 1.233303 -0.259016
v -0.652111 1.800716 0.840007
v 0.232661 2.943062 -0.533538
v 0.987833 2.658100 0.345704
v -0.401744 2.700451 0.637802
v -0.733366 1.933744 0.701452
v -0.667225 2.195049 -0.673232
v 0.029629 2.343145 0.703521
v -0.212788 2.408567 -0.708876
v -0.607577 1.501053 0.805576
v -0.607577 1.501053 0.805576
v -0.738581 2.690559 0.019142
v -0.289645 2.287510 0.940830
v 0.295634 2.874519 0.509718
v 0.731752 2.868738 -0.315747
v -0.324193 2.301556 0.953037
v 0.322073 2.022696 0.988266
v 0.985313 1.023338 -0.048814
v 0.045773 1.886316 1.038845
v 0.045773 1.886316 1.038845
v -0.359763 2.941214 0.159024
v -0.236357 2.708332 -0.645488
v -0.496632 2.313152 0.603088
v 0.677238 2.564312 0.812678
v 1.105532 2.350742 0.449424
v 0.713582 1.189964 0.639167
v -0.448873 2.824705 -0.443995
v 0.735811 2.839941 -0.074709
v -0.675324 2.263592 0.783942
v 0.272948 2.125124 1.010659
v 0.238905 1.412529 -0.542200
v -0.923483 1.973091 -0.274326
v -0.923483 1.973091 -0.274326
v -0.304872 2.505949 0.424048
v 1.001915 1.360912 0.409057
v 0.337010 2.809408 -0.749481
v 0.113749 1.746244 -0.987478
v 0.113749 1.746244 -0.987478
v -0.856235 2.042952 -0.327133
v 0.710246 1.358461 -0.766541
v 0.623906 2.595243 0.853507
v -0.195950 1.987085 -0.100319
v -0.875121 2.492815 0.045723
v 1.083483 1.626373 0.441611
v -0.494318 2.550663 -0.028425
v -0.494318 2.550663 -0.028425
v 0.145638 3.000446 0.224560
v 0.433171 1.252913 -0.855090
v 0.433171 1.252913 -0.855090
v -0.182985 1.839186 -0.979610
v -0.152049 1.488312 -0.811219
v -0.152049 1.488312 -0.811219
v 0.151597 2.936852 0.431812
v 0.422082 1.979292 1.047430
v -0.304303 1.796198 -0.941778
v -0.116904 1.859236 0.946820
v -0.569705 1.855850 0.809687
v 1.060941 2.558081 0.214819
v -0.881245 1.916180 0.229840
v -0.035116 3.011547 -0.307871
v -0.120511 1.500017 -0.817453
v -0.120511 1.500017 -0.817453
v -0.199148 1.361032 0.967645
v -0.199148 1.361032 0.967645
v 0.987733 1.884733 -0.692941
v -0.018307 1.696379 0.890810
v 1.153068 2.317570 -0.005092
v -0.716104 2.345400 -0.047173
v 1.019654 2.204952 -0.724812
v -0.242396 1.299482 0.928507
v -0.272089 1.676308 -0.817546
v -0.272089 1.676308 -0.817546
v 0.844861 0.918646 0.093522
v 0.844861 0.918646 0.093522
v 0.844861 0.918646 0.093522
v -0.769300 2.266693 -0.073224
v -0.074582 2.233860 1.057499
v 0.830363 2.134941 0.842012
v 0.317606 1.954407 -1.026865
v -0.757351 2.323374 -0.079681
v -0.864204 1.952793 -0.489118
v -0.435480 2.680941 -0.593995
v -0.785751 1.976788 0.508086
v 0.478614 2.870838 -0.407916
v 0.829622 2.768410 0.255097
v -0.677031 2.385748 -0.185097
v 0.295783 2.941401 0.296011
v -0.441436 2.656429 -0.654242
v 0.277310 1.503723 -0.958980
v 0.277310 1.503723 -0.958980
v 0.670071 2.864979 -0.361910
v -0.926969 1.938713 -0.267012
v -0.926969 1.938713 -0.267012
v 1.140170 2.117374 -0.449660
v 0.347438 3.013910 0.148759
v -0.068734 2.660189 0.781292
v 0.705048 2.854273 -0.447612
v 0.430335 1.179886 -0.768135
v 0.430335 1.179886 -0.768135
v -0.474797 2.528358 0.727909
v -0.358943 2.470228 -0.437337
v 0.943363 2.215868 -0.864527
v 0.394878 1.426353 0.488194
v 0.869006 2.669411 -0.361298
v -0.846636 1.736847 0.614710
v 0.393484 2.965702 0.071913
v -0.069785 1.777723 0.997412
v 0.292027 1.745321 0.972466
v 0.292027 1.745321 0.972466
v 0.609241 2.732239 -0.770704
v 0.911906 2.345631 -0.867277
v -0.851474 2.122749 0.636163
v -0.031587 2.873333 -0.548848
v 0.630582 2.719662 -0.703593
v -0.000934 1.949604 -0.367274
v -0.892879 2.013212 0.186416
v -0.308996 1.822567 -0.840143
v 0.945262 2.584614 -0.384805
v -0.287622 1.711765 0.992814
v -0.287622 1.711765 0.992814
v -0.860952 2.448311 0.240571
v 0.991995 2.689512 0.144020
v 0.990423 2.258249 -0.556232
v -0.003623 2.430132 0.586312
v -0.003623 2.430132 0.586312
v 0.030196 3.005335 -0.009901
v 0.907389 2.504025 0.520139
v -0.666949 2.651144 0.362712
v 0.172701 2.665323 -0.936597
v 0.996186 2.352533 -0.549924
v -0.273371 2.728731 0.562004
v -0.936088 1.858244 0.116891
v 0.878226 2.643099 -0.592840
v -0.341522 1.658369 0.968127
v -0.341522 1.658369 0.968127
v 0.107789 3.026287 0.033848
v -0.557475 1.621273 0.845939
v -0.557475 1.621273 0.845939
v -0.144681 2.988335 -0.329336
v -0.699238 2.373034 0.241086
v -0.061111 1.973257 0.909662
v -0.842427 2.154383 -0.465778
v -0.500896 2.563665 0.082797
v -0.500896 2.563665 0.082797
v -0.561965 2.209009 -0.613482
v -0.967676 1.921940 -0.317489
v -0.696562 2.532494 -0.506109
v 0.970576 1.170950 0.318133
v 0.784301 2.459368 0.865890
v -0.616623 2.785610 -0.266160
v 0.875586 2.253599 -0.909130
v -0.650282 2.137697 0.730537
v 0.807902 2.556158 0.771378
v 0.354898 2.226662 0.996314
v -0.572641 2.443275 -0.254685
v -0.208564 2.164539 -1.007935
v -0.955915 1.628946 0.015033
v -0.955915 1.628946 0.015033
v -0.937467 1.627010 0.004905
v -0.937467 1.627010 0.004905
v -0.945453 1.745958 -0.138907
vn 0.9593 -0.0826 0.2700
vn -0.3816 0.6480 0.6591
vn -0.2573 -0.0721 0.9636
vn 0.8310 -0.3712 0.4143
vn -0.9397 -0.2733 -0.2055
vn -0.6083 -0.7931 0.0311
vn 0.0082 -0.8179 -0.5753
vn 0.3241 -0.9222 -0.2110
vn 0.8310 -0.3712 0.4144
vn 0.9593 -0.0825 0.2700
vn -0.8766 0.4363 0.2028
vn -0.8485 0.4409 0.2928
vn -0.7339 0.6185 0.2808
vn -0.7369 0.6305 0.2438
vn -0.7231 -0.4104 -0.5557
vn -0.8026 -0.4722 -0.3644
vn -0.6431 -0.6288 -0.4370
vn -0.9313 0.0610 -0.3592
vn -0.8849 -0.3293 -0.3294
vn -0.9599 -0.1283 -0.2492
vn -0.1192 -0.3041 -0.9452
vn -0.5945 -0.5434 -0.5927
vn -0.2583 -0.4370 -0.8615
vn -0.2926 0.9295 0.2247
vn 0.1572 0.8529 0.4978
vn -0.1558 0.9724 0.1737
vn -0.2505 0.2767 -0.9277
vn -0.1156 -0.0698 -0.9908
vn -0.4799 0.0417 -0.8763
vn -0.4365 0.2965 -0.8494
vn 0.1838 -0.8431 0.5054
vn 0.0828 -0.2540 0.9637
vn -0.4363 -0.4250 0.7931
vn 0.4958 -0.8665 -0.0581
vn 0.4027 -0.7926 0.4579
vn -0.4364 -0.4249 0.7931
vn 0.4027 -0.7926 0.4578
vn 0.4958 -0.8665 -0.0582
vn 0.5018 0.7935 0.3443
vn 0.5116 0.7057 0.4902
vn 0.3722 0.8735 -0.3137
vn 0.0883 0.9698 -0.2272
vn 0.3438 0.8778 -0.3335
vn -0.3758 -0.4008 0.8356
vn 0.4517 -0.3768 0.8087
vn -0.2361 -0.7446 0.6243
vn -0.2338 -0.9340 -0.2702
vn -0.4412 -0.8968 -0.0330
vn -0.4185 -0.9081 -0.0107
vn -0.6002 -0.7709 -0.2133
vn -0.3423 -0.8608 -0.3767
vn 0.3207 -0.1515 -0.9350
vn 0.5381 -0.2566 -0.8029
vn 0.3349 -0.2439 -0.9101
vn 0.5381 -0.2567 -0.8028
vn 0.5372 -0.3429 -0.7706
vn 0.3608 -0.3899 -0.8472
vn -0.7330 -0.4083 -0.5440
vn -0.4311 -0.5902 -0.6825
vn 0.2571 -0.1297 -0.9576
vn 0.2070 -0.9782 0.0188
vn -0.4313 -0.5900 -0.6826
vn 0.7210 -0.6808 -0.1290
vn 0.7761 -0.2567 -0.5760
vn 0.8507 -0.2378 -0.4688
vn 0.6866 -0.2557 -0.6806
vn 0.9713 -0.2285 0.0665
vn 0.8404 -0.4323 0.3270
vn 0.8592 -0.2380 0.4530
vn 0.9271 -0.1696 0.3341
vn 0.9543 -0.2672 0.1339
vn 0.9504 -0.0167 -0.3106
vn 0.7462 -0.1477 -0.6492
vn 0.9594 0.0683 -0.2737
vn -0.5602 -0.6522 0.5107
vn -0.5150 -0.5618 0.6474
vn -0.4414 -0.7640 0.4705
vn -0.0174 -0.9929 -0.1176
vn -0.0550 -0.9460 -0.3194
vn 0.4034 -0.7397 -0.5386
vn 0.4909 -0.0913 0.8664
vn 0.3482 -0.0912 0.9330
vn 0.4147 -0.1026 0.9042
vn -0.3731 0.8667 0.3311
vn -0.0105 0.6618 0.7496
vn 0.0008 0.8115 0.5843
vn -0.5110 0.5544 -0.6569
vn -0.7306 0.4125 -0.5441
vn -0.6885 0.7220 -0.0678
vn 0.6260 -0.7781 -0.0520
vn 0.0969 -0.9622 0.2544
vn 0.5042 -0.6602 0.5567
vn 0.9430 -0.1411 -0.3013
vn 0.9961 -0.0724 -0.0504
vn 0.9529 -0.2252 -0.2031
vn 0.8759 0.1352 -0.4632
vn 0.9481 0.2226 -0.2273
vn 0.9693 -0.1835 0.1638
vn 0.9791 -0.2009 -0.0311
vn -0.4031 -0.9045 0.1394
vn -0.3938 -0.9180 0.0475
vn 0.0750 -0.9970 -0.0194
vn -0.1915 -0.7999 -0.5688
vn -0.8480 -0.4971 0.1838
vn -0.1001 -0.2678 0.9583
vn -0.5154 0.1941 0.8347
vn -0.1135 0.0806 0.9903
vn -0.4290 0.0261 0.9029
vn 0.2824 -0.6572 -0.6988
vn -0.2938 -0.1899 -0.9368
vn 0.2121 -0.4406 -0.8723
vn -0.2939 -0.1900 -0.9368
vn -0.7136 -0.1246 -0.6893
vn -0.8710 0.3285 -0.3653
vn 0.7476 0.5085 -0.4272
vn 0.8208 0.4005 -0.4073
vn 0.8575 0.3366 -0.3892
vn -0.0149 0.9198 -0.3921
vn 0.1071 0.8431 -0.5270
vn 0.0577 0.9820 -0.1799
vn -0.5107 0.8194 -0.2603
vn -0.3816 0.5622 -0.7337
vn -0.1463 0.8975 0.4160
vn 0.2412 0.8344 0.4956
vn 0.2912 0.5532 0.7805
vn -0.8740 -0.3994 -0.2768
vn -0.5262 -0.8361 0.1553
vn -0.9502 -0.2913 0.1107
vn 0.6173 0.7312 0.2905
vn 0.1903 0.9237 0.3325
vn 0.4340 0.8799 0.1936
vn 0.5456 0.4052 0.7336
vn 0.1786 0.5067 0.8434
vn 0.7715 -0.1382 0.6210
vn -0.7148 0.2198 -0.6638
vn -0.7878 0.1940 -0.5846
vn -0.6164 0.2435 -0.7488
vn -0.9711 -0.0149 -0.2380
vn -0.8903 0.0329 -0.4543
vn -0.8231 -0.0625 -0.5644
vn -0.9885 0.0372 -0.1463
vn -0.9925 -0.0659 0.1030
vn 0.8813 -0.4700 -0.0479
vn 0.9263 -0.3512 -0.1364
vn 0.8544 -0.3939 -0.3390
vn 0.0225 -0.2073 -0.9780
vn -0.6656 -0.5017 -0.5525
vn -0.9032 -0.3797 -0.2001
vn -0.9011 -0.3847 -0.2000
vn 0.4076 0.4290 0.8062
vn 0.1295 0.6018 0.7881
vn 0.3584 0.3519 0.8647
vn 0.9724 -0.0540 0.2268
vn 0.8988 0.1112 0.4240
vn 0.9517 0.1916 0.2398
vn 0.6333 -0.7593 0.1497
vn -0.3615 -0.8555 0.3707
vn 0.5795 -0.2695 0.7691
vn 0.3690 -0.8344 -0.4093
vn 0.7687 -0.6395 -0.0053
vn 0.1552 -0.9827 -0.1009
vn 0.2875 0.9576 -0.0186
vn -0.0900 0.9831 -0.1597
vn -0.3612 0.9138 -0.1857
vn 0.0204 0.9946 0.1020
vn -0.7938 -0.3984 0.4596
vn -0.8159 -0.3683 0.4457
vn -0.6155 -0.6531 0.4411
vn 0.0653 -0.0451 -0.9968
vn 0.0579 0.2402 -0.9690
vn -0.0621 0.1007 -0.9930
vn 0.6429 0.0468 -0.7645
vn -0.0936 0.1678 0.9814
vn -0.5637 0.1458 0.8130
vn 0.1876 0.0158 0.9821
vn -0.0874 -0.0898 0.9921
vn -0.3234 0.0275 0.9459
vn -0.2968 -0.0394 0.9541
vn -0.1259 0.1014 0.9868
vn -0.5610 0.3278 0.7601
vn -0.8898 0.3629 -0.2767
vn -0.8999 0.1044 -0.4235
vn 0.8456 -0.3238 0.4243
vn 0.8599 -0.2295 0.4559
vn 0.7607 -0.2474 0.6001
vn 0.8793 -0.3340 0.3396
vn 0.9550 -0.2580 0.1460
vn 0.9139 -0.2260 0.3374
vn -0.8022 0.3872 -0.4545
vn -0.6610 0.1109 -0.7421
vn -0.6872 0.2573 -0.6794
vn -0.1956 0.6874 -0.6994
vn -0.2909 0.5838 -0.7580
vn -0.7313 -0.6107 -0.3038
vn 0.7467 -0.3739 -0.5501
vn 0.9843 0.0236 -0.1750
vn 0.7562 -0.1975 -0.6238
vn 0.2454 -0.2221 -0.9436
vn 0.2395 -0.0780 -0.9678
vn 0.4562 -0.1997 -0.8672
vn 0.7024 0.5780 -0.4153
vn 0.2293 0.8892 -0.3959
vn 0.1351 0.9861 -0.0970
vn 0.1129 0.9838 -0.1391
vn -0.8583 -0.2934 0.4210
vn -0.8000 -0.0969 0.5921
vn -0.8492 0.1332 0.5111
vn -0.8167 -0.1107 0.5663
vn -0.7437 -0.1488 0.6517
vn -0.6019 0.0810 0.7944
vn -0.2984 -0.8295 0.4721
vn -0.4162 -0.8754 0.2460
vn 0.6146 -0.2997 0.7297
vn 0.7133 -0.3988 0.5763
vn 0.1652 0.6229 -0.7647
vn -0.3024 0.7975 -0.5221
vn -0.2808 0.8768 -0.3904
vn -0.5078 0.8114 0.2895
vn -0.4284 0.7511 0.5024
vn 0.0084 0.4408 0.8975
vn 0.7941 0.5648 0.2243
vn 0.5988 0.7452 -0.2934
vn 0.6568 0.7073 -0.2614
vn 0.7882 0.0575 -0.6127
vn 0.6777 0.5367 -0.5027
vn 0.8100 0.5498 -0.2039
vn 0.2242 -0.5788 -0.7840
vn -0.5377 -0.1581 0.8282
vn 0.1559 -0.5685 0.8078
vn -0.9613 -0.2624 0.0841
vn 0.5936 0.0237 -0.8044
vn 0.2352 0.0270 -0.9716
vn -0.7937 -0.5488 -0.2625
vn -0.6980 0.6745 -0.2405
vn -0.3916 0.7765 -0.4936
vn 0.0182 0.6240 -0.7812
vn -0.0720 0.0132 -0.9973
vn 0.7634 -0.2859 -0.5791
vn 0.6887 -0.7166 -0.1104
vn 0.6018 -0.7722 0.2037
vn -0.5567 0.6116 0.5622
vn -0.4715 0.5777 0.6663
vn -0.5765 0.2043 0.7912
vn 0.7644 0.1693 -0.6221
vn 0.6105 0.2527 -0.7507
vn -0.3203 0.6770 -0.6626
vn -0.1558 0.5667 -0.8091
vn 0.7599 -0.0491 0.6482
vn 0.6632 -0.5497 0.5079
vn 0.4472 -0.0515 0.8930
vn 0.8193 0.3235 0.4733
vn 0.6966 0.7169 0.0276
vn 0.6856 0.7103 0.1592
vn 0.6853 0.7127 0.1497
vn 0.4940 0.6912 0.5274
vn 0.4333 0.6908 0.5788
vn 0.5785 0.5649 0.5884
vn 0.2675 0.6319 -0.7274
vn 0.3019 0.4330 -0.8493
vn 0.6559 0.4658 -0.5940
vn -0.5489 0.2166 0.8073
vn -0.7765 0.0810 0.6249
vn -0.3136 -0.7826 -0.5378
vn 0.7920 -0.6105 -0.0107
vn 0.8616 -0.5017 -0.0770
vn -0.9374 -0.2517 0.2408
vn -0.9539 -0.2988 -0.0291
vn 0.5256 0.8398 -0.1359
vn 0.1569 0.9722 -0.1738
vn 0.3177 0.8832 -0.3451
vn 0.7766 0.6260 -0.0711
vn 0.2650 0.9630 -0.0482
vn 0.5630 -0.8259 0.0297
vn 0.2812 -0.8291 0.4833
vn 0.7809 -0.5905 0.2038
vn -0.2693 0.9573 0.1055
vn -0.4483 0.8859 0.1191
vn -0.6144 0.7593 0.2144
vn -0.6141 0.7464 0.2567
vn -0.1401 -0.2406 -0.9605
vn -0.2341 -0.7960 -0.5582
vn -0.5250 -0.7576 -0.3879
vn 0.5921 -0.8054 0.0284
vn -0.6777 0.7327 -0.0620
vn -0.4367 0.8916 0.1199
vn -0.7659 0.6288 0.1339
vn -0.8468 0.4932 0.1991
vn 0.2108 -0.1946 0.9580
vn 0.2289 -0.1900 0.9547
vn 0.2985 -0.2110 0.9308
vn 0.5210 -0.6604 0.5408
vn -0.7962 -0.2318 -0.5589
vn -0.9661 -0.2550 0.0407
vn 0.1124 0.7870 0.6067
vn 0.0283 0.9236 0.3824
vn 0.1410 -0.8418 -0.5211
vn 0.8338 -0.4790 -0.2745
vn 0.7416 -0.4253 -0.5188
vn 0.8905 -0.2747 -0.3626
vn -0.8546 -0.4255 -0.2977
vn -0.6434 -0.7024 -0.3042
vn 0.2150 -0.9763 0.0233
vn -0.1718 -0.9850 -0.0173
vn 0.7375 -0.6266 0.2520
vn 0.1546 -0.1084 0.9820
vn -0.2761 -0.0628 0.9591
vn 0.3784 -0.3291 0.8652
vn 0.1036 -0.3082 -0.9457
vn 0.9104 -0.2673 -0.3159
vn -0.8030 0.5902 0.0831
vn -0.9072 0.2391 -0.3461
vn 0.4131 0.1003 -0.9052
vn 0.3491 -0.2571 -0.9011
vn -0.0692 -0.3568 -0.9316
vn 0.0278 -0.0623 -0.9977
vn -0.2968 -0.0392 0.9541
vn -0.7762 -0.5056 0.3767
vn -0.0343 -0.5433 -0.8388
vn -0.3142 -0.8240 -0.4715
vn -0.6581 -0.6604 -0.3617
vn -0.8885 -0.4556 0.0552
vn -0.9987 -0.0105 -0.0500
vn -0.5117 0.0091 0.8591
vn -0.4872 -0.0461 0.8721
vn -0.4457 -0.1064 0.8888
vn -0.1967 0.2881 0.9372
vn -0.5358 0.3557 0.7658
vn 0.9671 0.0952 0.2359
vn 0.7601 0.6050 -0.2371
vn 0.9392 -0.0142 -0.3431
vn 0.8953 0.4059 -0.1832
vn 0.7087 0.5380 -0.4564
vn 0.8942 0.1484 0.4223
vn 0.6187 0.4982 0.6075
vn 0.3883 0.8724 0.2968
vn 0.2589 0.3434 0.9028
vn -0.0839 0.4725 0.8773
vn 0.2784 0.6522 0.7051
vn 0.3804 0.3908 0.8382
vn 0.3999 -0.7520 0.5240
vn 0.1927 -0.7565 0.6249
vn -0.5263 -0.8360 0.1553
vn 0.2554 -0.9397 0.2275
vn 0.9120 0.1263 -0.3903
vn 0.6529 0.2070 -0.7286
vn 0.7448 0.2152 -0.6316
vn 0.9291 -0.0883 -0.3590
vn 0.6050 -0.6236 0.4951
vn 0.3158 -0.6774 0.6644
vn 0.8399 -0.4809 0.2516
vn 0.8762 -0.4800 -0.0430
vn -0.5402 -0.7032 0.4622
vn -0.4723 -0.4096 0.7805
vn -0.7612 -0.2678 0.5906
vn -0.5643 0.0572 -0.8236
vn -0.5250 0.2894 -0.8004
vn 0.1752 -0.6390 -0.7490
vn -0.2701 0.5059 -0.8192
vn 0.1043 -0.4423 -0.8908
vn 0.3786 0.3589 0.8532
vn -0.1219 0.6559 0.7449
vn -0.3171 0.5129 0.7977
vn -0.3249 0.4637 0.8243
vn 0.5789 -0.7332 -0.3567
vn 0.4891 -0.4588 -0.7418
vn 0.4674 -0.6276 -0.6226
vn 0.1519 -0.6957 -0.7021
vn 0.8355 0.0953 -0.5412
vn 0.7202 -0.0557 -0.6915
vn 0.7657 0.0144 -0.6431
vn -0.2292 -0.1872 0.9552
vn 0.8009 -0.2753 0.5317
vn -0.1001 -0.2677 0.9583
vn -0.3384 -0.2431 -0.9091
vn -0.1818 -0.2510 -0.9508
vn -0.1565 -0.0234 -0.9874
vn 0.1755 -0.3570 -0.9175
vn 0.2611 -0.7252 -0.6371
vn -0.6350 -0.1755 -0.7523
vn -0.9603 0.2686 0.0758
vn -0.1697 0.5828 0.7947
vn -0.8460 0.4891 0.2125
vn -0.6920 -0.1327 0.7095
vn -0.7551 -0.5682 0.3272
vn 0.9150 0.3505 0.1996
vn 0.9786 0.0268 0.2041
vn 0.9640 -0.2443 -0.1050
vn 0.8176 0.5739 0.0457
vn 0.5942 0.7135 0.3714
vn 0.8470 0.3828 -0.3688
vn 0.9139 0.3709 0.1647
vn 0.9512 0.1704 0.2573
vn 0.7094 -0.4562 0.5372
vn 0.7437 -0.6678 0.0317
vn 0.8469 -0.0817 0.5254
vn 0.5462 -0.7647 0.3419
vn -0.3905 -0.8843 0.2560
vn -0.3308 0.3132 0.8902
vn -0.6768 0.1317 0.7243
vn -0.4498 -0.8383 0.3081
vn -0.6340 -0.5615 0.5318
vn -0.4499 -0.8383 0.3081
vn 0.0246 -0.9882 -0.1509
vn 0.3879 -0.8515 -0.3528
vn 0.4544 0.8873 -0.0790
vn 0.2578 0.8774 -0.4045
vn 0.0265 0.9996 0.0007
vn 0.3043 0.8431 -0.4433
vn 0.1966 0.8479 -0.4924
vn 0.6038 -0.1546 0.7820
vn -0.4346 -0.6725 0.5991
vn -0.9723 0.2208 0.0769
vn -0.9308 0.1750 0.3210
vn -0.9863 0.1137 0.1198
vn -0.9704 -0.1691 0.1726
vn 0.7099 0.1238 0.6933
vn 0.7087 0.3725 0.5992
vn 0.6082 0.4570 0.6490
vn 0.0647 -0.7468 -0.6619
vn 0.0705 -0.7477 -0.6603
vn -0.2392 -0.3096 -0.9203
vn -0.1908 -0.4146 -0.8898
vn -0.1042 -0.4821 -0.8699
vn 0.4266 0.7980 0.4257
vn 0.8351 0.4834 0.2625
vn 0.5951 0.7696 0.2315
vn 0.5418 0.5893 0.5994
vn 0.1086 0.7476 0.6553
vn -0.7628 0.4965 0.4143
vn -0.3153 0.4639 0.8279
vn -0.4623 0.7130 0.5271
vn 0.2023 -0.7409 -0.6405
vn 0.0950 -0.9411 -0.3245
vn 0.9389 -0.2574 -0.2284
vn 0.4129 -0.7385 -0.5330
vn 0.4251 0.6372 -0.6429
vn 0.7551 0.5975 -0.2700
vn -0.4198 0.8327 -0.3611
vn -0.8218 0.5695 0.0178
vn -0.6864 0.7013 -0.1923
vn 0.9982 -0.0538 0.0260
vn 0.7576 0.0530 0.6506
vn 0.9935 0.0747 -0.0859
vn -0.2362 -0.7446 0.6243
vn -0.6294 -0.5979 0.4963
vn -0.3758 -0.4008 0.8355
vn 0.2658 -0.9193 0.2903
vn -0.6548 -0.4424 0.6128
vn 0.6774 -0.6310 -0.3781
vn 0.6785 -0.6116 -0.4069
vn 0.7463 -0.4451 -0.4949
vn 0.1655 0.1683 0.9717
vn 0.1839 0.3671 0.9118
vn 0.2133 0.5911 0.7779
vn 0.7743 0.1024 -0.6245
vn 0.9654 -0.2356 -0.1114
vn 0.8246 -0.2081 -0.5261
vn 0.9954 -0.0885 -0.0360
vn 0.9889 0.0664 -0.1330
vn 0.6889 -0.1143 0.7157
vn 0.6951 -0.7171 -0.0515
vn 0.5506 -0.3672 0.7497
vn 0.9025 -0.2765 -0.3302
vn -0.5958 -0.7809 -0.1878
vn 0.3910 0.8939 0.2190
vn 0.1260 0.9867 0.1029
vn 0.6258 0.7100 0.3228
vn 0.5196 0.7708 0.3686
vn -0.9009 0.3892 0.1920
vn -0.8675 0.4968 0.0258
vn -0.4681 -0.8798 -0.0826
vn 0.2981 -0.9466 0.1225
vn 0.1578 0.5979 -0.7859
vn 0.1582 0.4900 -0.8573
vn -0.1161 0.3193 -0.9405
vn 0.1701 0.6756 -0.7174
vn -0.0456 0.7455 -0.6649
vn -0.0414 0.9056 -0.4222
vn -0.4110 0.8493 -0.3314
vn 0.3700 -0.9160 -0.1551
vn 0.7010 -0.5680 -0.4313
vn 0.6076 -0.5942 -0.5270
vn 0.5649 -0.3612 -0.7419
vn -0.0185 -0.2243 -0.9743
vn 0.9355 -0.3521 -0.0286
vn 0.9455 -0.2770 -0.1710
vn 0.9722 -0.2255 -0.0635
vn 0.9686 -0.1932 0.1563
vn 0.8840 -0.4671 -0.0195
vn 0.9183 -0.3780 0.1173
vn 0.2574 -0.2862 0.9230
vn 0.4628 0.1403 0.8753
vn -0.9457 0.1121 0.3052
vn -0.8906 0.0141 0.4545
vn 0.7884 0.3950 0.4716
vn 0.6900 0.7055 0.1616
vn 0.5765 0.7910 -0.2050
vn 0.6195 0.7775 -0.1082
vn 0.3066 0.8817 0.3586
vn 0.1881 0.9403 0.2837
vn -0.0760 0.8428 0.5328
vn 0.1030 0.8776 0.4683
vn -0.0406 0.9381 0.3440
vn 0.0245 -0.6470 -0.7621
vn 0.4416 -0.3274 -0.8353
vn 0.3616 -0.5908 -0.7212
vn 0.3324 -0.5367 -0.7755
vn -0.9035 0.3422 -0.2582
vn -0.5271 -0.6768 -0.5138
vn 0.2878 -0.8876 -0.3597
vn -0.3813 -0.1920 -0.9043
vn -0.0387 -0.4815 -0.8756
vn -0.4970 0.7419 -0.4501
vn -0.3498 0.8386 -0.4176
vn -0.3042 0.7913 -0.5303
vn -0.2217 0.9684 0.1139
vn -0.2601 0.9634 0.0652
vn 0.0817 0.9951 0.0559
vn -0.2485 0.9514 0.1821
vn -0.6604 -0.4685 -0.5868
vn -0.8986 0.4388 -0.0046
vn 0.2802 -0.8152 -0.5069
vn -0.3103 0.9448 0.1049
vn 0.0733 0.8046 0.5893
vn -0.4851 0.8739 0.0320
vn -0.4563 0.8261 0.3306
vn 0.3483 0.8957 -0.2764
vn 0.3467 0.9265 0.1462
vn -0.6800 -0.7330 0.0157
vn -0.8026 -0.4723 -0.3643
vn -0.6433 -0.7026 -0.3043
vn 0.1622 -0.9158 -0.3675
vn -0.8957 0.1285 0.4257
vn -0.7379 -0.4193 -0.5288
vn 0.9806 -0.1031 -0.1670
vn -0.4735 0.7789 0.4113
vn -0.6817 0.6929 0.2347
vn -0.4020 0.8627 0.3068
vn 0.3185 0.9066 -0.2767
vn 0.6229 0.6587 0.4220
vn 0.6898 -0.5285 0.4947
vn 0.5561 -0.6435 0.5260
vn 0.2520 0.8624 -0.4390
vn 0.6120 -0.6229 -0.4873
vn 0.9639 0.1299 0.2323
vn 0.1782 0.8240 0.5378
vn 0.0580 0.6842 -0.7269
vn -0.0833 0.6936 -0.7155
vn -0.1122 0.6339 -0.7652
vn -0.0306 0.8322 -0.5536
vn -0.0710 -0.3347 -0.9397
vn 0.6617 0.6416 0.3879
vn 0.1420 0.7786 0.6113
vn 0.1919 0.6439 0.7406
vn 0.0020 0.5992 0.8006
vn -0.0657 0.3842 0.9209
vn -0.1724 0.2598 0.9501
vn -0.1671 0.0369 0.9853
vn 0.1118 -0.0355 0.9931
vn -0.3160 -0.7863 0.5309
vn 0.0377 0.6587 0.7515
vn -0.0192 0.6891 0.7244
vn -0.0856 0.4057 0.9100
vn 0.2184 0.1030 0.9704
vn 0.0788 0.4422 0.8934
vn -0.0088 0.9960 0.0884
vn 0.0726 0.9968 0.0329
vn 0.1043 -0.1624 -0.9812
vn 0.1947 -0.0880 -0.9769
vn 0.8064 -0.0539 0.5888
vn -0.2944 0.5050 0.8114
vn -0.5340 0.6540 0.5359
vn -0.5823 0.7191 0.3792
vn -0.4666 0.7850 0.4075
vn 0.2711 -0.2077 -0.9399
vn -0.3175 0.3240 -0.8912
vn -0.4227 0.1773 -0.8888
vn -0.8420 -0.4486 0.2996
vn -0.8950 -0.4455 -0.0214
vn -0.7751 -0.6188 -0.1279
vn 0.4557 -0.2771 0.8459
vn 0.8580 0.4829 -0.1751
vn 0.9341 0.3536 0.0501
vn 0.9716 0.2242 -0.0761
vn 0.8046 0.5925 0.0406
vn -0.7974 -0.5987 0.0749
vn -0.1580 0.2299 -0.9603
vn -0.0699 0.1336 0.9886
vn -0.1979 0.2323 0.9523
vn -0.3483 -0.0111 0.9373
vn -0.4871 -0.0461 0.8721
vn 0.7715 -0.4378 0.4616
vn -0.1122 0.8700 0.4800
vn 0.1079 0.9153 0.3880
vn 0.3919 0.8405 0.3743
vn -0.2508 -0.9677 -0.0255
vn 0.2612 -0.7021 -0.6625
vn -0.7973 -0.5989 0.0749
vn -0.6723 0.6738 -0.3066
vn -0.7819 0.6203 -0.0623
vn 0.6130 -0.5369 -0.5796
vn 0.9279 -0.2091 -0.3086
vn -0.9415 0.3222 0.0990
vn -0.9423 0.3198 -0.0993
vn 0.1555 0.1389 0.9780
vn 0.6913 0.6180 -0.3742
vn 0.6833 0.3808 -0.6229
vn 0.8594 0.3099 -0.4066
vn 0.0554 0.0480 0.9973
vn -0.8187 -0.4209 0.3905
vn -0.1082 -0.8876 0.4477
vn -0.5957 0.4743 0.6482
vn -0.4928 0.6918 0.5277
vn 0.6128 -0.3839 -0.6907
vn 0.7716 -0.5296 -0.3525
vn 0.7898 -0.5047 -0.3485
vn 0.0220 0.9823 -0.1861
vn -0.6431 -0.6289 -0.4369
vn -0.1837 -0.8610 -0.4742
vn 0.3712 -0.2887 0.8825
vn 0.1778 -0.5622 0.8077
vn -0.9572 -0.2083 -0.2008
vn -0.9735 -0.0885 -0.2108
vn 0.1668 -0.2261 -0.9597
vn -0.2551 0.2834 0.9245
vn 0.9316 -0.2453 -0.2683
vn 0.2023 -0.7408 -0.6405
vn 0.0578 -0.7276 -0.6835
vn -0.7470 -0.6217 0.2355
vn 0.3225 0.1067 -0.9406
vn -0.6783 -0.5890 -0.4393
vn -0.4318 -0.7685 -0.4721
vn 0.4575 -0.1112 -0.8822
vn 0.5807 -0.2813 -0.7640
vn 0.0649 -0.0893 -0.9939
vn 0.1391 0.7792 -0.6112
vn -0.3813 -0.9070 0.1788
vn 0.1462 0.4145 0.8982
vn -0.3543 0.7307 0.5836
vn 0.9515 0.0739 -0.2987
vn 0.7268 -0.1387 -0.6727
vn 0.9356 -0.3466 -0.0680
vn 0.2578 0.9399 0.2237
vn -0.8999 -0.0815 0.4284
vn -0.3250 -0.5347 0.7800
vn -0.3252 -0.5347 0.7799
vn -0.1273 0.8218 0.5554
vn 0.4518 -0.5216 0.7238
vn -0.2719 -0.5564 0.7852
vn 0.5202 -0.7336 0.4372
vn 0.9880 -0.1427 0.0592
vn 0.1092 0.2557 0.9606
vn -0.1151 0.1201 0.9861
vn -0.2884 -0.0910 0.9532
vn -0.0411 0.9981 0.0465
vn 0.5117 0.8218 0.2505
vn -0.8649 -0.4345 -0.2512
vn -0.3844 -0.2581 0.8864
vn 0.3264 -0.4658 0.8225
vn 0.7868 -0.6173 -0.0035
vn 0.1953 -0.6926 -0.6944
vn 0.9938 0.0713 0.0848
vn 0.9770 -0.1665 0.1329
vn 0.9589 0.1575 -0.2362
vn 0.7810 -0.5905 0.2036
vn 0.2660 -0.9192 0.2903
vn -0.4385 -0.8982 -0.0311
vn -0.4080 -0.2363 -0.8819
vn -0.6919 -0.1327 0.7097
vn -0.5488 0.2166 0.8074
vn -0.2366 -0.2509 -0.9387
vn -0.7794 -0.0155 -0.6263
vn 0.6255 0.5527 -0.5506
vn -0.1005 0.1525 -0.9832
vn -0.3411 -0.0429 -0.9391
vn 0.9953 0.0873 0.0429
vn -0.0146 0.4109 -0.9116
vn 0.1525 0.9703 -0.1879
vn 0.4820 -0.5605 -0.6735
vn -0.8744 0.3828 -0.2981
vn -0.8308 0.5015 -0.2414
vn -0.6969 0.6038 -0.3869
vn 0.2568 0.2162 -0.9420
vn 0.5159 0.2270 -0.8260
vn -0.5402 0.8026 -0.2530
vn -0.1423 0.9737 0.1780
vn 0.2683 0.9600 -0.0803
vn 0.6116 0.1253 0.7812
vn -0.1942 -0.9792 -0.0594
vn 0.1756 -0.3968 -0.9010
vn 0.1565 -0.1179 0.9806
vn -0.2747 -0.3233 0.9055
vn 0.1566 -0.1180 0.9806
vn 0.2328 -0.0948 0.9679
vn 0.3935 0.1011 0.9137
vn -0.3788 0.9217 -0.0836
vn -0.4164 0.8889 0.1908
vn -0.4149 0.7636 0.4948
vn -0.0897 -0.8996 0.4273
vn 0.8643 -0.1038 0.4921
vn 0.8148 -0.2016 0.5436
vn 0.8071 -0.5529 -0.2070
vn 0.6253 -0.5201 0.5818
vn 0.8794 -0.1826 -0.4397
vn -0.1069 0.4973 -0.8610
vn -0.0603 0.7440 -0.6655
vn -0.1799 -0.4086 -0.8948
vn 0.3607 -0.3899 -0.8472
vn -0.1217 -0.6260 -0.7702
vn 0.9917 -0.0935 0.0878
vn 0.7493 -0.3173 0.5813
vn 0.7263 -0.2828 0.6265
vn 0.9917 0.0918 -0.0897
vn -0.6321 0.6849 -0.3626
vn -0.7019 0.6396 0.3136
vn -0.2373 0.8757 0.4205
vn -0.4078 -0.9058 0.1145
vn -0.8810 -0.4396 0.1748
vn -0.6904 -0.7232 0.0183
vn -0.6904 -0.7232 0.0184
vn -0.1051 -0.0926 -0.9901
vn -0.8046 -0.1058 0.5844
vn 0.2980 -0.9467 0.1225
vn -0.7936 -0.5488 -0.2627
vn 0.7579 -0.0732 -0.6483
vn -0.5369 0.2355 -0.8101
vn -0.8464 0.4712 -0.2482
vn -0.6546 -0.4426 0.6129
vn -0.8051 -0.0665 0.5894
vn -0.7648 -0.4632 0.4478
vn -0.2507 -0.9677 -0.0255
vn -0.6656 -0.5017 -0.5526
vn 0.5287 0.5290 0.6638
vn 0.3616 0.4112 0.8368
vn 0.1998 0.6853 0.7003
vn 0.5377 -0.2224 -0.8133
vn -0.8904 -0.0647 0.4505
vn -0.2708 -0.3976 -0.8767
vn -0.9988 -0.0492 -0.0069
vn -0.6357 -0.4554 0.6233
vn 0.4551 0.7908 0.4093
vn -0.8353 0.3405 0.4317
vn -0.7697 0.1969 0.6072
vn -0.0546 -0.0247 0.9982
vn 0.1544 -0.1084 0.9820
vn 0.5377 -0.2225 -0.8132
vn 0.7580 -0.0732 -0.6482
vn 0.9917 0.0831 0.0983
vn 0.9600 -0.2050 -0.1907
vn 0.9661 0.1245 -0.2263
vn -0.0313 0.9989 0.0355
vn 0.1877 0.9384 0.2902
vn -0.1369 0.9709 -0.1965
vn 0.0231 0.7471 -0.6643
vn -0.1320 0.8491 -0.5115
vn 0.9324 -0.3048 -0.1943
vn -0.1961 0.2101 0.9578
vn -0.5958 -0.7809 -0.1877
vn 0.6623 -0.2200 0.7162
vn 0.6911 -0.0695 0.7194
vn 0.2681 0.7268 -0.6324
vn 0.0360 0.9383 -0.3440
vn -0.9211 -0.0056 0.3893
vn -0.0092 -0.9222 0.3866
vn -0.0641 -0.3629 0.9296
vn 0.7368 0.1715 0.6539
vn -0.1698 0.5828 0.7947
vn -0.1604 0.7789 -0.6063
vn 0.9474 0.0211 0.3194
vn -0.2216 0.5250 -0.8218
vn -0.9170 0.0066 -0.3989
vn -0.5271 -0.6768 -0.5139
vn -0.2787 0.7715 -0.5719
vn -0.4733 0.6872 -0.5511
vn 0.6773 -0.6311 -0.3780
vn -0.2338 -0.9340 -0.2703
vn 0.0654 -0.9592 -0.2749
vn -0.0641 -0.3628 0.9297
vn -0.6364 -0.1678 0.7529
vn 0.4011 0.0957 0.9110
vn 0.5954 0.0923 -0.7981
vn 0.0793 0.4310 -0.8989
vn 0.2404 0.9110 -0.3351
vn 0.2773 0.9310 -0.2376
vn -0.2056 0.7481 -0.6309
vn 0.5943 0.4801 -0.6452
vn 0.6173 0.2938 -0.7298
vn -0.7469 -0.6217 0.2357
vn -0.6364 -0.1678 0.7528
vn 0.0749 0.6417 -0.7633
vn -0.3611 -0.5037 0.7848
vn -0.4343 -0.6725 0.5992
vn -0.2982 -0.8296 0.4721
vn 0.0458 -0.9106 -0.4108
vn -0.1829 0.8505 0.4931
vn 0.8726 -0.3332 0.3571
vn -0.0430 0.2424 -0.9692
vn 0.0319 0.4535 -0.8907
vn -0.6783 -0.5890 -0.4394
vn -0.7652 -0.4602 -0.4502
vn 0.3318 -0.2744 0.9026
vn -0.1146 0.9782 -0.1735
vn -0.0092 -0.9222 0.3865
vn -0.4458 -0.1064 0.8888
vn -0.2620 0.9649 -0.0192
vn -0.6930 -0.0116 0.7208
vn -0.7704 -0.4363 -0.4650
vn -0.4173 0.6747 -0.6088
vn -0.6357 0.4922 -0.5947
vn 0.2290 -0.1900 0.9547
vn -0.3421 -0.8608 -0.3768
vn -0.6782 -0.5891 -0.4394
vn -0.1217 -0.6261 -0.7702
vn -0.4317 -0.7686 -0.4722
vn -0.8073 0.5618 0.1809
vn -0.1945 0.4821 0.8542
vn -0.4413 -0.7641 0.4705
vn 0.4128 -0.7385 -0.5330
vn -0.5600 -0.6524 0.5106
vn 0.2880 -0.8875 -0.3596
vn 0.6786 -0.6117 -0.4067
vn -0.0079 -0.9863 0.1649
vn 0.0578 -0.7277 -0.6835
vn 0.0609 0.2699 0.9610
vn 0.6246 -0.7786 0.0611
vn -0.8041 -0.4175 -0.4232
vn 0.7732 -0.6193 -0.1363
vn -0.8701 -0.0111 0.4928
vn -0.8050 -0.0666 0.5895
vn -0.8904 -0.0646 0.4505
vn -0.8965 -0.1327 0.4228
vn -0.8751 0.4038 0.2666
vn 0.8008 -0.2753 0.5319
vn -0.0897 -0.8996 0.4274
vn -0.9075 -0.4083 -0.0991
vn -0.6582 -0.6603 -0.3617
vn -0.7938 -0.3983 0.4596
vn -0.7137 -0.1246 -0.6893
vn -0.2340 -0.7959 -0.5584
vn -0.5402 -0.7033 0.4621
vn -0.2762 -0.0628 0.9591
vn -0.3938 -0.9180 0.0476
vn -0.7749 -0.6190 -0.1279
vn 0.3264 -0.4659 0.8225
vn 0.3785 -0.3290 0.8652
vn -0.6547 -0.4425 0.6129
vn -0.0079 -0.9863 0.1648
vn -0.0080 -0.9863 0.1648
vn 0.8482 -0.5284 -0.0374
vn -0.7651 -0.4602 -0.4504
vn -0.2762 -0.0628 0.9590
vn -0.6084 -0.7930 0.0312
vn 0.3243 -0.9221 -0.2110
vt 0.199689 0.473894
vt 0.195316 0.496286
vt 0.175389 0.493285
vt 0.176046 0.488406
vt 0.199521 0.498809
vt 0.175466 0.495147
vt 0.199134 0.503839
vt 0.170628 0.500765
vt 0.170396 0.503869
vt 0.202371 0.509166
vt 0.291600 0.281343
vt 0.292767 0.250521
vt 0.324303 0.297398
vt 0.329446 0.284446
vt 0.776904 0.880606
vt 0.822367 0.969804
vt 0.784355 0.974214
vt 0.860668 0.768768
vt 0.825633 0.746197
vt 0.918670 0.748485
vt 0.595313 0.647770
vt 0.580562 0.682004
vt 0.557545 0.670007
vt 0.476720 0.257459
vt 0.500486 0.249034
vt 0.503372 0.281794
vt 0.553390 0.546704
vt 0.563538 0.579624
vt 0.536624 0.579489
vt 0.526002 0.542202
vt 0.594029 0.011680
vt 0.597415 0.024677
vt 0.578468 0.003737
vt 0.601652 0.006623
vt 0.616583 0.017771
vt 0.057923 0.949132
vt 0.057149 0.958478
vt 0.049878 0.949752
vt 0.539371 0.291463
vt 0.520064 0.269115
vt 0.554604 0.388779
vt 0.523976 0.370310
vt 0.567155 0.376321
vt 0.700436 0.039242
vt 0.635663 0.048238
vt 0.657596 0.029971
vt 0.438068 0.828664
vt 0.472896 0.781609
vt 0.478346 0.798002
vt 0.504557 0.812121
vt 0.464684 0.845960
vt 0.746422 0.518438
vt 0.798796 0.523477
vt 0.772536 0.566311
vt 0.893008 0.376387
vt 0.927004 0.328037
vt 0.966031 0.347684
vt 0.809229 0.442355
vt 0.779458 0.471929
vt 0.767062 0.446525
vt 0.816425 0.438891
vt 0.839817 0.425287
vt 0.821474 0.420091
vt 0.843826 0.358060
vt 0.870489 0.296621
vt 0.875124 0.338777
vt 0.775496 0.215977
vt 0.768126 0.210317
vt 0.766894 0.204225
vt 0.755224 0.212695
vt 0.769647 0.213296
vt 0.755377 0.251280
vt 0.729853 0.274651
vt 0.725949 0.261884
vt 0.924295 0.917411
vt 0.867430 0.839075
vt 0.945067 0.893947
vt 0.230730 0.752040
vt 0.225624 0.783636
vt 0.204711 0.761924
vt 0.683515 0.115288
vt 0.665044 0.079876
vt 0.704542 0.067975
vt 0.451723 0.235108
vt 0.443657 0.195791
vt 0.473455 0.221863
vt 0.381478 0.421374
vt 0.347671 0.405472
vt 0.354102 0.387165
vt 0.344185 0.531869
vt 0.395666 0.557550
vt 0.354165 0.568936
vt 0.826182 0.282405
vt 0.797745 0.243686
vt 0.854362 0.255194
vt 0.732788 0.278742
vt 0.766552 0.284292
vt 0.803206 0.199863
vt 0.830865 0.231276
vt 0.423344 0.749015
vt 0.459002 0.761816
vt 0.399968 0.774987
vt 0.081777 0.729206
vt 0.046063 0.790576
vt 0.065413 0.720765
vt 0.423696 0.102855
vt 0.376201 0.086642
vt 0.411325 0.066649
vt 0.182273 0.826988
vt 0.152514 0.839081
vt 0.156791 0.803118
vt 0.954323 0.764517
vt 0.961693 0.800327
vt 0.868064 0.786034
vt 0.696863 0.403140
vt 0.722202 0.392358
vt 0.744850 0.408545
vt 0.591852 0.423688
vt 0.563585 0.406067
vt 0.590727 0.399457
vt 0.384317 0.403060
vt 0.436894 0.416485
vt 0.469790 0.270625
vt 0.480417 0.290847
vt 0.420058 0.238711
vt 0.747722 0.887297
vt 0.772339 0.981291
vt 0.731048 0.879762
vt 0.661712 0.274037
vt 0.632654 0.298518
vt 0.634916 0.276823
vt 0.624906 0.159520
vt 0.612289 0.144025
vt 0.638031 0.133706
vt 0.306758 0.427867
vt 0.323803 0.402849
vt 0.352965 0.422174
vt 0.234818 0.376052
vt 0.292001 0.387733
vt 0.278046 0.415049
vt 0.249564 0.353768
vt 0.228718 0.329053
vt 0.188190 0.611323
vt 0.178705 0.655450
vt 0.147895 0.631303
vt 0.732389 0.586770
vt 0.547393 0.917788
vt 0.516307 0.866613
vt 0.538782 0.843563
vt 0.682747 0.182829
vt 0.662094 0.186842
vt 0.683230 0.170257
vt 0.760103 0.185443
vt 0.726623 0.211261
vt 0.724774 0.195363
vt 0.345822 0.602648
vt 0.331331 0.623246
vt 0.304718 0.606064
vt 0.212310 0.683179
vt 0.239980 0.676016
vt 0.255860 0.677491
vt 0.532344 0.349508
vt 0.492922 0.354539
vt 0.440866 0.340060
vt 0.502284 0.335159
vt 0.756888 0.670266
vt 0.764590 0.701500
vt 0.733406 0.715484
vt 0.712705 0.558886
vt 0.684543 0.454969
vt 0.722668 0.460747
vt 0.682082 0.482441
vt 0.565942 0.106707
vt 0.580475 0.073805
vt 0.598714 0.100302
vt 0.559588 0.091333
vt 0.566345 0.060008
vt 0.720822 0.969727
vt 0.703915 0.962590
vt 0.700469 0.882487
vt 0.502587 0.540882
vt 0.507665 0.582460
vt 0.825323 0.133833
vt 0.788785 0.157011
vt 0.766624 0.127424
vt 0.854684 0.148101
vt 0.851388 0.183376
vt 0.775946 0.174069
vt 0.486233 0.547582
vt 0.494966 0.590496
vt 0.459115 0.553125
vt 0.472049 0.450125
vt 0.424610 0.433656
vt 0.549368 0.844128
vt 0.118307 0.640959
vt 0.126429 0.676907
vt 0.086346 0.670270
vt 0.118439 0.799531
vt 0.085488 0.810279
vt 0.111020 0.763041
vt 0.685217 0.380881
vt 0.573042 0.355195
vt 0.542231 0.340855
vt 0.550197 0.327387
vt 0.192386 0.235563
vt 0.203530 0.206316
vt 0.220980 0.256852
vt 0.243453 0.193697
vt 0.225883 0.172452
vt 0.266297 0.175050
vt 0.715778 0.667748
vt 0.708647 0.705515
vt 0.769002 0.073714
vt 0.821346 0.106174
vt 0.561298 0.478051
vt 0.523389 0.490556
vt 0.537482 0.464342
vt 0.415265 0.227608
vt 0.418120 0.208086
vt 0.400584 0.162670
vt 0.666808 0.359101
vt 0.653212 0.375864
vt 0.642161 0.352686
vt 0.703241 0.309726
vt 0.658879 0.330609
vt 0.686196 0.304897
vt 0.373612 0.516161
vt 0.462039 0.603492
vt 0.417775 0.574737
vt 0.428471 0.551548
vt 0.069966 0.782822
vt 0.045182 0.822439
vt 0.873382 0.715771
vt 0.505155 0.502278
vt 0.495836 0.472388
vt 0.459467 0.480141
vt 0.469019 0.509097
vt 0.891850 0.302336
vt 0.924863 0.189132
vt 0.904641 0.142447
vt 0.936993 0.175009
vt 0.368018 0.191149
vt 0.383531 0.180666
vt 0.287396 0.200315
vt 0.657859 0.456244
vt 0.673156 0.444004
vt 0.525806 0.501359
vt 0.545678 0.496683
vt 0.650892 0.145841
vt 0.645909 0.098625
vt 0.670913 0.128649
vt 0.649554 0.167738
vt 0.619111 0.296445
vt 0.601958 0.270026
vt 0.615345 0.263877
vt 0.601515 0.195950
vt 0.583092 0.205271
vt 0.585447 0.178977
vt 0.671115 0.411728
vt 0.712241 0.430467
vt 0.663923 0.426877
vt 0.692264 0.954217
vt 0.673798 0.869981
vt 0.194816 0.546238
vt 0.222289 0.568493
vt 0.175821 0.579337
vt 0.207480 0.306816
vt 0.213797 0.350101
vt 0.616517 0.329184
vt 0.606754 0.358657
vt 0.590042 0.336809
vt 0.607320 0.297707
vt 0.583064 0.312615
vt 0.816593 0.738543
vt 0.809764 0.710692
vt 0.842135 0.687342
vt 0.448677 0.318965
vt 0.400995 0.328510
vt 0.355495 0.323510
vt 0.362354 0.304508
vt 0.675754 0.598782
vt 0.565322 0.926197
vt 0.570952 0.853827
vt 0.318511 0.588653
vt 0.380858 0.357449
vt 0.406181 0.343040
vt 0.348728 0.331074
vt 0.302645 0.299879
vt 0.492561 0.035779
vt 0.538111 0.014558
vt 0.530454 0.043201
vt 0.088799 0.878553
vt 0.116609 0.867978
vt 0.098611 0.903277
vt 0.447749 0.311786
vt 0.491390 0.318916
vt 0.591478 0.853682
vt 0.921723 0.210548
vt 0.929755 0.250521
vt 0.891379 0.254992
vt 0.813055 0.883417
vt 0.848388 0.978845
vt 0.309334 0.636150
vt 0.281907 0.657641
vt 0.276362 0.621699
vt 0.072793 0.872743
vt 0.051106 0.876633
vt 0.057749 0.835437
vt 0.121257 0.857257
vt 0.058718 0.835590
vt 0.293937 0.359231
vt 0.294018 0.377674
vt 0.661940 0.483245
vt 0.665158 0.522231
vt 0.655054 0.590017
vt 0.690902 0.555571
vt 0.439641 0.608119
vt 0.422353 0.609811
vt 0.755318 0.977092
vt 0.187469 0.793711
vt 0.225952 0.794522
vt 0.960884 0.815946
vt 0.950970 0.838129
vt 0.876729 0.797882
vt 0.337334 0.125753
vt 0.297510 0.114615
vt 0.317948 0.057303
vt 0.330316 0.168955
vt 0.357695 0.152545
vt 0.746811 0.320452
vt 0.714661 0.339618
vt 0.714106 0.304259
vt 0.704398 0.320935
vt 0.669046 0.340901
vt 0.636414 0.174387
vt 0.652507 0.207047
vt 0.628195 0.262194
vt 0.363432 0.202469
vt 0.344033 0.201176
vt 0.448926 0.266592
vt 0.386066 0.227930
vt 0.383100 0.586055
vt 0.401327 0.599683
vt 0.378776 0.609245
vt 0.363522 0.607149
vt 0.755711 0.368691
vt 0.788424 0.350655
vt 0.789919 0.368640
vt 0.827829 0.304667
vt 0.871610 0.105899
vt 0.818214 0.064905
vt 0.885259 0.147551
vt 0.908689 0.178449
vt 0.948192 0.872290
vt 0.867871 0.828031
vt 0.874782 0.817672
vt 0.338435 0.477469
vt 0.388861 0.479958
vt 0.333815 0.508378
vt 0.419745 0.481205
vt 0.423698 0.521251
vt 0.592693 0.141403
vt 0.450894 0.184795
vt 0.421902 0.154812
vt 0.436614 0.143869
vt 0.943198 0.217627
vt 0.946645 0.299870
vt 0.950505 0.253686
vt 0.978147 0.309897
vt 0.111353 0.693572
vt 0.088189 0.712545
vt 0.085609 0.691628
vt 0.237230 0.151177
vt 0.234963 0.135309
vt 0.264402 0.137325
vt 0.572160 0.630858
vt 0.593397 0.615646
vt 0.625661 0.547633
vt 0.613282 0.615617
vt 0.294448 0.500863
vt 0.299210 0.480025
vt 0.232894 0.465263
vt 0.225448 0.447181
vt 0.283635 0.448137
vt 0.672945 0.945659
vt 0.636496 0.847785
vt 0.680080 0.226550
vt 0.697279 0.187181
vt 0.694902 0.214875
vt 0.667366 0.256181
vt 0.655886 0.246353
vt 0.702834 0.285290
vt 0.680314 0.256999
vt 0.699945 0.225714
vt 0.285494 0.548793
vt 0.251777 0.571479
vt 0.259092 0.542724
vt 0.312557 0.559184
vt 0.718083 0.721381
vt 0.402047 0.124065
vt 0.313855 0.136645
vt 0.904606 0.943067
vt 0.858868 0.852689
vt 0.245058 0.716482
vt 0.234241 0.736978
vt 0.203139 0.709040
vt 0.634232 0.369120
vt 0.628118 0.384888
vt 0.607934 0.377386
vt 0.623097 0.403266
vt 0.614512 0.423283
vt 0.712237 0.115513
vt 0.736863 0.660382
vt 0.273888 0.307225
vt 0.245194 0.276483
vt 0.267939 0.270941
vt 0.235956 0.240492
vt 0.727461 0.219510
vt 0.714366 0.239649
vt 0.691855 0.248955
vt 0.203781 0.738817
vt 0.185798 0.723366
vt 0.135862 0.735655
vt 0.151758 0.719275
vt 0.176103 0.735464
vt 0.619354 0.201362
vt 0.633266 0.207830
vt 0.624651 0.241579
vt 0.623232 0.179882
vt 0.606911 0.177316
vt 0.304625 0.234224
vt 0.320972 0.220400
vt 0.352465 0.238586
vt 0.088165 0.647751
vt 0.145170 0.570782
vt 0.149530 0.600501
vt 0.129212 0.576678
vt 0.644748 0.412578
vt 0.639802 0.421773
vt 0.412878 0.452557
vt 0.326506 0.456887
vt 0.376055 0.450923
vt 0.163305 0.609771
vt 0.121973 0.609820
vt 0.127290 0.597744
vt 0.824732 0.636994
vt 0.776934 0.699967
vt 0.804876 0.634174
vt 0.843732 0.655350
vt 0.630931 0.906274
vt 0.619817 0.900709
vt 0.599362 0.910978
vt 0.605626 0.857682
vt 0.542655 0.108178
vt 0.571574 0.136315
vt 0.564617 0.159252
vt 0.754824 0.419305
vt 0.779443 0.402309
vt 0.799940 0.420572
vt 0.773944 0.378926
vt 0.763509 0.394212
vt 0.284276 0.533032
vt 0.307540 0.522640
vt 0.321935 0.546172
vt 0.156473 0.687060
vt 0.257861 0.692554
vt 0.591344 0.277727
vt 0.577363 0.286095
vt 0.612119 0.229919
vt 0.592984 0.233326
vt 0.266610 0.336819
vt 0.305222 0.340581
vt 0.822173 0.740519
vt 0.861507 0.705128
vt 0.619521 0.468965
vt 0.642324 0.465084
vt 0.627372 0.504382
vt 0.631881 0.443912
vt 0.575411 0.471020
vt 0.564821 0.442204
vt 0.580659 0.433801
vt 0.624032 0.843217
vt 0.181486 0.684268
vt 0.165920 0.700542
vt 0.139564 0.712754
vt 0.106242 0.721918
vt 0.890711 0.182117
vt 0.875176 0.225717
vt 0.844577 0.217028
vt 0.235407 0.610457
vt 0.213724 0.658270
vt 0.214461 0.617054
vt 0.313153 0.627712
vt 0.289400 0.614899
vt 0.234777 0.302455
vt 0.206819 0.265526
vt 0.703770 0.252379
vt 0.677544 0.270581
vt 0.689859 0.277398
vt 0.642827 0.323572
vt 0.575014 0.236143
vt 0.567067 0.260289
vt 0.520096 0.200359
vt 0.552086 0.213417
vt 0.525874 0.232596
vt 0.199791 0.783617
vt 0.138822 0.758487
vt 0.177517 0.751066
vt 0.179660 0.779736
vt 0.312449 0.443725
vt 0.236270 0.426549
vt 0.583976 0.919289
vt 0.635291 0.592630
vt 0.647767 0.625021
vt 0.404373 0.384143
vt 0.437093 0.379223
vt 0.449769 0.400663
vt 0.543286 0.272609
vt 0.558992 0.290627
vt 0.565602 0.313773
vt 0.546640 0.258488
vt 0.265566 0.477412
vt 0.289412 0.463140
vt 0.266871 0.493278
vt 0.469842 0.309300
vt 0.432860 0.298564
vt 0.436119 0.280026
vt 0.381393 0.243041
vt 0.630123 0.349171
vt 0.636754 0.308373
vt 0.317234 0.631039
vt 0.329425 0.637158
vt 0.299717 0.650625
vt 0.219876 0.396778
vt 0.168040 0.557184
vt 0.264921 0.222811
vt 0.754982 0.880436
vt 0.756203 0.233816
vt 0.387755 0.283731
vt 0.337166 0.256807
vt 0.391207 0.269407
vt 0.577647 0.350144
vt 0.552588 0.297502
vt 0.634223 0.099125
vt 0.624022 0.063340
vt 0.554071 0.455306
vt 0.165657 0.715199
vt 0.733675 0.235861
vt 0.566203 0.208233
vt 0.525765 0.423736
vt 0.526948 0.437961
vt 0.504179 0.429021
vt 0.555900 0.424895
vt 0.090246 0.748106
vt 0.637811 0.239122
vt 0.646381 0.241056
vt 0.670252 0.199563
vt 0.550456 0.157297
vt 0.528411 0.122608
vt 0.502253 0.090016
vt 0.490463 0.061935
vt 0.529082 0.087536
vt 0.795328 0.703518
vt 0.533031 0.167095
vt 0.503578 0.179014
vt 0.507449 0.131750
vt 0.462931 0.093643
vt 0.485833 0.141602
vt 0.507724 0.304727
vt 0.503546 0.311079
vt 0.744271 0.464246
vt 0.712954 0.513118
vt 0.243549 0.596670
vt 0.325941 0.212656
vt 0.357489 0.222704
vt 0.346728 0.278180
vt 0.387950 0.295391
vt 0.682540 0.525186
vt 0.608514 0.501449
vt 0.635645 0.529327
vt 0.842058 0.866769
vt 0.826807 0.874539
vt 0.867286 0.972374
vt 0.543217 0.071868
vt 0.689136 0.364069
vt 0.703506 0.358685
vt 0.733126 0.378667
vt 0.675422 0.349342
vt 0.884694 0.968311
vt 0.592309 0.549177
vt 0.293925 0.151424
vt 0.315162 0.183687
vt 0.265534 0.157521
vt 0.044106 0.724762
vt 0.858080 0.130396
vt 0.491675 0.207360
vt 0.513503 0.248539
vt 0.529437 0.265846
vt 0.623094 0.901302
vt 0.605239 0.673670
vt 0.267770 0.678137
vt 0.381708 0.372594
vt 0.346776 0.345750
vt 0.837040 0.395456
vt 0.809269 0.391325
vt 0.289411 0.306853
vt 0.311114 0.330004
vt 0.622066 0.104386
vt 0.695863 0.349178
vt 0.736997 0.360300
vt 0.746863 0.342450
vt 0.199963 0.148978
vt 0.185785 0.199985
vt 0.178426 0.160792
vt 0.453125 0.143749
vt 0.464256 0.182764
vt 0.920693 0.290202
vt 0.150947 0.619083
vt 0.116194 0.622067
vt 0.598311 0.390443
vt 0.366712 0.617365
vt 0.210337 0.830575
vt 0.741117 0.053750
vt 0.787538 0.051155
vt 0.136030 0.856488
vt 0.115728 0.897954
vt 0.111250 0.816818
vt 0.300903 0.195961
vt 0.133970 0.689596
vt 0.183547 0.244170
vt 0.176997 0.202682
vt 0.202007 0.281547
vt 0.713970 0.476491
vt 0.499804 0.876673
vt 0.483384 0.862102
vt 0.116400 0.839078
vt 0.047464 0.833508
vt 0.084636 0.825789
vt 0.605642 0.442175
vt 0.654261 0.717625
vt 0.691262 0.731725
vt 0.468015 0.135476
vt 0.477750 0.181895
vt 0.788504 0.281927
vt 0.825603 0.358486
vt 0.798301 0.341115
vt 0.510514 0.327813
vt 0.715596 0.882161
vt 0.733401 0.976671
vt 0.412105 0.608438
vt 0.488335 0.222894
vt 0.076239 0.946853
vt 0.100147 0.918764
vt 0.099660 0.940976
vt 0.779153 0.331897
vt 0.382966 0.138814
vt 0.361066 0.109504
vt 0.339432 0.054210
vt 0.524797 0.303413
vt 0.554839 0.309336
vt 0.514814 0.815790
vt 0.034064 0.816783
vt 0.024876 0.830740
vt 0.010541 0.772941
vt 0.259799 0.512376
vt 0.183929 0.838800
vt 0.748414 0.305999
vt 0.785008 0.322940
vt 0.768759 0.309228
vt 0.099373 0.969049
vt 0.063964 0.967571
vt 0.443557 0.787734
vt 0.648212 0.588281
vt 0.476226 0.632731
vt 0.454750 0.616024
vt 0.548381 0.643991
vt 0.525505 0.640523
vt 0.649537 0.438603
vt 0.580057 0.545014
vt 0.576144 0.602470
vt 0.720752 0.300440
vt 0.693978 0.444849
vt 0.582618 0.388748
vt 0.622619 0.646344
vt 0.347669 0.358881
vt 0.344925 0.370426
vt 0.380734 0.380807
vt 0.719975 0.448061
vt 0.741792 0.433388
vt 0.404508 0.370095
vt 0.434671 0.359686
vt 0.623552 0.358799
vt 0.676678 0.155293
vt 0.630061 0.848450
vt 0.148836 0.789681
vt 0.063681 0.880684
vt 0.093828 0.910456
vt 0.052578 0.898693
vt 0.444826 0.050190
vt 0.708208 0.149571
vt 0.702772 0.165459
vt 0.476693 0.296660
vt 0.439319 0.272196
vt 0.384406 0.232814
vt 0.831144 0.650461
vt 0.725220 0.181177
vt 0.768288 0.151521
vt 0.157106 0.579385
vt 0.640256 0.072237
vt 0.132796 0.656776
vt 0.589399 0.498142
vt 0.593310 0.452296
vt 0.749506 0.601093
vt 0.791459 0.598003
vt 0.790763 0.618500
vt 0.709844 0.183147
vt 0.728534 0.148472
vt 0.730013 0.148486
vt 0.739436 0.368333
vt 0.382879 0.391915
vt 0.326092 0.264484
vt 0.418466 0.306444
vt 0.106038 0.927195
vt 0.205556 0.363115
vt 0.191367 0.333746
vt 0.187106 0.310207
vt 0.953078 0.859492
vt 0.228566 0.815905
vt 0.447313 0.532393
vt 0.240297 0.212147
vt 0.108779 0.945144
vt 0.112639 0.929591
vt 0.136882 0.878242
vt 0.066150 0.685093
vt 0.468768 0.520022
vt 0.487643 0.515015
vt 0.588359 0.690180
vt 0.559469 0.696834
vt 0.577192 0.683753
vt 0.603483 0.686186
vt 0.709059 0.601054
vt 0.589058 0.167907
vt 0.605572 0.139164
vt 0.601614 0.170512
vt 0.066263 0.671502
vt 0.550335 0.685413
vt 0.499477 0.631202
vt 0.509285 0.639627
vt 0.491143 0.642736
vt 0.661161 0.282990
vt 0.275065 0.253894
vt 0.259548 0.230546
vt 0.434581 0.076866
vt 0.403003 0.031406
vt 0.174035 0.165904
vt 0.171183 0.147922
vt 0.191036 0.142349
vt 0.808246 0.334504
vt 0.794660 0.304219
vt 0.472509 0.374041
vt 0.618238 0.313363
vt 0.500316 0.381226
vt 0.537788 0.402505
vt 0.495588 0.394429
vt 0.893624 0.226629
vt 0.444327 0.103000
vt 0.892440 0.958286
vt 0.280117 0.601833
vt 0.265660 0.613668
vt 0.544739 0.397161
vt 0.524499 0.387238
vt 0.873007 0.807458
vt 0.882044 0.097073
vt 0.095507 0.568988
vt 0.248190 0.526737
vt 0.217974 0.529637
vt 0.495827 0.413925
vt 0.701067 0.217422
vt 0.610538 0.475552
vt 0.482871 0.614019
vt 0.216414 0.539895
vt 0.451649 0.413827
vt 0.417020 0.400211
vt 0.612646 0.681150
vt 0.393298 0.606215
vt 0.974484 0.256985
vt 0.960576 0.219786
vt 0.151207 0.285059
vt 0.191768 0.292381
vt 0.611360 0.106639
vt 0.823652 0.368202
vt 0.576490 0.495874
vt 0.570240 0.366656
vt 0.589635 0.373314
vt 0.503483 0.450972
vt 0.705875 0.416803
vt 0.732385 0.419681
vt 0.108635 0.612919
vt 0.110773 0.607152
vt 0.533317 0.410923
vt 0.736702 0.041338
vt 0.798517 0.041788
vt 0.831588 0.057062
vt 0.036554 0.834417
vt 0.420025 0.292720
vt 0.238728 0.543461
vt 0.568056 0.519242
vt 0.564281 0.497524
vt 0.777609 0.623172
vt 0.527160 0.903610
vt 0.613053 0.058024
vt 0.490807 0.367808
vt 0.669554 0.681594
vt 0.026989 0.774853
vt 0.439810 0.349003
vt 0.471631 0.619224
vt 0.488717 0.636392
vt 0.413025 0.440808
vt 0.380700 0.439302
vt 0.060194 0.926806
vt 0.986998 0.291698
vt 0.993984 0.344325
vt 0.983033 0.336256
vt 0.992045 0.319726
vt 0.316646 0.319597
vt 0.414345 0.160934
vt 0.231502 0.783230
vt 0.180536 0.313612
vt 0.240446 0.752012
vt 0.649777 0.638654
vt 0.631723 0.658854
vt 0.914260 0.136594
vt 0.075842 0.673860
vt 0.391675 0.133077
vt 0.415999 0.807738
vt 0.295354 0.580451
vt 0.796500 0.879927
vt 0.242248 0.622436
vt 0.246744 0.234419
vt 0.497620 0.664202
vt 0.507756 0.657947
vt 0.518195 0.673959
vt 0.300855 0.246281
vt 0.077996 0.718602
vt 0.062691 0.688390
vt 0.631865 0.011098
vt 0.647513 0.016208
vt 0.108029 0.918732
vt 0.199320 0.843612
vt 0.769525 0.018910
vt 0.186746 0.846991
vt 0.672741 0.612177
vt 0.233501 0.804659
vt 0.366566 0.045702
vt 0.673677 0.750010
vt 0.218849 0.833578
vt 0.284052 0.666066
vt 0.046769 0.833763
vt 0.013188 0.821468
vt 0.488700 0.691688
vt 0.638916 0.699842
vt 0.400230 0.744733
vt 0.241453 0.613976
vt 0.739091 0.606718
vt 0.001426 0.774653
vt 0.172146 0.492540
vt 0.172524 0.488405
s 1
usemtl color_pelo
f 2849/3015/2622 3131/3016/2623 2741/3017/2624
f 2849/3015/2622 2741/3017/2624 2743/3018/2625
f 3025/3019/2626 3604/3020/2627 2741/3017/2624
f 3025/3019/2626 2741/3017/2624 3131/3016/2623
f 3025/3019/2626 3607/3021/2628 3605/3022/2629
f 3025/3019/2626 3605/3022/2629 3604/3020/2627
f 2742/3023/2630 3605/3022/2629 3607/3021/2628
f 2742/3023/2630 3607/3021/2628 2850/3024/2631
f 2823/3025/2632 3085/3026/2633 3274/3027/2634
f 3085/3026/2633 3360/3028/2635 3274/3027/2634
f 2775/3029/2636 2900/3030/2637 3250/3031/2638
f 3430/3032/2639 2959/3033/2640 2968/3034/2641
f 3011/3035/2642 2873/3036/2643 3333/3037/2644
f 2770/3038/2645 3499/3039/2646 3493/3040/2647
f 3158/3041/2648 2814/3042/2649 3602/3043/2650
f 3158/3041/2648 3602/3043/2650 2789/3044/2651
f 2749/3045/2652 2750/3046/2653 3319/3047/2654
f 2749/3045/2652 3319/3047/2654 2752/3048/2655
f 2750/3046/2653 2749/3045/2652 2752/3048/2655
f 2750/3046/2653 2752/3048/2655 3555/3049/2656
f 3318/3050/2657 3554/3051/2658 2751/3052/2659
f 3541/3053/2660 3493/3040/2647 3177/3054/2661
f 2936/3055/2662 2774/3056/2663 3397/3057/2664
f 3167/3058/2665 3421/3059/2666 3027/3060/2667
f 3147/3061/2668 3102/3062/2669 3340/3063/2670
f 2790/3064/2671 2975/3065/2672 3147/3061/2668
f 2756/3066/2673 3002/3067/2674 2755/3068/2675
f 3003/3069/2676 3486/3070/2677 3365/3071/2678
f 2757/3072/2679 3054/3073/2680 3014/3074/2681
f 2757/3072/2679 2758/3075/2682 3055/3076/2683
f 2758/3075/2682 3270/3077/2684 3055/3076/2683
f 2758/3075/2682 2757/3072/2679 3014/3074/2681
f 2758/3075/2682 3014/3074/2681 3270/3077/2684
f 2834/3078/2685 3335/3079/2686 2759/3080/2687
f 2763/3081/2688 2761/3082/2689 3184/3083/2690
f 2761/3082/2689 2862/3084/2691 3184/3083/2690
f 2761/3082/2689 2763/3081/2688 2762/3085/2692
f 2761/3082/2689 2762/3085/2692 2862/3084/2691
f 2904/3086/2693 3513/3087/2694 2913/3088/2695
f 2862/3084/2691 2762/3085/2692 2763/3081/2688
f 2856/3089/2696 3141/3090/2697 3424/3091/2698
f 3480/3092/2699 3257/3093/2700 2891/3094/2701
f 3094/3095/2702 2910/3096/2703 2858/3097/2704
f 3368/3098/2705 3248/3099/2706 3329/3100/2707
f 2868/3101/2708 2745/3102/2709 3040/3103/2710
f 3591/3104/2711 3320/3105/2712 3283/3106/2713
f 2768/3107/2714 2926/3108/2715 2802/3109/2716
f 3234/3110/2717 2904/3086/2693 3259/3111/2718
f 2769/3112/2719 3202/3113/2720 2926/3108/2715
f 3276/3114/2721 3437/3115/2722 2840/3116/2723
f 3503/3117/2724 3214/3118/2725 3138/3119/2726
f 3100/3120/2727 3432/3121/2728 3435/3122/2729
f 2826/3123/2730 3196/3124/2731 2863/3125/2732
f 3197/3126/2733 3403/3127/2734 2909/3128/2735
f 2773/3129/2736 3426/3130/2737 2923/3131/2738
f 3370/3132/2739 2801/3133/2740 3240/3134/2741
f 2868/3101/2708 3367/3135/2742 3211/3136/2743
f 3109/3137/2744 2748/3138/2745 2949/3139/2746
f 3561/3140/2747 2833/3141/2748 2808/3142/2749
f 3568/3143/2750 3095/3144/2751 3079/3145/2752
f 3595/3146/2753 3254/3147/2754 3220/3148/2755
f 3083/3149/2756 3232/3150/2757 3593/3151/2758
f 2901/3152/2759 3060/3153/2760 2777/3154/2761
f 2879/3155/2762 2901/3152/2759 2888/3156/2763
f 3115/3157/2764 3297/3158/2765 2958/3159/2766
f 2756/3066/2673 2755/3068/2675 2779/3160/2767
f 3070/3161/2768 3344/3162/2769 2990/3163/2770
f 2847/3164/2771 2776/3165/2772 2780/3166/2773
f 2973/3167/2774 2766/3168/2775 3151/3169/2776
f 3547/3170/2777 3374/3171/2778 2815/3172/2779
f 3093/3173/2780 2887/3174/2781 2933/3175/2782
f 3397/3057/2664 2774/3056/2663 2818/3176/2783
f 3379/3177/2784 2895/3178/2785 3164/3179/2786
f 3400/3180/2787 2919/3181/2788 2851/3182/2789
f 3390/3183/2790 2756/3066/2673 2779/3160/2767
f 3317/3184/2791 3009/3185/2792 2974/3186/2793
f 2839/3187/2794 3334/3188/2795 3188/3189/2796
f 3600/3190/2797 3463/3191/2798 3334/3188/2795
f 2799/3192/2799 2860/3193/2800 3327/3194/2801
f 3136/3195/2802 2789/3044/2651 3602/3043/2650
f 3136/3195/2802 3602/3043/2650 3130/3196/2803
f 3481/3197/2804 3490/3198/2805 3140/3199/2806
f 2938/3200/2807 2819/3201/2808 3192/3202/2809
f 2795/3203/2810 3311/3204/2811 3331/3205/2812
f 3468/3206/2813 2999/3207/2814 3211/3136/2743
f 3477/3208/2815 3070/3161/2768 2990/3163/2770
f 3193/3209/2816 2791/3210/2817 3280/3211/2818
f 3382/3212/2819 2977/3213/2820 3405/3214/2821
f 3426/3130/2737 2773/3129/2736 3579/3215/2822
f 3296/3216/2823 2922/3217/2824 2906/3218/2825
f 3551/3219/2826 3057/3220/2827 2793/3221/2828
f 2902/3222/2829 2953/3223/2830 3352/3224/2831
f 2787/3225/2832 2851/3182/2789 3199/3226/2833
f 2966/3227/2834 2835/3228/2835 3140/3199/2806
f 2795/3203/2810 3136/3195/2802 3130/3196/2803
f 3575/3229/2836 3440/3230/2837 3361/3231/2838
f 3577/3232/2839 3368/3098/2705 3109/3137/2744
f 3248/3099/2706 2935/3233/2840 3292/3234/2841
f 3282/3235/2842 2962/3236/2843 3111/3237/2844
f 3101/3238/2845 2965/3239/2846 3291/3240/2847
f 2837/3241/2848 3320/3105/2712 3591/3104/2711
f 3222/3242/2849 3306/3243/2850 3160/3244/2851
f 3251/3245/2852 2977/3213/2820 3209/3246/2853
f 2959/3033/2640 3045/3247/2854 2968/3034/2641
f 3440/3230/2837 3172/3248/2855 3321/3249/2856
f 3255/3250/2857 3321/3249/2856 3063/3251/2858
f 3237/3252/2859 2759/3080/2687 3335/3079/2686
f 3099/3253/2860 2794/3254/2861 2841/3255/2723
f 2796/3256/2862 3097/3257/2863 2935/3233/2840
f 2902/3222/2829 3352/3224/2831 3005/3258/2864
f 2974/3186/2793 3004/3259/2865 3084/3260/2866
f 2956/3261/2867 3422/3262/2868 3158/3041/2648
f 2956/3261/2867 3158/3041/2648 2789/3044/2651
f 2838/3263/2869 3032/3264/2870 3524/3265/2871
f 2776/3165/2772 3284/3266/2872 2780/3166/2773
f 3263/3267/2873 2806/3268/2874 2864/3269/2875
f 3128/3270/2876 2890/3271/2877 3195/3272/2878
f 3579/3215/2822 3208/3273/2879 2962/3236/2843
f 3165/3274/2880 2867/3275/2881 3208/3273/2879
f 3387/3276/2882 3261/3277/2883 3327/3194/2801
f 2809/3278/2884 3179/3279/2885 2869/3280/2886
f 3443/3281/2887 2888/3156/2763 3050/3282/2888
f 3082/3283/2889 3016/3284/2890 2811/3285/2891
f 3226/3286/2892 3082/3283/2889 3219/3287/2893
f 2812/3288/2894 3123/3289/2895 2881/3290/2896
f 3164/3179/2786 2895/3178/2785 2952/3291/2897
f 2927/3292/2898 2816/3293/2899 2905/3294/2900
f 2844/3295/2901 3390/3183/2790 2779/3160/2767
f 3483/3296/2902 3070/3161/2768 2754/3297/2903
f 3547/3170/2777 2815/3172/2779 2746/3298/2904
f 3179/3279/2885 3115/3157/2764 2869/3280/2886
f 3416/3299/2905 2816/3293/2899 3323/3300/2906
f 3274/3027/2634 3458/3301/2907 3567/3302/2908
f 3466/3303/2909 2765/3304/2910 3308/3305/2911
f 3553/3306/2912 2800/3307/2913 3395/3308/2914
f 2922/3217/2824 3397/3057/2664 2818/3176/2783
f 3415/3309/2915 3572/3310/2916 3164/3179/2786
f 2884/3311/2917 3483/3296/2902 2754/3297/2903
f 2926/3108/2715 3202/3113/2720 2802/3109/2716
f 3404/3312/2918 2760/3313/2919 3113/3314/2920
f 3488/3315/2921 2942/3316/2922 2900/3030/2637
f 3281/3317/2923 3398/3318/2924 3305/3319/2925
f 3086/3320/2926 2853/3321/2927 2822/3322/2928
f 3201/3323/2929 3553/3306/2912 3189/3324/2930
f 2879/3155/2762 3060/3153/2760 2901/3152/2759
f 3146/3325/2931 3040/3103/2710 3125/3326/2932
f 3269/3327/2933 2974/3186/2793 2824/3328/2934
f 3206/3329/2935 3525/3330/2936 2844/3295/2901
f 2859/3331/2800 2798/3332/2937 3306/3243/2850
f 2833/3141/2748 3135/3333/2938 2808/3142/2749
f 3233/3334/2939 2964/3335/2940 2826/3123/2730
f 2995/3336/2941 3052/3337/2942 3117/3338/2943
f 3144/3339/2944 2828/3340/2945 3581/3341/2946
f 3105/3342/2947 3180/3343/2948 2796/3256/2862
f 2996/3344/2949 2932/3345/2950 3349/3346/2951
f 3229/3347/2952 2932/3345/2950 2898/3348/2953
f 2830/3349/2954 3284/3266/2872 3573/3350/2955
f 2864/3269/2875 3531/3351/2956 3263/3267/2873
f 3546/3352/2957 3343/3353/2958 3105/3342/2947
f 2949/3139/2746 3383/3354/2959 3451/3355/2960
f 2825/3356/2961 3455/3357/2962 2832/3358/2963
f 3283/3106/2713 2825/3356/2961 2963/3359/2964
f 3569/3360/2965 2987/3361/2966 3156/3362/2967
f 3335/3079/2686 2834/3078/2685 3369/3363/2968
f 2979/3364/2969 2835/3228/2835 3472/3365/2970
f 3351/3366/2971 2794/3254/2861 3464/3367/2972
f 2772/3368/2973 3075/3369/2974 3190/3370/2975
f 3042/3371/2976 2786/3372/2977 2837/3241/2848
f 3042/3371/2976 2837/3241/2848 3453/3373/2978
f 3446/3374/2979 3255/3250/2857 3063/3251/2858
f 3446/3374/2979 3063/3251/2858 2951/3375/2980
f 2838/3263/2869 2830/3349/2954 3220/3148/2755
f 2838/3263/2869 3220/3148/2755 3032/3264/2870
f 3155/3376/2981 2839/3187/2794 3188/3189/2796
f 3542/3377/2982 3304/3378/2983 2918/3379/2984
f 2760/3313/2919 3404/3312/2918 3215/3380/2985
f 2957/3381/2986 2998/3382/2987 3235/3383/2988
f 3452/3384/2989 3381/3385/2990 3073/3386/2991
f 3448/3387/2992 3376/3388/2993 3139/3389/2994
f 3496/3390/2995 3011/3035/2642 3333/3037/2644
f 3006/3391/2996 3048/3392/2997 3353/3393/2998
f 3453/3373/2978 2993/3394/2999 3090/3395/3000
f 3453/3373/2978 3090/3395/3000 3042/3371/2976
f 3592/3396/3001 3539/3397/3002 3588/3398/3003
f 3261/3277/2883 3077/3399/3004 2846/3400/3005
f 2954/3401/3006 3037/3402/3007 3471/3403/3008
f 2954/3401/3006 3171/3404/3009 3450/3405/3010
f 3513/3087/2694 2848/3406/3011 2913/3088/2695
f 3504/3407/3012 2954/3401/3006 3127/3408/3013
f 2960/3409/3014 3294/3410/3015 3152/3411/3016
f 3366/3412/3017 3547/3170/2777 2746/3298/2904
f 3199/3226/2833 2851/3182/2789 3441/3413/3018
f 3288/3414/3019 3432/3121/2728 3100/3120/2727
f 3144/3339/2944 3180/3343/2948 3310/3415/3020
f 2930/3416/3021 2747/3417/3022 2856/3089/2696
f 2929/3418/3023 3265/3419/3024 2885/3420/3025
f 3543/3421/3026 3358/3422/3027 2857/3423/3028
f 2807/3424/3029 2882/3425/3030 3240/3134/2741
f 3017/3426/3031 2858/3097/2704 2966/3227/2834
f 2851/3182/2789 3377/3427/3032 3400/3180/2787
f 3306/3243/2850 3222/3242/2849 2859/3331/2800
f 3261/3277/2883 3387/3276/2882 3077/3399/3004
f 2947/3428/3033 3150/3429/3034 2861/3430/3035
f 3057/3220/2827 3312/3431/3036 2793/3221/2828
f 3253/3432/3037 3184/3083/2690 2862/3084/2691
f 3127/3408/3013 2946/3433/3038 2889/3434/3039
f 3265/3419/3024 3372/3435/3040 3008/3436/3041
f 3013/3437/3042 2912/3438/3043 3469/3439/3044
f 2961/3440/3045 3059/3441/3046 3339/3442/3047
f 3599/3443/3048 3330/3444/3049 3254/3147/2754
f 3546/3352/2957 3451/3355/2960 3343/3353/2958
f 3332/3445/3050 2969/3446/3051 2925/3447/3052
f 2971/3448/3053 3193/3209/2816 3280/3211/2818
f 3346/3449/3054 3505/3450/3055 3121/3451/3056
f 3560/3452/3057 3208/3273/2879 2867/3275/2881
f 3556/3453/3058 3560/3452/3057 2867/3275/2881
f 3446/3374/2979 3534/3454/3059 3468/3206/2813
f 3446/3374/2979 3468/3206/2813 3255/3250/2857
f 2892/3455/3060 3228/3456/3061 2786/3372/2977
f 2892/3455/3060 2786/3372/2977 3042/3371/2976
f 3115/3157/2764 3562/3457/3062 2869/3280/2886
f 3286/3458/3063 3030/3459/3064 3562/3457/3062
f 3028/3460/3065 3549/3461/3066 3168/3462/3067
f 3123/3289/2895 2872/3463/3068 2881/3290/2896
f 3077/3399/3004 3066/3464/3069 2846/3400/3005
f 3508/3465/3070 2893/3466/3071 3384/3467/3072
f 2931/3468/3073 3072/3469/3074 2874/3470/3075
f 2874/3470/3075 3195/3272/2878 2890/3271/2877
f 3548/3471/3076 3039/3472/3077 3058/3473/3078
f 3569/3360/2965 2945/3474/3079 3515/3475/3080
f 2960/3409/3014 3152/3411/3016 3124/3476/3081
f 2845/3477/3082 2876/3478/3083 3124/3476/3081
f 3297/3158/2765 3275/3479/3084 2958/3159/2766
f 3093/3173/2780 3103/3480/3085 2885/3420/3025
f 3309/3481/3086 3219/3287/2893 2878/3482/3087
f 3389/3483/3088 2806/3268/2874 3326/3484/3089
f 3116/3485/3090 2947/3428/3033 3012/3486/3091
f 3150/3429/3034 2947/3428/3033 3116/3485/3090
f 3463/3191/2798 3308/3305/2911 2765/3304/2910
f 3363/3487/3092 3279/3488/3093 3045/3247/2854
f 3556/3453/3058 2882/3425/3030 2807/3424/3029
f 2883/3489/3094 3411/3490/3095 3290/3491/3096
f 3170/3492/3097 2883/3489/3094 2882/3425/3030
f 3224/3493/3098 3246/3494/3099 3482/3495/3100
f 3019/3496/3101 3508/3465/3070 3384/3467/3072
f 2877/3497/3102 2885/3420/3025 3033/3498/3103
f 3452/3384/2989 3598/3499/3104 2778/3500/3105
f 2886/3501/3106 3338/3502/3107 3341/3503/3108
f 2819/3201/2808 3351/3366/2971 2886/3501/3106
f 3522/3504/3109 3586/3505/3110 2924/3506/3111
f 2781/3507/3112 3601/3508/3113 2815/3172/2779
f 3433/3509/3114 3150/3429/3034 3116/3485/3090
f 3262/3510/3115 2793/3221/2828 3433/3509/3114
f 3074/3511/3116 2848/3406/3011 3260/3512/3117
f 3287/3513/3118 3137/3514/3119 3260/3512/3117
f 2914/3515/3120 3309/3481/3086 3417/3516/3121
f 2920/3517/3122 3049/3518/3123 3460/3519/3124
f 2891/3094/2701 3257/3093/2700 3026/3520/3125
f 3173/3521/3126 3247/3522/3127 3268/3523/3128
f 3444/3524/3129 3228/3456/3061 2892/3455/3060
f 3479/3525/3130 3444/3524/3129 3588/3398/3003
f 2893/3466/3071 3418/3526/3131 2884/3311/2917
f 3285/3527/3132 3157/3528/3133 3353/3393/2998
f 2813/3529/3134 3092/3530/3135 3126/3531/3136
f 3416/3299/2905 3458/3301/2907 2816/3293/2899
f 2896/3532/3137 3142/3533/3138 2944/3534/3139
f 3460/3519/3124 3049/3518/3123 3412/3535/3140
f 3313/3536/3141 3592/3396/3001 3046/3537/3142
f 3313/3536/3141 3046/3537/3142 3090/3395/3000
f 3527/3538/3143 2850/3024/2631 3607/3021/2628
f 3203/3539/3144 2897/3540/3145 3024/3541/3146
f 2897/3540/3145 3359/3542/3147 3024/3541/3146
f 3082/3283/2889 3461/3543/3148 3016/3284/2890
f 3137/3514/3119 2797/3544/3149 3260/3512/3117
f 3406/3545/3150 2899/3546/3151 2941/3547/3152
f 2781/3507/3112 2815/3172/2779 3374/3171/2778
f 2810/3548/2884 2901/3152/2759 2777/3154/2761
f 2809/3278/2884 2869/3280/2886 2907/3549/3153
f 3005/3258/2864 3332/3445/3050 3425/3550/3154
f 3312/3431/3036 2861/3430/3035 3150/3429/3034
f 2903/3551/3155 2775/3029/2636 3250/3031/2638
f 2904/3086/2693 3194/3552/3156 2763/3081/2688
f 3259/3111/2718 2904/3086/2693 2926/3108/2715
f 3178/3553/3157 3182/3554/3158 3081/3555/3159
f 3182/3554/3158 3332/3445/3050 2925/3447/3052
f 2944/3534/3139 3159/3556/3160 2906/3218/2825
f 3552/3557/3161 3541/3053/2660 3177/3054/2661
f 3050/3282/2888 2888/3156/2763 2901/3152/2759
f 2901/3152/2759 2810/3548/2884 3050/3282/2888
f 2909/3128/2735 3403/3127/2734 3117/3338/2943
f 3421/3059/2666 2750/3046/2653 3555/3049/2656
f 3032/3264/2870 2948/3558/3162 3302/3559/3163
f 3246/3494/3099 3224/3493/3098 2911/3560/3164
f 3321/3249/2856 3361/3231/2838 3440/3230/2837
f 3265/3419/3024 3008/3436/3041 2885/3420/3025
f 2885/3420/3025 3408/3561/3165 3033/3498/3103
f 2763/3081/2688 3194/3552/3156 2862/3084/2691
f 3345/3562/3166 3253/3432/3037 2862/3084/2691
f 3326/3484/3089 2806/3268/2874 2914/3515/3120
f 2890/3271/2877 3399/3563/3167 2874/3470/3075
f 3174/3564/3168 2915/3565/3169 3132/3566/3170
f 3428/3567/3171 2911/3560/3164 2915/3565/3169
f 3503/3117/2724 2916/3568/3172 3214/3118/2725
f 2778/3500/3105 2912/3438/3043 3013/3437/3042
f 2917/3569/3173 3059/3441/3046 3573/3350/2955
f 3047/3570/3174 3573/3350/2955 3439/3571/3175
f 3295/3572/3176 2921/3573/3177 2931/3468/3073
f 3264/3574/3178 2817/3575/3179 3314/3576/3180
f 3028/3460/3065 2753/3577/3181 3549/3461/3066
f 3049/3518/3123 2920/3517/3122 3038/3578/3182
f 3301/3579/3183 3034/3580/3184 3038/3578/3182
f 2991/3581/3185 2817/3575/3179 3264/3574/3178
f 3252/3582/3186 2991/3581/3185 3034/3580/3184
f 2922/3217/2824 3112/3583/3187 2906/3218/2825
f 2748/3138/2745 3112/3583/3187 3582/3584/3188
f 3054/3073/2680 2756/3066/2673 3289/3585/3189
f 2804/3586/3190 3289/3585/3189 2756/3066/2673
f 3294/3410/3015 3110/3587/3191 2924/3506/3111
f 2924/3506/3111 3110/3587/3191 3522/3504/3109
f 2925/3447/3052 3149/3588/3192 3053/3589/3193
f 3081/3555/3159 3359/3542/3147 2897/3540/3145
f 2926/3108/2715 2763/3081/2688 2769/3112/2719
f 2904/3086/2693 2763/3081/2688 2926/3108/2715
f 3572/3310/2916 3415/3309/2915 2897/3540/3145
f 3574/3590/3194 3178/3553/3157 3043/3591/3195
f 2824/3328/2934 3221/3592/3196 3206/3329/2935
f 3048/3392/2997 3129/3593/3197 3000/3594/3198
f 2820/3595/3199 2747/3417/3022 2930/3416/3021
f 3488/3315/2921 3118/3596/3200 3492/3597/3201
f 2839/3187/2794 3072/3469/3074 2931/3468/3073
f 3466/3303/2909 3476/3598/3202 3314/3576/3180
f 2829/3599/3203 2950/3600/3204 2875/3601/3205
f 3282/3235/2842 3111/3237/2844 3550/3602/3206
f 3093/3173/2780 2933/3175/2782 3103/3480/3085
f 3590/3603/3207 3492/3597/3201 3118/3596/3200
f 3048/3392/2997 2934/3604/3208 3129/3593/3197
f 3006/3391/2996 2934/3604/3208 3048/3392/2997
f 3248/3099/2706 3368/3098/2705 2935/3233/2840
f 2935/3233/2840 3368/3098/2705 3577/3232/2839
f 3397/3057/2664 2801/3133/2740 2936/3055/2662
f 3428/3567/3171 2915/3565/3169 3174/3564/3168
f 3409/3605/3209 2831/3606/3210 2937/3607/3211
f 2827/3608/3212 3138/3119/2726 3214/3118/2725
f 2938/3200/2807 3192/3202/2809 3481/3197/2804
f 3594/3609/3213 2835/3228/2835 2979/3364/2969
f 2985/3610/3214 3460/3519/3124 2939/3611/3215
f 2896/3532/3137 3552/3557/3161 3533/3612/3216
f 2846/3400/3005 3066/3464/3069 3498/3613/3217
f 3011/3035/2642 3133/3614/3218 2873/3036/2643
f 3305/3319/2925 3398/3318/2924 2933/3175/2782
f 2933/3175/2782 3398/3318/2924 3589/3615/3219
f 3416/3299/2905 3596/3616/3220 2943/3617/3221
f 3040/3103/2710 3146/3325/2931 3012/3486/3091
f 3219/3287/2893 3159/3556/3160 2944/3534/3139
f 3219/3287/2893 2944/3534/3139 2878/3482/3087
f 3156/3362/2967 2945/3474/3079 3569/3360/2965
f 2834/3078/2685 3067/3618/3222 3238/3619/3223
f 3194/3552/3156 3345/3562/3166 2862/3084/2691
f 2848/3406/3011 3074/3511/3116 2913/3088/2695
f 2861/3430/3035 3436/3620/3224 2947/3428/3033
f 2947/3428/3033 3489/3621/3225 3012/3486/3091
f 2948/3558/3162 3191/3622/3226 3302/3559/3163
f 3220/3148/2755 3254/3147/2754 3191/3622/3226
f 2949/3139/2746 3451/3355/2960 3546/3352/2957
f 2796/3256/2862 2935/3233/2840 3577/3232/2839
f 2898/3348/2953 2932/3345/2950 3564/3623/3227
f 3078/3624/3228 2932/3345/2950 3108/3625/3229
f 2786/3372/2977 3446/3374/2979 2951/3375/2980
f 2786/3372/2977 2951/3375/2980 2837/3241/2848
f 3320/3105/2712 2837/3241/2848 2951/3375/2980
f 2952/3291/2897 2895/3178/2785 2927/3292/2898
f 2905/3294/2900 3043/3591/3195 2927/3292/2898
f 3448/3387/2992 3143/3626/3230 3376/3388/2993
f 3057/3220/2827 2744/3627/3231 3062/3628/3232
f 3439/3571/3175 2954/3401/3006 3450/3405/3010
f 3037/3402/3007 2954/3401/3006 2847/3164/2771
f 2918/3379/2984 2955/3629/3233 2980/3630/3234
f 3252/3582/3186 3034/3580/3184 3301/3579/3183
f 2956/3261/2867 2789/3044/2651 3136/3195/2802
f 2956/3261/2867 3136/3195/2802 3172/3248/2855
f 2998/3382/2987 2957/3381/2986 3373/3631/3235
f 2759/3080/2687 3373/3631/3235 3486/3070/2677
f 2866/3632/3236 3115/3157/2764 2958/3159/2766
f 3169/3633/3237 2866/3632/3236 3193/3209/2816
f 3045/3247/2854 2959/3033/2640 3363/3487/3092
f 2960/3409/3014 3124/3476/3081 2876/3478/3083
f 3283/3106/2713 2963/3359/2964 3366/3412/3017
f 2961/3440/3045 3339/3442/3047 3389/3483/3088
f 3128/3270/2876 3389/3483/3088 3326/3484/3089
f 3358/3422/3027 3208/3273/2879 2807/3424/3029
f 3358/3422/3027 2807/3424/3029 3362/3634/3238
f 3374/3171/2778 2963/3359/2964 3249/3635/3239
f 2832/3358/2963 2963/3359/2964 2825/3356/2961
f 2964/3335/2940 3454/3636/3240 2826/3123/2730
f 3424/3091/2698 3075/3369/2974 2772/3368/2973
f 2898/3348/2953 2965/3239/2846 3101/3238/2845
f 3137/3514/3119 3461/3543/3148 3082/3283/2889
f 2835/3228/2835 2966/3227/2834 3472/3365/2970
f 3223/3637/3241 3175/3638/3242 2966/3227/2834
f 2800/3307/2913 3587/3639/3243 3512/3640/3244
f 2863/3125/2732 3196/3124/2731 3241/3641/3245
f 3149/3588/3192 3343/3353/2958 3053/3589/3193
f 3352/3224/2831 2831/3606/3210 3475/3642/3246
f 3033/3498/3103 3598/3499/3104 2970/3643/3247
f 3073/3386/2991 2791/3210/2817 3452/3384/2989
f 3551/3219/2826 2972/3644/3248 2843/3645/3249
f 3262/3510/3115 3433/3509/3114 3355/3646/3250
f 3184/3083/2690 2766/3168/2775 2973/3167/2774
f 2819/3201/2808 2769/3112/2719 3192/3202/2809
f 2974/3186/2793 3242/3647/3251 3221/3592/3196
f 3221/3592/3196 2824/3328/2934 2974/3186/2793
f 2790/3064/2671 3185/3648/3252 3544/3649/3253
f 2957/3381/2986 3235/3383/2988 3365/3071/2678
f 3196/3124/2731 3502/3650/3254 3241/3641/3245
f 3176/3651/3255 3385/3652/3256 3502/3650/3254
f 2883/3489/3094 2978/3653/3257 2882/3425/3030
f 2882/3425/3030 3370/3132/2739 3240/3134/2741
f 3351/3366/2971 2979/3364/2969 2794/3254/2861
f 3277/3654/2721 3199/3226/2833 2783/3655/3258
f 2920/3517/3122 3460/3519/3124 2985/3610/3214
f 3161/3656/3259 3301/3579/3183 3271/3657/3260
f 2981/3658/3261 2926/3108/2715 2768/3107/2714
f 3348/3659/3262 2987/3361/2966 3096/3660/3263
f 2982/3661/3264 2922/3217/2824 2818/3176/2783
f 3112/3583/3187 2922/3217/2824 2982/3661/3264
f 2799/3192/2799 3018/3662/3265 2984/3663/3266
f 2798/3332/2937 2983/3664/3267 3306/3243/2850
f 2980/3630/3234 2955/3629/3233 3271/3657/3260
f 2980/3630/3234 3271/3657/3260 3166/3665/3268
f 2997/3666/3269 3236/3667/3270 2986/3668/3271
f 2881/3290/2896 3279/3488/3093 2812/3288/2894
f 3540/3669/3272 3108/3625/3229 2996/3344/2949
f 2996/3344/2949 3108/3625/3229 2932/3345/2950
f 3432/3121/2728 3462/3670/3273 2988/3671/3274
f 3566/3672/3275 3144/3339/2944 3581/3341/2946
f 2782/3673/3276 2989/3674/3277 2906/3218/2825
f 2944/3534/3139 2906/3218/2825 2989/3674/3277
f 2990/3163/2770 3344/3162/2769 3080/3675/3278
f 3288/3414/3019 3100/3120/2727 2918/3379/2984
f 2918/3379/2984 3100/3120/2727 2955/3629/3233
f 2992/3676/3279 3509/3677/3280 3565/3678/3275
f 2916/3568/3172 3209/3246/2853 3214/3118/2725
f 3453/3373/2978 2845/3477/3082 2993/3394/2999
f 2845/3477/3082 3162/3679/3281 2993/3394/2999
f 3396/3680/3282 3196/3124/2731 2826/3123/2730
f 2826/3123/2730 3454/3636/3240 3396/3680/3282
f 3234/3110/2717 3259/3111/2718 3007/3681/3283
f 3213/3682/3284 3007/3681/3283 3256/3683/3285
f 2986/3668/3271 2880/3684/3286 2997/3666/3269
f 2880/3684/3286 2870/3685/3287 2997/3666/3269
f 3215/3380/2985 2998/3382/2987 2760/3313/2919
f 3102/3062/2669 3147/3061/2668 3293/3686/3288
f 2999/3207/2814 2868/3101/2708 3211/3136/2743
f 2868/3101/2708 3593/3151/2758 2745/3102/2709
f 3000/3594/3198 2824/3328/2934 2928/3687/3289
f 3290/3491/3096 3269/3327/2933 2824/3328/2934
f 3222/3242/2849 3076/3688/3290 3386/3689/3291
f 3130/3196/2803 3602/3043/2650 3107/3690/3292
f 3130/3196/2803 3107/3690/3292 3501/3691/3293
f 3003/3069/2676 2834/3078/2685 2759/3080/2687
f 3486/3070/2677 3003/3069/2676 2759/3080/2687
f 2784/3692/3294 2867/3275/2881 3004/3259/2865
f 2883/3489/3094 3170/3492/3097 3411/3490/3095
f 3005/3258/2864 3352/3224/2831 3475/3642/3246
f 3332/3445/3050 3005/3258/2864 2969/3446/3051
f 2814/3042/2649 3496/3390/2995 3107/3690/3292
f 2814/3042/2649 3107/3690/3292 3602/3043/2650
f 2814/3042/2649 3272/3693/3295 3337/3694/3296
f 3007/3681/3283 2996/3344/2949 2792/3695/3297
f 3540/3669/3272 2996/3344/2949 3007/3681/3283
f 3008/3436/3041 3469/3439/3044 2912/3438/3043
f 3033/3498/3103 3408/3561/3165 3598/3499/3104
f 3054/3073/2680 3289/3585/3189 3014/3074/2681
f 2867/3275/2881 3165/3274/2880 3434/3696/3298
f 3397/3057/2664 3299/3697/3299 2801/3133/2740
f 3016/3284/2890 3159/3556/3160 2811/3285/2891
f 3011/3035/2642 3267/3698/3300 3133/3614/3218
f 3157/3528/3133 3267/3698/3300 3353/3393/2998
f 3239/3699/3301 3012/3486/3091 3489/3621/3225
f 3183/3700/3302 3239/3699/3301 3371/3701/3303
f 2916/3568/3172 2778/3500/3105 3013/3437/3042
f 3251/3245/2852 3405/3214/2821 2977/3213/2820
f 3014/3074/2681 3548/3471/3076 3058/3473/3078
f 3014/3074/2681 3031/3702/3304 3597/3703/3305
f 3015/3704/3306 3092/3530/3135 2813/3529/3134
f 3217/3705/3307 3015/3704/3306 3323/3300/2906
f 2857/3423/3028 3016/3284/2890 3537/3706/3308
f 3299/3697/3299 3240/3134/2741 2801/3133/2740
f 3140/3199/2806 3017/3426/3031 2966/3227/2834
f 3200/3707/3309 2838/3263/2869 3524/3265/2871
f 3018/3662/3265 2808/3142/2749 3135/3333/2938
f 3019/3496/3101 2846/3400/3005 2940/3708/3310
f 3020/3709/3311 2863/3125/2732 3241/3641/3245
f 3020/3709/3311 3173/3521/3126 3268/3523/3128
f 3021/3710/3312 3231/3711/3313 3465/3712/2909
f 2817/3575/3179 2991/3581/3185 3022/3713/3314
f 3094/3095/2702 3266/3714/3315 3200/3707/3309
f 2847/3164/2771 2780/3166/2773 3029/3715/3316
f 3203/3539/3144 3024/3541/3146 3218/3716/3317
f 3410/3717/3318 2865/3718/3319 3383/3354/2959
f 3131/3016/2623 3539/3397/3002 3592/3396/3001
f 3131/3016/2623 3592/3396/3001 3025/3019/2626
f 3025/3019/2626 3592/3396/3001 3313/3536/3141
f 3025/3019/2626 3313/3536/3141 3607/3021/2628
f 3233/3334/2939 3026/3520/3125 2964/3335/2940
f 3233/3334/2939 3020/3709/3311 3268/3523/3128
f 3421/3059/2666 3555/3049/2656 3027/3060/2667
f 3123/3289/2895 3394/3719/3320 2872/3463/3068
f 3029/3715/3316 2780/3166/2773 3266/3714/3315
f 3192/3202/2809 3431/3720/3321 3380/3721/3322
f 3505/3450/3055 2869/3280/2886 3562/3457/3062
f 2869/3280/2886 3505/3450/3055 3578/3722/3323
f 3031/3702/3304 3014/3074/2681 3009/3185/2792
f 3434/3696/3298 3009/3185/2792 3317/3184/2791
f 3524/3265/2871 3032/3264/2870 2910/3096/2703
f 3032/3264/2870 3302/3559/3163 3414/3723/3324
f 3275/3479/3084 2970/3643/3247 2791/3210/2817
f 3529/3724/3325 3275/3479/3084 2791/3210/2817
f 2921/3573/3177 3038/3578/3182 3034/3580/3184
f 3034/3580/3184 2991/3581/3185 3264/3574/3178
f 3035/3725/3326 3445/3726/3327 3129/3593/3197
f 3035/3725/3326 3129/3593/3197 2934/3604/3208
f 3036/3727/3328 3364/3728/3329 3494/3729/3330
f 2779/3160/2767 2755/3068/2675 3036/3727/3328
f 3037/3402/3007 2847/3164/2771 3029/3715/3316
f 3216/3730/3331 3273/3731/3332 3023/3732/3333
f 3295/3572/3176 3038/3578/3182 2921/3573/3177
f 3295/3572/3176 3399/3563/3167 3038/3578/3182
f 3515/3475/3080 2923/3131/2738 3426/3130/2737
f 2875/3601/3205 3576/3733/3334 3515/3475/3080
f 3430/3032/2639 3197/3126/2733 2909/3128/2735
f 3204/3734/3335 3040/3103/2710 3183/3700/3302
f 3040/3103/2710 3367/3135/2742 2868/3101/2708
f 3041/3735/3336 3360/3028/2635 3085/3026/2633
f 3043/3591/3195 2905/3294/2900 3574/3590/3194
f 3046/3537/3142 2892/3455/3060 3042/3371/2976
f 3046/3537/3142 3042/3371/2976 3090/3395/3000
f 3467/3736/3337 2897/3540/3145 3415/3309/2915
f 2927/3292/2898 3467/3736/3337 2952/3291/2897
f 3236/3667/3270 3061/3737/3338 2986/3668/3271
f 3395/3308/2914 2800/3307/2913 3512/3640/3244
f 3046/3537/3142 3592/3396/3001 3588/3398/3003
f 2917/3569/3173 3573/3350/2955 3047/3570/3174
f 3079/3145/2752 3263/3267/2873 3531/3351/2956
f 3048/3392/2997 3000/3594/3198 2928/3687/3289
f 3048/3392/2997 3285/3527/3132 3353/3393/2998
f 3399/3563/3167 3049/3518/3123 3038/3578/3182
f 3049/3518/3123 2914/3515/3120 3417/3516/3121
f 2810/3548/2884 2908/3738/3153 3050/3282/2888
f 3347/3739/3054 3258/3740/3339 3050/3282/2888
f 3571/3741/3340 3190/3370/2975 3052/3337/2942
f 2964/3335/2940 3570/3742/3341 3454/3636/3240
f 3343/3353/2958 2865/3718/3319 3053/3589/3193
f 3359/3542/3147 2865/3718/3319 3410/3717/3318
f 3054/3073/2680 3002/3067/2674 2756/3066/2673
f 2834/3078/2685 3003/3069/2676 3067/3618/3222
f 3063/3251/2858 3056/3743/3342 2951/3375/2980
f 2951/3375/2980 3160/3244/2851 3320/3105/2712
f 3057/3220/2827 3062/3628/3232 2953/3223/2830
f 2953/3223/2830 3205/3744/3343 3057/3220/2827
f 3238/3619/3223 3270/3077/2684 3039/3472/3077
f 3270/3077/2684 3238/3619/3223 3067/3618/3222
f 3059/3441/3046 2961/3440/3045 3599/3443/3048
f 3573/3350/2955 3059/3441/3046 2830/3349/2954
f 3060/3153/2760 3232/3150/2757 2777/3154/2761
f 3040/3103/2710 2745/3102/2709 3125/3326/2932
f 3278/3745/3344 3061/3737/3338 3044/3746/3345
f 3044/3746/3345 3512/3640/3244 2967/3747/2641
f 2744/3627/3231 2843/3645/3249 3062/3628/3232
f 3073/3386/2991 3381/3385/2990 3088/3748/3346
f 3056/3743/3342 3388/3749/3347 2795/3203/2810
f 3322/3750/3348 3136/3195/2802 2795/3203/2810
f 3065/3751/3349 3518/3752/3350 3210/3753/3351
f 3065/3751/3349 3210/3753/3351 3497/3754/3352
f 3055/3076/2683 3270/3077/2684 3067/3618/3222
f 3055/3076/2683 3067/3618/3222 3003/3069/2676
f 3551/3219/2826 3355/3646/3250 2972/3644/3248
f 2971/3448/3053 3169/3633/3237 3193/3209/2816
f 3071/3755/3353 2779/3160/2767 3036/3727/3328
f 2844/3295/2901 2779/3160/2767 3071/3755/3353
f 3072/3469/3074 2839/3187/2794 3155/3376/2981
f 3487/3756/3354 2785/3757/3355 3470/3758/3356
f 3073/3386/2991 3280/3211/2818 2791/3210/2817
f 3073/3386/2991 3088/3748/3346 3456/3759/3357
f 3074/3511/3116 2889/3434/3039 2946/3433/3038
f 2913/3088/2695 3074/3511/3116 3345/3562/3166
f 3424/3091/2698 3141/3090/2697 3075/3369/2974
f 3518/3752/3350 3325/3760/3358 3210/3753/3351
f 3001/3761/3359 2767/3762/3360 3563/3763/3361
f 2932/3345/2950 3078/3624/3228 3564/3623/3227
f 2875/3601/3205 2950/3600/3204 3576/3733/3334
f 3047/3570/3174 3079/3145/2752 3531/3351/2956
f 3171/3404/3009 3079/3145/2752 3450/3405/3010
f 3080/3675/3278 3185/3648/3252 2790/3064/2671
f 2925/3447/3052 3359/3542/3147 3081/3555/3159
f 3182/3554/3158 2925/3447/3052 3081/3555/3159
f 3137/3514/3119 3082/3283/2889 2797/3544/3149
f 3095/3144/2751 3336/3764/3362 2797/3544/3149
f 3232/3150/2757 3083/3149/2756 2777/3154/2761
f 3479/3525/3130 2777/3154/2761 3444/3524/3129
f 3004/3259/2865 2867/3275/2881 3084/3260/2866
f 3434/3696/3298 3084/3260/2866 2867/3275/2881
f 3085/3026/2633 3316/3765/3363 3558/3766/3364
f 2823/3025/2632 3316/3765/3363 3085/3026/2633
f 3022/3713/3314 3106/3767/3365 3087/3768/3366
f 3553/3306/2912 3086/3320/2926 2822/3322/2928
f 3457/3769/3367 3089/3770/3368 3062/3628/3232
f 3584/3771/3369 3376/3388/2993 3143/3626/3230
f 3369/3363/2968 2834/3078/2685 3091/3772/3370
f 3357/3773/3371 2981/3658/3261 3369/3363/2968
f 3585/3774/3372 3092/3530/3135 3217/3705/3307
f 3092/3530/3135 3015/3704/3306 3217/3705/3307
f 3093/3173/2780 2885/3420/3025 2877/3497/3102
f 3586/3505/3110 3297/3158/2765 2924/3506/3111
f 3266/3714/3315 3094/3095/2702 3017/3426/3031
f 3094/3095/2702 2858/3097/2704 3017/3426/3031
f 3226/3286/2892 3263/3267/2873 3082/3283/2889
f 3082/3283/2889 3474/3775/3373 2797/3544/3149
f 3096/3660/3263 3091/3772/3370 2834/3078/2685
f 3540/3669/3272 3007/3681/3283 3213/3682/3284
f 2935/3233/2840 3097/3257/2863 3292/3234/2841
f 3462/3670/3273 3180/3343/2948 2988/3671/3274
f 3198/3776/3374 3413/3777/3375 3098/3778/3376
f 3092/3530/3135 3585/3774/3372 3098/3778/3376
f 3464/3367/2972 2794/3254/2861 3099/3253/2860
f 3447/3779/3377 3464/3367/2972 3404/3312/2918
f 3523/3780/3378 2955/3629/3233 3100/3120/2727
f 3100/3120/2727 3435/3122/2729 3106/3767/3365
f 3234/3110/2717 3513/3087/2694 2904/3086/2693
f 3349/3346/2951 2932/3345/2950 3229/3347/2952
f 3437/3115/2722 3102/3062/2669 3293/3686/3288
f 3103/3480/3085 2929/3418/3023 2885/3420/3025
f 2930/3416/3021 3104/3781/3379 2820/3595/3199
f 2828/3340/2945 3144/3339/2944 3310/3415/3020
f 2828/3340/2945 3409/3605/3209 3139/3389/2994
f 2991/3581/3185 3106/3767/3365 3022/3713/3314
f 3161/3656/3259 3523/3780/3378 2991/3581/3185
f 3337/3694/3296 3272/3693/3295 2934/3604/3208
f 3337/3694/3296 2934/3604/3208 3006/3391/2996
f 3496/3390/2995 3006/3391/2996 3011/3035/2642
f 3108/3625/3229 3540/3669/3272 2987/3361/2966
f 3078/3624/3228 3108/3625/3229 2987/3361/2966
f 3109/3137/2744 2770/3038/2645 3112/3583/3187
f 3112/3583/3187 2748/3138/2745 3109/3137/2744
f 3342/3782/3380 3532/3783/3381 3110/3587/3191
f 3294/3410/3015 3342/3782/3380 3110/3587/3191
f 2898/3348/2953 3550/3602/3206 3111/3237/2844
f 3111/3237/2844 2965/3239/2846 2898/3348/2953
f 2782/3673/3276 2906/3218/2825 3112/3583/3187
f 3112/3583/3187 2770/3038/2645 3493/3040/2647
f 2768/3107/2714 2802/3109/2716 3113/3314/2920
f 3113/3314/2920 3447/3779/3377 3404/3312/2918
f 3449/3784/3382 2801/3133/2740 3413/3777/3375
f 3413/3777/3375 3198/3776/3374 3207/3785/3383
f 3179/3279/2885 2924/3506/3111 3115/3157/2764
f 2924/3506/3111 3297/3158/2765 3115/3157/2764
f 3433/3509/3114 3116/3485/3090 2879/3155/2762
f 3125/3326/2932 2879/3155/2762 3116/3485/3090
f 3117/3338/2943 3052/3337/2942 2836/3786/3384
f 3117/3338/2943 2836/3786/3384 2909/3128/2735
f 2820/3595/3199 3590/3603/3207 3118/3596/3200
f 2794/3254/2861 2979/3364/2969 3120/3787/3385
f 3120/3787/3385 2979/3364/2969 3472/3365/2970
f 3121/3451/3056 3030/3459/3064 3068/3788/3386
f 3443/3281/2887 3050/3282/2888 3258/3740/3339
f 3123/3289/2895 2753/3577/3181 3394/3719/3320
f 2850/3024/2631 3392/3789/3387 3538/3790/3388
f 3162/3679/3281 2850/3024/2631 3527/3538/3143
f 3060/3153/2760 3125/3326/2932 3232/3150/2757
f 3125/3326/2932 3060/3153/2760 2879/3155/2762
f 3559/3791/3389 3126/3531/3136 3098/3778/3376
f 3126/3531/3136 3092/3530/3135 3098/3778/3376
f 3127/3408/3013 3212/3792/3390 3253/3432/3037
f 3253/3432/3037 2946/3433/3038 3127/3408/3013
f 3128/3270/2876 2961/3440/3045 3389/3483/3088
f 3254/3147/2754 3330/3444/3049 3470/3758/3356
f 3129/3593/3197 3445/3726/3327 3350/3793/3391
f 3290/3491/3096 3129/3593/3197 3350/3793/3391
f 3230/3794/3392 3331/3205/2812 3311/3204/2811
f 3001/3761/3359 3311/3204/2811 2767/3762/3360
f 3478/3795/3393 3179/3279/2885 2809/3278/2884
f 2777/3154/2761 3479/3525/3130 2810/3548/2884
f 3126/3531/3136 3559/3791/3389 3225/3796/3394
f 3126/3531/3136 3473/3797/3395 2813/3529/3134
f 3267/3698/3300 3507/3798/3396 3133/3614/3218
f 2873/3036/2643 3133/3614/3218 3497/3754/3352
f 3135/3333/2938 2984/3663/3266 3018/3662/3265
f 2832/3358/2963 3455/3357/2962 3134/3799/2938
f 2965/3239/2846 3461/3543/3148 3137/3514/3119
f 3137/3514/3119 3291/3240/2847 2965/3239/2846
f 3409/3605/3209 2937/3607/3211 3139/3389/2994
f 2937/3607/3211 3448/3387/2992 3139/3389/2994
f 3023/3732/3333 3017/3426/3031 3140/3199/2806
f 3431/3720/3321 3023/3732/3333 3380/3721/3322
f 2747/3417/3022 3141/3090/2697 2856/3089/2696
f 2747/3417/3022 3075/3369/2974 3141/3090/2697
f 2878/3482/3087 2944/3534/3139 3142/3533/3138
f 3417/3516/3121 3412/3535/3140 3049/3518/3123
f 2953/3223/2830 3062/3628/3232 3143/3626/3230
f 3584/3771/3369 3143/3626/3230 3062/3628/3232
f 3144/3339/2944 2988/3671/3274 3180/3343/2948
f 2988/3671/3274 3144/3339/2944 3566/3672/3275
f 3168/3462/3067 2919/3181/2788 3400/3180/2787
f 2858/3097/2704 3223/3637/3241 2966/3227/2834
f 3146/3325/2931 3125/3326/2932 3116/3485/3090
f 3116/3485/3090 3012/3486/3091 3146/3325/2931
f 3148/3800/3397 2998/3382/2987 3244/3801/3398
f 3235/3383/2988 2998/3382/2987 3148/3800/3397
f 3149/3588/3192 2925/3447/3052 2969/3446/3051
f 2969/3446/3051 3005/3258/2864 3475/3642/3246
f 3150/3429/3034 2793/3221/2828 3312/3431/3036
f 2793/3221/2828 3150/3429/3034 3433/3509/3114
f 3471/3403/3008 3037/3402/3007 3216/3730/3331
f 3216/3730/3331 3037/3402/3007 3273/3731/3332
f 2849/3015/2622 3539/3397/3002 3131/3016/2623
f 3258/3740/3339 3069/3802/3399 3154/3803/3400
f 3068/3788/3386 3030/3459/3064 3286/3458/3063
f 2785/3757/3355 3487/3756/3354 3155/3376/2981
f 2785/3757/3355 3155/3376/2981 2805/3804/3401
f 3156/3362/2967 2987/3361/2966 3511/3805/3402
f 3511/3805/3402 3238/3619/3223 3156/3362/2967
f 3157/3528/3133 3206/3329/2935 2844/3295/2901
f 3418/3526/3131 3483/3296/2902 2884/3311/2917
f 3272/3693/3295 3303/3806/3403 2934/3604/3208
f 3010/3807/3404 2922/3217/2824 3296/3216/2823
f 3296/3216/2823 3530/3808/3405 3010/3807/3404
f 3056/3743/3342 3160/3244/2851 2951/3375/2980
f 3160/3244/2851 3331/3205/2812 3230/3794/3392
f 3161/3656/3259 3271/3657/3260 2955/3629/3233
f 3161/3656/3259 2955/3629/3233 3523/3780/3378
f 3162/3679/3281 2845/3477/3082 3124/3476/3081
f 2850/3024/2631 3162/3679/3281 3392/3789/3387
f 3361/3231/2838 3163/3809/3406 2915/3565/3169
f 3468/3206/2813 3211/3136/2743 2915/3565/3169
f 2982/3661/3264 2818/3176/2783 3164/3179/2786
f 2818/3176/2783 2774/3056/2663 3164/3179/2786
f 3165/3274/2880 3597/3703/3305 3031/3702/3304
f 3429/3810/3407 3557/3811/3408 3165/3274/2880
f 2985/3610/3214 2939/3611/3215 3166/3665/3268
f 2770/3038/2645 3329/3100/2707 3499/3039/2646
f 2858/3097/2704 3167/3058/2665 3223/3637/3241
f 3167/3058/2665 2858/3097/2704 3421/3059/2666
f 3354/3812/3409 3169/3633/3237 2971/3448/3053
f 3153/3813/3410 3068/3788/3386 3286/3458/3063
f 2882/3425/3030 2784/3692/3294 3170/3492/3097
f 3170/3492/3097 2784/3692/3294 3411/3490/3095
f 2954/3401/3006 3504/3407/3012 3171/3404/3009
f 3074/3511/3116 3260/3512/3117 2889/3434/3039
f 3322/3750/3348 3063/3251/2858 3321/3249/2856
f 2795/3203/2810 3388/3749/3347 3322/3750/3348
f 3013/3437/3042 3173/3521/3126 2916/3568/3172
f 3469/3439/3044 3173/3521/3126 3013/3437/3042
f 3428/3567/3171 3174/3564/3168 3114/3814/3411
f 3098/3778/3376 3114/3814/3411 3559/3791/3389
f 3145/3815/3412 3378/3816/3413 3175/3638/3242
f 2788/3817/3414 3120/3787/3385 3472/3365/2970
f 3176/3651/3255 3502/3650/3254 3189/3324/2930
f 3509/3677/3280 2992/3676/3279 3516/3818/3415
f 3533/3612/3216 3552/3557/3161 3177/3054/2661
f 3166/3665/3268 2939/3611/3215 3499/3039/2646
f 3043/3591/3195 3178/3553/3157 3427/3819/3416
f 3178/3553/3157 3081/3555/3159 3427/3819/3416
f 3179/3279/2885 3294/3410/3015 2924/3506/3111
f 3294/3410/3015 3179/3279/2885 3485/3820/3417
f 3097/3257/2863 3180/3343/2948 3292/3234/2841
f 3180/3343/2948 3097/3257/2863 2796/3256/2862
f 3303/3806/3403 3272/3693/3295 3315/3821/3418
f 3303/3806/3403 3315/3821/3418 3181/3822/3419
f 2911/3560/3164 3224/3493/3098 3575/3229/2836
f 3178/3553/3157 3041/3735/3336 3182/3554/3158
f 3041/3735/3336 3332/3445/3050 3182/3554/3158
f 3012/3486/3091 3239/3699/3301 3183/3700/3302
f 3040/3103/2710 3012/3486/3091 3183/3700/3302
f 2763/3081/2688 3184/3083/2690 2769/3112/2719
f 2769/3112/2719 3184/3083/2690 3192/3202/2809
f 3186/3823/3420 3036/3727/3328 3494/3729/3330
f 3070/3161/2768 3535/3824/3421 3344/3162/2769
f 2805/3804/3401 3155/3376/2981 3188/3189/2796
f 3500/3825/3422 2805/3804/3401 3188/3189/2796
f 2822/3322/2928 3189/3324/2930 3553/3306/2912
f 3176/3651/3255 3189/3324/2930 2822/3322/2928
f 3190/3370/2975 3075/3369/2974 2836/3786/3384
f 3052/3337/2942 3190/3370/2975 2836/3786/3384
f 2785/3757/3355 2805/3804/3401 3191/3622/3226
f 2805/3804/3401 3500/3825/3422 3191/3622/3226
f 3192/3202/2809 3184/3083/2690 2973/3167/2774
f 3192/3202/2809 2973/3167/2774 3431/3720/3321
f 3193/3209/2816 2866/3632/3236 2958/3159/2766
f 2958/3159/2766 3275/3479/3084 3529/3724/3325
f 3345/3562/3166 3194/3552/3156 2913/3088/2695
f 3194/3552/3156 2904/3086/2693 2913/3088/2695
f 3487/3756/3354 2874/3470/3075 3072/3469/3074
f 3487/3756/3354 3072/3469/3074 3155/3376/2981
f 3197/3126/2733 3430/3032/2639 2968/3034/2641
f 3201/3323/2929 3196/3124/2731 3587/3639/3243
f 3164/3179/2786 2774/3056/2663 3379/3177/2784
f 2774/3056/2663 3207/3785/3383 3506/3826/3423
f 3199/3226/2833 3277/3654/2721 3119/3827/3424
f 2787/3225/2832 3199/3226/2833 3119/3827/3424
f 3266/3714/3315 2780/3166/2773 3200/3707/3309
f 2780/3166/2773 3284/3266/2872 3200/3707/3309
f 3201/3323/2929 3587/3639/3243 2800/3307/2913
f 3201/3323/2929 2800/3307/2913 3553/3306/2912
f 3202/3113/2720 2769/3112/2719 2819/3201/2808
f 3341/3503/3108 2819/3201/2808 2886/3501/3106
f 3572/3310/2916 3203/3539/3144 3218/3716/3317
f 3203/3539/3144 3572/3310/2916 2897/3540/3145
f 3204/3734/3335 3371/3701/3303 3473/3797/3395
f 3183/3700/3302 3371/3701/3303 3204/3734/3335
f 2902/3222/2829 3205/3744/3343 2953/3223/2830
f 2902/3222/2829 3005/3258/2864 3425/3550/3154
f 2824/3328/2934 3206/3329/2935 2928/3687/3289
f 2928/3687/3289 3285/3527/3132 3048/3392/2997
f 2774/3056/2663 2936/3055/2662 3207/3785/3383
f 2936/3055/2662 2801/3133/2740 3449/3784/3382
f 3208/3273/2879 3429/3810/3407 3165/3274/2880
f 2773/3129/2736 3208/3273/2879 3579/3215/2822
f 3214/3118/2725 3209/3246/2853 3516/3818/3415
f 3209/3246/2853 2977/3213/2820 3176/3651/3255
f 2873/3036/2643 3497/3754/3352 3210/3753/3351
f 3210/3753/3351 3325/3760/3358 2873/3036/2643
f 3132/3566/3170 2915/3565/3169 3211/3136/2743
f 3559/3791/3389 3132/3566/3170 3225/3796/3394
f 3471/3403/3008 3216/3730/3331 3212/3792/3390
f 2766/3168/2775 3212/3792/3390 3151/3169/2776
f 3096/3660/3263 3213/3682/3284 3091/3772/3370
f 3091/3772/3370 3357/3773/3371 3369/3363/2968
f 2827/3608/3212 3214/3118/2725 3580/3828/3425
f 3214/3118/2725 3516/3818/3415 2992/3676/3279
f 3099/3253/2860 2841/3255/2723 3215/3380/2985
f 3293/3686/3288 2840/3116/2723 3437/3115/2722
f 3212/3792/3390 3216/3730/3331 3151/3169/2776
f 3431/3720/3321 3216/3730/3331 3023/3732/3333
f 3198/3776/3374 3217/3705/3307 3356/3829/3426
f 3217/3705/3307 2927/3292/2898 3356/3829/3426
f 3218/3716/3317 3410/3717/3318 2748/3138/2745
f 3582/3584/3188 3218/3716/3317 2748/3138/2745
f 3082/3283/2889 2811/3285/2891 3219/3287/2893
f 3219/3287/2893 2811/3285/2891 3159/3556/3160
f 3032/3264/2870 3220/3148/2755 2948/3558/3162
f 3220/3148/2755 3191/3622/3226 2948/3558/3162
f 2804/3586/3190 3221/3592/3196 3242/3647/3251
f 3221/3592/3196 3525/3330/2936 3206/3329/2935
f 3222/3242/2849 3160/3244/2851 3230/3794/3392
f 3563/3763/3361 3442/3830/3427 3227/3831/3428
f 3223/3637/3241 3167/3058/2665 3145/3815/3412
f 3145/3815/3412 3175/3638/3242 3223/3637/3241
f 3445/3726/3327 3035/3725/3326 3224/3493/3098
f 3575/3229/2836 3224/3493/3098 3303/3806/3403
f 3225/3796/3394 3132/3566/3170 3211/3136/2743
f 3204/3734/3335 3473/3797/3395 3211/3136/2743
f 3226/3286/2892 2806/3268/2874 3263/3267/2873
f 2806/3268/2874 3226/3286/2892 3219/3287/2893
f 3563/3763/3361 3227/3831/3428 3001/3761/3359
f 3442/3830/3427 3230/3794/3392 3227/3831/3428
f 3534/3454/3059 3446/3374/2979 2786/3372/2977
f 3534/3454/3059 2786/3372/2977 3228/3456/3061
f 2868/3101/2708 3528/3832/3429 3391/3833/3430
f 3229/3347/2952 3101/3238/2845 3349/3346/2951
f 3229/3347/2952 2898/3348/2953 3101/3238/2845
f 3230/3794/3392 3311/3204/2811 3001/3761/3359
f 3001/3761/3359 3227/3831/3428 3230/3794/3392
f 2764/3834/3431 3465/3712/2909 3231/3711/3313
f 3553/3306/2912 3395/3308/2914 3231/3711/3313
f 3232/3150/2757 2745/3102/2709 3593/3151/2758
f 3125/3326/2932 2745/3102/2709 3232/3150/2757
f 2826/3123/2730 2863/3125/2732 3233/3334/2939
f 3020/3709/3311 3233/3334/2939 2863/3125/2732
f 3349/3346/2951 3513/3087/2694 3234/3110/2717
f 3234/3110/2717 3007/3681/3283 2792/3695/3297
f 3235/3383/2988 3148/3800/3397 2976/3835/3432
f 3187/3836/3433 3495/3837/3434 3545/3838/3435
f 2764/3834/3431 3236/3667/3270 2997/3666/3269
f 3236/3667/3270 2764/3834/3431 3231/3711/3313
f 3237/3252/2859 3335/3079/2686 2760/3313/2919
f 3373/3631/3235 2760/3313/2919 2998/3382/2987
f 3238/3619/3223 2945/3474/3079 3156/3362/2967
f 2945/3474/3079 3238/3619/3223 3039/3472/3077
f 2943/3617/3221 3239/3699/3301 3489/3621/3225
f 3239/3699/3301 2943/3617/3221 3371/3701/3303
f 3358/3422/3027 3362/3634/3238 2857/3423/3028
f 3362/3634/3238 3530/3808/3405 2857/3423/3028
f 3382/3212/2819 3385/3652/3256 2977/3213/2820
f 2977/3213/2820 3385/3652/3256 3176/3651/3255
f 3009/3185/2792 3242/3647/3251 2974/3186/2793
f 3242/3647/3251 3289/3585/3189 2804/3586/3190
f 3244/3801/3398 3215/3380/2985 2841/3255/2723
f 3244/3801/3398 2998/3382/2987 3215/3380/2985
f 3245/3839/3436 3567/3302/2908 3458/3301/2907
f 3436/3620/3224 2861/3430/3035 3567/3302/2908
f 3482/3495/3100 3428/3567/3171 2801/3133/2740
f 2801/3133/2740 3428/3567/3171 3114/3814/3411
f 3247/3522/3127 2891/3094/2701 3268/3523/3128
f 3372/3435/3040 3469/3439/3044 3008/3436/3041
f 3542/3377/2982 3166/3665/3268 3248/3099/2706
f 3542/3377/2982 3248/3099/2706 2803/3840/3437
f 3250/3031/2638 2833/3141/2748 3561/3140/2747
f 2963/3359/2964 2832/3358/2963 3249/3635/3239
f 2916/3568/3172 3251/3245/2852 3209/3246/2853
f 2916/3568/3172 3405/3214/2821 3251/3245/2852
f 3252/3582/3186 3301/3579/3183 3161/3656/3259
f 3252/3582/3186 3161/3656/3259 2991/3581/3185
f 3184/3083/2690 3253/3432/3037 2766/3168/2775
f 3253/3432/3037 3212/3792/3390 2766/3168/2775
f 3254/3147/2754 2785/3757/3355 3191/3622/3226
f 3470/3758/3356 2785/3757/3355 3254/3147/2754
f 2981/3658/3261 3357/3773/3371 3256/3683/3285
f 3007/3681/3283 3259/3111/2718 3256/3683/3285
f 3257/3093/2700 2964/3335/2940 3026/3520/3125
f 3423/3841/3438 3257/3093/2700 3480/3092/2699
f 3258/3740/3339 3347/3739/3054 3122/3842/3439
f 3258/3740/3339 3122/3842/3439 3069/3802/3399
f 3256/3683/3285 3259/3111/2718 2981/3658/3261
f 2981/3658/3261 3259/3111/2718 2926/3108/2715
f 3504/3407/3012 3260/3512/3117 3568/3143/2750
f 3260/3512/3117 2797/3544/3149 3336/3764/3362
f 3262/3510/3115 3355/3646/3250 3551/3219/2826
f 3262/3510/3115 3551/3219/2826 2793/3221/2828
f 3079/3145/2752 3095/3144/2751 3263/3267/2873
f 3474/3775/3373 3095/3144/2751 2797/3544/3149
f 3034/3580/3184 3264/3574/3178 2921/3573/3177
f 2921/3573/3177 3264/3574/3178 2931/3468/3073
f 2855/3843/3440 3265/3419/3024 2929/3418/3023
f 2855/3843/3440 3423/3841/3438 3480/3092/2699
f 3023/3732/3333 3273/3731/3332 3266/3714/3315
f 3023/3732/3333 3266/3714/3315 3017/3426/3031
f 3267/3698/3300 3419/3844/3441 2894/3845/3442
f 3267/3698/3300 2894/3845/3442 3507/3798/3396
f 2891/3094/2701 3026/3520/3125 3268/3523/3128
f 3026/3520/3125 3233/3334/2939 3268/3523/3128
f 3269/3327/2933 3004/3259/2865 2974/3186/2793
f 3411/3490/3095 3269/3327/2933 3290/3491/3096
f 3270/3077/2684 3058/3473/3078 3039/3472/3077
f 3014/3074/2681 3058/3473/3078 3270/3077/2684
f 3271/3657/3260 3301/3579/3183 2985/3610/3214
f 3166/3665/3268 3271/3657/3260 2985/3610/3214
f 3422/3262/2868 3181/3822/3419 3315/3821/3418
f 3422/3262/2868 3315/3821/3418 3158/3041/2648
f 3315/3821/3418 3272/3693/3295 2814/3042/2649
f 3315/3821/3418 2814/3042/2649 3158/3041/2648
f 3029/3715/3316 3266/3714/3315 3273/3731/3332
f 3273/3731/3332 3037/3402/3007 3029/3715/3316
f 3458/3301/2907 3274/3027/2634 2816/3293/2899
f 3274/3027/2634 2905/3294/2900 2816/3293/2899
f 2970/3643/3247 3275/3479/3084 3033/3498/3103
f 3033/3498/3103 3275/3479/3084 2877/3497/3102
f 2794/3254/2861 3521/3846/3443 2841/3255/2723
f 2794/3254/2861 3120/3787/3385 3521/3846/3443
f 3278/3745/3344 2986/3668/3271 3061/3737/3338
f 2880/3684/3286 2986/3668/3271 3278/3745/3344
f 2971/3448/3053 3280/3211/2818 2842/3847/3444
f 2842/3847/3444 3280/3211/2818 3073/3386/2991
f 2781/3507/3112 3281/3317/2923 3305/3319/2925
f 2781/3507/3112 3374/3171/2778 3406/3545/3150
f 2829/3599/3203 2962/3236/2843 3282/3235/2842
f 2950/3600/3204 2829/3599/3203 3282/3235/2842
f 3591/3104/2711 3283/3106/2713 2876/3478/3083
f 3283/3106/2713 3366/3412/3017 2876/3478/3083
f 2830/3349/2954 2838/3263/2869 3284/3266/2872
f 3200/3707/3309 3284/3266/2872 2838/3263/2869
f 3206/3329/2935 3285/3527/3132 2928/3687/3289
f 3285/3527/3132 3206/3329/2935 3157/3528/3133
f 3286/3458/3063 3169/3633/3237 3354/3812/3409
f 3562/3457/3062 3169/3633/3237 3286/3458/3063
f 3260/3512/3117 2848/3406/3011 3287/3513/3118
f 3287/3513/3118 3291/3240/2847 3137/3514/3119
f 2918/3379/2984 3304/3378/2983 3288/3414/3019
f 3459/3848/3445 3462/3670/3273 3432/3121/2728
f 3009/3185/2792 3014/3074/2681 3289/3585/3189
f 3289/3585/3189 3242/3647/3251 3009/3185/2792
f 3000/3594/3198 3290/3491/3096 2824/3328/2934
f 3129/3593/3197 3290/3491/3096 3000/3594/3198
f 3291/3240/2847 2848/3406/3011 3101/3238/2845
f 3287/3513/3118 2848/3406/3011 3291/3240/2847
f 3248/3099/2706 3292/3234/2841 2803/3840/3437
f 2803/3840/3437 3292/3234/2841 3459/3848/3445
f 3293/3686/3288 3243/3849/3398 2840/3116/2723
f 3293/3686/3288 3147/3061/2668 3243/3849/3398
f 3298/3850/3446 3342/3782/3380 3294/3410/3015
f 2960/3409/3014 3298/3850/3446 3294/3410/3015
f 3295/3572/3176 2874/3470/3075 3399/3563/3167
f 2931/3468/3073 2874/3470/3075 3295/3572/3176
f 3159/3556/3160 3296/3216/2823 2906/3218/2825
f 3159/3556/3160 3530/3808/3405 3296/3216/2823
f 2877/3497/3102 3275/3479/3084 3297/3158/2765
f 3586/3505/3110 2877/3497/3102 3297/3158/2765
f 2746/3298/2904 2815/3172/2779 3298/3850/3446
f 2746/3298/2904 3298/3850/3446 3366/3412/3017
f 3159/3556/3160 3016/3284/2890 3530/3808/3405
f 3016/3284/2890 2857/3423/3028 3530/3808/3405
f 2900/3030/2637 2775/3029/2636 3300/3851/3447
f 3301/3579/3183 3038/3578/3182 2920/3517/3122
f 3301/3579/3183 2920/3517/3122 2985/3610/3214
f 3188/3189/2796 2750/3046/2653 3500/3825/3422
f 2750/3046/2653 3421/3059/2666 3500/3825/3422
f 3035/3725/3326 2934/3604/3208 3303/3806/3403
f 3035/3725/3326 3303/3806/3403 3224/3493/3098
f 2803/3840/3437 3288/3414/3019 3304/3378/2983
f 3542/3377/2982 2803/3840/3437 3304/3378/2983
f 3305/3319/2925 2933/3175/2782 3514/3852/3448
f 3110/3587/3191 3532/3783/3381 3522/3504/3109
f 3306/3243/2850 3455/3357/2962 2825/3356/2961
f 3160/3244/2851 3306/3243/2850 3320/3105/2712
f 3307/3853/3449 3558/3766/3364 3316/3765/3363
f 3205/3744/3343 3307/3853/3449 3057/3220/2827
f 3600/3190/2797 3476/3598/3202 3463/3191/2798
f 3476/3598/3202 3600/3190/2797 2931/3468/3073
f 2914/3515/3120 2806/3268/2874 3309/3481/3086
f 2806/3268/2874 3219/3287/2893 3309/3481/3086
f 3180/3343/2948 3105/3342/2947 3310/3415/3020
f 3409/3605/3209 3105/3342/2947 2831/3606/3210
f 2795/3203/2810 3130/3196/2803 3311/3204/2811
f 2767/3762/3360 3311/3204/2811 3130/3196/2803
f 2861/3430/3035 3312/3431/3036 3307/3853/3449
f 3312/3431/3036 3057/3220/2827 3307/3853/3449
f 2993/3394/2999 3527/3538/3143 3313/3536/3141
f 2993/3394/2999 3313/3536/3141 3090/3395/3000
f 3264/3574/3178 3314/3576/3180 2931/3468/3073
f 3476/3598/3202 2931/3468/3073 3314/3576/3180
f 2861/3430/3035 3316/3765/3363 2823/3025/2632
f 3316/3765/3363 2861/3430/3035 3307/3853/3449
f 3434/3696/3298 3317/3184/2791 3084/3260/2866
f 3084/3260/2866 3317/3184/2791 2974/3186/2793
f 3318/3050/2657 2764/3834/3431 2997/3666/3269
f 3318/3050/2657 2997/3666/3269 3554/3051/2658
f 3320/3105/2712 3306/3243/2850 2825/3356/2961
f 3320/3105/2712 2825/3356/2961 3283/3106/2713
f 3361/3231/2838 3321/3249/2856 3163/3809/3406
f 3163/3809/3406 3321/3249/2856 3255/3250/2857
f 3321/3249/2856 3172/3248/2855 3322/3750/3348
f 3136/3195/2802 3322/3750/3348 3172/3248/2855
f 3323/3300/2906 2927/3292/2898 3217/3705/3307
f 3323/3300/2906 2816/3293/2899 2927/3292/2898
f 3517/3854/3450 2767/3762/3360 3324/3855/3451
f 3328/3856/3452 3501/3691/3293 3107/3690/3292
f 3328/3856/3452 3107/3690/3292 3333/3037/2644
f 3326/3484/3089 2890/3271/2877 3128/3270/2876
f 3399/3563/3167 2890/3271/2877 3326/3484/3089
f 3018/3662/3265 2799/3192/2799 3327/3194/2801
f 3328/3856/3452 3324/3855/3451 2767/3762/3360
f 3329/3100/2707 3166/3665/3268 3499/3039/2646
f 3166/3665/3268 3329/3100/2707 3248/3099/2706
f 3330/3444/3049 3599/3443/3048 2961/3440/3045
f 3330/3444/3049 2961/3440/3045 3128/3270/2876
f 3160/3244/2851 3056/3743/3342 3331/3205/2812
f 3056/3743/3342 2795/3203/2810 3331/3205/2812
f 3420/3857/3453 3041/3735/3336 3085/3026/2633
f 3420/3857/3453 3085/3026/2633 3425/3550/3154
f 3325/3760/3358 3333/3037/2644 2873/3036/2643
f 3333/3037/2644 3325/3760/3358 3328/3856/3452
f 3334/3188/2795 3463/3191/2798 2750/3046/2653
f 3188/3189/2796 3334/3188/2795 2750/3046/2653
f 2768/3107/2714 3113/3314/2920 3335/3079/2686
f 2760/3313/2919 3335/3079/2686 3113/3314/2920
f 3568/3143/2750 3171/3404/3009 3504/3407/3012
f 3171/3404/3009 3568/3143/2750 3079/3145/2752
f 3496/3390/2995 3333/3037/2644 3107/3690/3292
f 2802/3109/2716 3202/3113/2720 3338/3502/3107
f 3338/3502/3107 3113/3314/2920 2802/3109/2716
f 3339/3442/3047 3531/3351/2956 2864/3269/2875
f 3059/3441/3046 2917/3569/3173 3339/3442/3047
f 3340/3063/2670 2790/3064/2671 3147/3061/2668
f 3341/3503/3108 3202/3113/2720 2819/3201/2808
f 3202/3113/2720 3341/3503/3108 3338/3502/3107
f 2815/3172/2779 3342/3782/3380 3298/3850/3446
f 3342/3782/3380 2815/3172/2779 3601/3508/3113
f 3105/3342/2947 3343/3353/2958 2831/3606/3210
f 2831/3606/3210 3343/3353/2958 3149/3588/3192
f 3344/3162/2769 3185/3648/3252 3080/3675/3278
f 3535/3824/3421 3185/3648/3252 3344/3162/2769
f 3345/3562/3166 2946/3433/3038 3253/3432/3037
f 3345/3562/3166 3074/3511/3116 2946/3433/3038
f 2908/3738/3153 3347/3739/3054 3050/3282/2888
f 2869/3280/2886 3578/3722/3323 2907/3549/3153
f 3348/3659/3262 3096/3660/3263 2834/3078/2685
f 3511/3805/3402 2834/3078/2685 3238/3619/3223
f 2996/3344/2949 3349/3346/2951 2792/3695/3297
f 2792/3695/3297 3349/3346/2951 3234/3110/2717
f 3290/3491/3096 3350/3793/3391 2883/3489/3094
f 3445/3726/3327 2883/3489/3094 3350/3793/3391
f 3351/3366/2971 2819/3201/2808 2938/3200/2807
f 3351/3366/2971 3594/3609/3213 2979/3364/2969
f 3352/3224/2831 2953/3223/2830 2937/3607/3211
f 3352/3224/2831 2937/3607/3211 2831/3606/3210
f 3353/3393/2998 3267/3698/3300 3011/3035/2642
f 3011/3035/2642 3006/3391/2996 3353/3393/2998
f 3355/3646/3250 2888/3156/2763 3443/3281/2887
f 3354/3812/3409 3153/3813/3410 3286/3458/3063
f 2895/3178/2785 3198/3776/3374 3356/3829/3426
f 2895/3178/2785 3356/3829/3426 2927/3292/2898
f 3357/3773/3371 3213/3682/3284 3256/3683/3285
f 3091/3772/3370 3213/3682/3284 3357/3773/3371
f 2962/3236/2843 3208/3273/2879 3358/3422/3027
f 3543/3421/3026 2962/3236/2843 3358/3422/3027
f 3053/3589/3193 3359/3542/3147 2925/3447/3052
f 3053/3589/3193 2865/3718/3319 3359/3542/3147
f 3360/3028/2635 3574/3590/3194 2905/3294/2900
f 3274/3027/2634 3360/3028/2635 2905/3294/2900
f 2911/3560/3164 3575/3229/2836 3361/3231/2838
f 2915/3565/3169 2911/3560/3164 3361/3231/2838
f 3362/3634/3238 2807/3424/3029 3240/3134/2741
f 3299/3697/3299 3362/3634/3238 3240/3134/2741
f 2812/3288/2894 3363/3487/3092 2959/3033/2640
f 2812/3288/2894 3279/3488/3093 3363/3487/3092
f 3002/3067/2674 3364/3728/3329 2755/3068/2675
f 2755/3068/2675 3364/3728/3329 3036/3727/3328
f 3366/3412/3017 2960/3409/3014 2876/3478/3083
f 3366/3412/3017 3298/3850/3446 2960/3409/3014
f 3367/3135/2742 3204/3734/3335 3211/3136/2743
f 3040/3103/2710 3204/3734/3335 3367/3135/2742
f 3109/3137/2744 3368/3098/2705 2770/3038/2645
f 3368/3098/2705 3329/3100/2707 2770/3038/2645
f 3369/3363/2968 2768/3107/2714 3335/3079/2686
f 3369/3363/2968 2981/3658/3261 2768/3107/2714
f 2978/3653/3257 3370/3132/2739 2882/3425/3030
f 3482/3495/3100 3445/3726/3327 3224/3493/3098
f 3473/3797/3395 3371/3701/3303 2813/3529/3134
f 3596/3616/3220 3015/3704/3306 2813/3529/3134
f 3372/3435/3040 3480/3092/2699 2891/3094/2701
f 3372/3435/3040 2891/3094/2701 3247/3522/3127
f 3373/3631/3235 2759/3080/2687 3237/3252/2859
f 3373/3631/3235 3237/3252/2859 2760/3313/2919
f 2899/3546/3151 3406/3545/3150 3374/3171/2778
f 2899/3546/3151 3374/3171/2778 3249/3635/3239
f 3503/3117/2724 3138/3119/2726 3375/3858/3454
f 3381/3385/2990 3375/3858/3454 3583/3859/3369
f 3378/3816/3413 2788/3817/3414 3472/3365/2970
f 3377/3427/3032 2851/3182/2789 2787/3225/2832
f 3207/3785/3383 3198/3776/3374 3506/3826/3423
f 3506/3826/3423 3198/3776/3374 2895/3178/2785
f 3380/3721/3322 3023/3732/3333 3140/3199/2806
f 3490/3198/2805 3380/3721/3322 3140/3199/2806
f 3381/3385/2990 3503/3117/2724 3375/3858/3454
f 2778/3500/3105 3381/3385/2990 3452/3384/2989
f 3020/3709/3311 3241/3641/3245 3382/3212/2819
f 3020/3709/3311 3382/3212/2819 3173/3521/3126
f 2748/3138/2745 3383/3354/2959 2949/3139/2746
f 3383/3354/2959 2748/3138/2745 3410/3717/3318
f 2893/3466/3071 2884/3311/2917 3384/3467/3072
f 3241/3641/3245 3502/3650/3254 3385/3652/3256
f 3382/3212/2819 3241/3641/3245 3385/3652/3256
f 3222/3242/2849 3386/3689/3291 2859/3331/2800
f 3327/3194/2801 2860/3193/2800 3387/3276/2882
f 3388/3749/3347 3056/3743/3342 3063/3251/2858
f 3063/3251/2858 3322/3750/3348 3388/3749/3347
f 3389/3483/3088 3339/3442/3047 2864/3269/2875
f 3389/3483/3088 2864/3269/2875 2806/3268/2874
f 3525/3330/2936 3390/3183/2790 2844/3295/2901
f 2804/3586/3190 2756/3066/2673 3390/3183/2790
f 3228/3456/3061 3391/3833/3430 3528/3832/3429
f 3444/3524/3129 3391/3833/3430 3228/3456/3061
f 3392/3789/3387 3124/3476/3081 3152/3411/3016
f 3392/3789/3387 3162/3679/3281 3124/3476/3081
f 3027/3060/2667 2871/3860/3068 3393/3861/3455
f 3394/3719/3320 2753/3577/3181 3028/3460/3065
f 3395/3308/2914 3407/3862/3456 3236/3667/3270
f 3236/3667/3270 3231/3711/3313 3395/3308/2914
f 3454/3636/3240 2994/3863/3457 3396/3680/3282
f 3403/3127/2734 2995/3336/2941 3117/3338/2943
f 3530/3808/3405 3397/3057/2664 3010/3807/3404
f 2922/3217/2824 3010/3807/3404 3397/3057/2664
f 3398/3318/2924 3281/3317/2923 2941/3547/3152
f 2942/3316/2922 3488/3315/2921 3492/3597/3201
f 3326/3484/3089 2914/3515/3120 3399/3563/3167
f 3399/3563/3167 2914/3515/3120 3049/3518/3123
f 3378/3816/3413 3145/3815/3412 3401/3864/3458
f 3401/3864/3458 3145/3815/3412 3167/3058/2665
f 3396/3680/3282 2994/3863/3457 3402/3865/3459
f 3396/3680/3282 3402/3865/3459 3196/3124/2731
f 3404/3312/2918 3464/3367/2972 3099/3253/2860
f 3099/3253/2860 3215/3380/2985 3404/3312/2918
f 2916/3568/3172 3173/3521/3126 3405/3214/2821
f 3173/3521/3126 3382/3212/2819 3405/3214/2821
f 2941/3547/3152 3281/3317/2923 3406/3545/3150
f 2781/3507/3112 3406/3545/3150 3281/3317/2923
f 3407/3862/3456 3044/3746/3345 3061/3737/3338
f 3236/3667/3270 3407/3862/3456 3061/3737/3338
f 3008/3436/3041 2912/3438/3043 3408/3561/3165
f 3008/3436/3041 3408/3561/3165 2885/3420/3025
f 3409/3605/3209 2828/3340/2945 3310/3415/3020
f 3409/3605/3209 3310/3415/3020 3105/3342/2947
f 3218/3716/3317 3024/3541/3146 3410/3717/3318
f 3359/3542/3147 3410/3717/3318 3024/3541/3146
f 3411/3490/3095 3004/3259/2865 3269/3327/2933
f 3411/3490/3095 2784/3692/3294 3004/3259/2865
f 3142/3533/3138 2896/3532/3137 3412/3535/3140
f 3417/3516/3121 3142/3533/3138 3412/3535/3140
f 2801/3133/2740 3114/3814/3411 3413/3777/3375
f 3413/3777/3375 3114/3814/3411 3098/3778/3376
f 3414/3723/3324 3302/3559/3163 3421/3059/2666
f 3032/3264/2870 3414/3723/3324 2910/3096/2703
f 3467/3736/3337 3415/3309/2915 2952/3291/2897
f 3415/3309/2915 3164/3179/2786 2952/3291/2897
f 3416/3299/2905 3015/3704/3306 3596/3616/3220
f 3323/3300/2906 3015/3704/3306 3416/3299/2905
f 3142/3533/3138 3417/3516/3121 2878/3482/3087
f 3417/3516/3121 3309/3481/3086 2878/3482/3087
f 3157/3528/3133 3419/3844/3441 3267/3698/3300
f 3484/3866/3460 3419/3844/3441 3157/3528/3133
f 3420/3857/3453 3332/3445/3050 3041/3735/3336
f 3425/3550/3154 3332/3445/3050 3420/3857/3453
f 3414/3723/3324 3421/3059/2666 2910/3096/2703
f 2910/3096/2703 3421/3059/2666 2858/3097/2704
f 3181/3822/3419 3422/3262/2868 3440/3230/2837
f 2771/3867/3461 2964/3335/2940 3423/3841/3438
f 3257/3093/2700 3423/3841/3438 2964/3335/2940
f 3425/3550/3154 3085/3026/2633 3558/3766/3364
f 2902/3222/2829 3425/3550/3154 3205/3744/3343
f 3515/3475/3080 3426/3130/2737 2875/3601/3205
f 3426/3130/2737 2829/3599/3203 2875/3601/3205
f 3081/3555/3159 2897/3540/3145 3427/3819/3416
f 3427/3819/3416 2897/3540/3145 3467/3736/3337
f 3246/3494/3099 3428/3567/3171 3482/3495/3100
f 3246/3494/3099 2911/3560/3164 3428/3567/3171
f 2923/3131/2738 3429/3810/3407 2773/3129/2736
f 2773/3129/2736 3429/3810/3407 3208/3273/2879
f 2973/3167/2774 3151/3169/2776 3431/3720/3321
f 3431/3720/3321 3151/3169/2776 3216/3730/3331
f 3432/3121/2728 2854/3868/3462 3087/3768/3366
f 3432/3121/2728 2988/3671/3274 3566/3672/3275
f 2888/3156/2763 3355/3646/3250 3433/3509/3114
f 3433/3509/3114 2879/3155/2762 2888/3156/2763
f 3434/3696/3298 3165/3274/2880 3031/3702/3304
f 3434/3696/3298 3031/3702/3304 3009/3185/2792
f 3435/3122/2729 3087/3768/3366 3106/3767/3365
f 3435/3122/2729 3432/3121/2728 3087/3768/3366
f 2947/3428/3033 3436/3620/3224 3489/3621/3225
f 3436/3620/3224 3567/3302/2908 3245/3839/3436
f 2783/3655/3258 3438/3869/3463 3277/3654/2721
f 3439/3571/3175 2776/3165/2772 2847/3164/2771
f 2954/3401/3006 3439/3571/3175 2847/3164/2771
f 3422/3262/2868 2956/3261/2867 3440/3230/2837
f 2956/3261/2867 3172/3248/2855 3440/3230/2837
f 3441/3413/3018 2783/3655/3258 3199/3226/2833
f 3442/3830/3427 3076/3688/3290 3222/3242/2849
f 3222/3242/2849 3230/3794/3392 3442/3830/3427
f 3443/3281/2887 3258/3740/3339 3154/3803/3400
f 3443/3281/2887 3154/3803/3400 3355/3646/3250
f 3444/3524/3129 2777/3154/2761 3083/3149/2756
f 3083/3149/2756 3391/3833/3430 3444/3524/3129
f 3370/3132/2739 2978/3653/3257 3445/3726/3327
f 3445/3726/3327 2978/3653/3257 2883/3489/3094
f 3447/3779/3377 3338/3502/3107 3464/3367/2972
f 3447/3779/3377 3113/3314/2920 3338/3502/3107
f 2953/3223/2830 3143/3626/3230 3448/3387/2992
f 2937/3607/3211 2953/3223/2830 3448/3387/2992
f 2936/3055/2662 3449/3784/3382 3207/3785/3383
f 3449/3784/3382 3413/3777/3375 3207/3785/3383
f 3047/3570/3174 3450/3405/3010 3079/3145/2752
f 3439/3571/3175 3450/3405/3010 3047/3570/3174
f 3383/3354/2959 2865/3718/3319 3451/3355/2960
f 2865/3718/3319 3343/3353/2958 3451/3355/2960
f 2791/3210/2817 2970/3643/3247 3452/3384/2989
f 3452/3384/2989 2970/3643/3247 3598/3499/3104
f 2837/3241/2848 3591/3104/2711 3453/3373/2978
f 3454/3636/3240 3051/3870/2942 2994/3863/3457
f 3454/3636/3240 3570/3742/3341 3051/3870/2942
f 2983/3664/3267 3134/3799/2938 3455/3357/2962
f 2983/3664/3267 3455/3357/2962 3306/3243/2850
f 2842/3847/3444 3073/3386/2991 3456/3759/3357
f 3062/3628/3232 2843/3645/3249 3457/3769/3367
f 2943/3617/3221 3245/3839/3436 3458/3301/2907
f 2943/3617/3221 3458/3301/2907 3416/3299/2905
f 2803/3840/3437 3459/3848/3445 3288/3414/3019
f 3459/3848/3445 3432/3121/2728 3288/3414/3019
f 2896/3532/3137 3460/3519/3124 3412/3535/3140
f 3460/3519/3124 2896/3532/3137 3533/3612/3216
f 3461/3543/3148 2965/3239/2846 3111/3237/2844
f 3111/3237/2844 2962/3236/2843 3543/3421/3026
f 3292/3234/2841 3462/3670/3273 3459/3848/3445
f 3292/3234/2841 3180/3343/2948 3462/3670/3273
f 3463/3191/2798 3319/3047/2654 2750/3046/2653
f 3463/3191/2798 2765/3304/2910 3319/3047/2654
f 2886/3501/3106 3351/3366/2971 3464/3367/2972
f 3338/3502/3107 2886/3501/3106 3464/3367/2972
f 2817/3575/3179 3022/3713/3314 3466/3303/2909
f 3314/3576/3180 2817/3575/3179 3466/3303/2909
f 3043/3591/3195 3427/3819/3416 3467/3736/3337
f 2927/3292/2898 3043/3591/3195 3467/3736/3337
f 2915/3565/3169 3163/3809/3406 3468/3206/2813
f 3468/3206/2813 3163/3809/3406 3255/3250/2857
f 3372/3435/3040 3247/3522/3127 3469/3439/3044
f 3469/3439/3044 3247/3522/3127 3173/3521/3126
f 3128/3270/2876 3470/3758/3356 3330/3444/3049
f 3470/3758/3356 3128/3270/2876 3195/3272/2878
f 3127/3408/3013 2954/3401/3006 3471/3403/3008
f 3127/3408/3013 3471/3403/3008 3212/3792/3390
f 3378/3816/3413 3472/3365/2970 3175/3638/3242
f 3175/3638/3242 3472/3365/2970 2966/3227/2834
f 3126/3531/3136 3225/3796/3394 3473/3797/3395
f 3473/3797/3395 3225/3796/3394 3211/3136/2743
f 3263/3267/2873 3474/3775/3373 3082/3283/2889
f 3095/3144/2751 3474/3775/3373 3263/3267/2873
f 3149/3588/3192 2969/3446/3051 3475/3642/3246
f 3149/3588/3192 3475/3642/3246 2831/3606/3210
f 3308/3305/2911 3463/3191/2798 3476/3598/3202
f 3308/3305/2911 3476/3598/3202 3466/3303/2909
f 2754/3297/2903 3070/3161/2768 3477/3208/2815
f 3485/3820/3417 3179/3279/2885 3478/3795/3393
f 3485/3820/3417 3538/3790/3388 3392/3789/3387
f 2855/3843/3440 3480/3092/2699 3265/3419/3024
f 3480/3092/2699 3372/3435/3040 3265/3419/3024
f 3594/3609/3213 3481/3197/2804 2835/3228/2835
f 3481/3197/2804 3140/3199/2806 2835/3228/2835
f 3370/3132/2739 3445/3726/3327 3482/3495/3100
f 2801/3133/2740 3370/3132/2739 3482/3495/3100
f 2844/3295/2901 3484/3866/3460 3157/3528/3133
f 3071/3755/3353 3484/3866/3460 2844/3295/2901
f 3392/3789/3387 3152/3411/3016 3485/3820/3417
f 3294/3410/3015 3485/3820/3417 3152/3411/3016
f 3373/3631/3235 2957/3381/2986 3486/3070/2677
f 3486/3070/2677 2957/3381/2986 3365/3071/2678
f 3195/3272/2878 3487/3756/3354 3470/3758/3356
f 2874/3470/3075 3487/3756/3354 3195/3272/2878
f 3488/3315/2921 2900/3030/2637 3300/3851/3447
f 3489/3621/3225 3245/3839/3436 2943/3617/3221
f 3489/3621/3225 3436/3620/3224 3245/3839/3436
f 3490/3198/2805 3481/3197/2804 3192/3202/2809
f 3490/3198/2805 3192/3202/2809 3380/3721/3322
f 3398/3318/2924 3491/3871/3464 3589/3615/3219
f 3491/3871/3464 3398/3318/2924 2941/3547/3152
f 3493/3040/2647 2782/3673/3276 3112/3583/3187
f 3493/3040/2647 3541/3053/2660 2782/3673/3276
f 3545/3838/3435 3495/3837/3434 3235/3383/2988
f 3235/3383/2988 3495/3837/3434 3365/3071/2678
f 3496/3390/2995 3337/3694/3296 3006/3391/2996
f 3337/3694/3296 3496/3390/2995 2814/3042/2649
f 3498/3613/3217 2940/3708/3310 2846/3400/3005
f 3508/3465/3070 3019/3496/3101 2940/3708/3310
f 3177/3054/2661 3499/3039/2646 3533/3612/3216
f 3493/3040/2647 3499/3039/2646 3177/3054/2661
f 3500/3825/3422 3302/3559/3163 3191/3622/3226
f 3421/3059/2666 3302/3559/3163 3500/3825/3422
f 2767/3762/3360 3501/3691/3293 3328/3856/3452
f 2767/3762/3360 3130/3196/2803 3501/3691/3293
f 3502/3650/3254 3201/3323/2929 3189/3324/2930
f 3201/3323/2929 3502/3650/3254 3196/3124/2731
f 2778/3500/3105 3503/3117/2724 3381/3385/2990
f 2916/3568/3172 3503/3117/2724 2778/3500/3105
f 2889/3434/3039 3260/3512/3117 3504/3407/3012
f 3127/3408/3013 2889/3434/3039 3504/3407/3012
f 3562/3457/3062 3030/3459/3064 3505/3450/3055
f 3030/3459/3064 3121/3451/3056 3505/3450/3055
f 2774/3056/2663 3506/3826/3423 3379/3177/2784
f 2895/3178/2785 3379/3177/2784 3506/3826/3423
f 3497/3754/3352 3133/3614/3218 3507/3798/3396
f 3498/3613/3217 3508/3465/3070 2940/3708/3310
f 3176/3651/3255 2822/3322/2928 3510/3872/3465
f 3565/3678/3275 3509/3677/3280 2821/3873/3466
f 3348/3659/3262 2834/3078/2685 3511/3805/3402
f 3511/3805/3402 2987/3361/2966 3348/3659/3262
f 3512/3640/3244 3044/3746/3345 3407/3862/3456
f 3395/3308/2914 3512/3640/3244 3407/3862/3456
f 3101/3238/2845 2848/3406/3011 3513/3087/2694
f 3349/3346/2951 3101/3238/2845 3513/3087/2694
f 2933/3175/2782 2887/3174/2781 3514/3852/3448
f 2887/3174/2781 3586/3505/3110 3522/3504/3109
f 3548/3471/3076 3515/3475/3080 3039/3472/3077
f 2945/3474/3079 3039/3472/3077 3515/3475/3080
f 3516/3818/3415 3209/3246/2853 3176/3651/3255
f 3176/3651/3255 3510/3872/3465 3516/3818/3415
f 3517/3854/3450 3064/3874/3467 3076/3688/3290
f 3076/3688/3290 3442/3830/3427 3563/3763/3361
f 3119/3827/3424 3277/3654/2721 3520/3875/3468
f 3276/3114/2721 2840/3116/2723 3519/3876/3469
f 3522/3504/3109 3526/3877/3470 3514/3852/3448
f 3514/3852/3448 2887/3174/2781 3522/3504/3109
f 2991/3581/3185 3523/3780/3378 3106/3767/3365
f 3100/3120/2727 3106/3767/3365 3523/3780/3378
f 3200/3707/3309 3524/3265/2871 3094/3095/2702
f 3094/3095/2702 3524/3265/2871 2910/3096/2703
f 2804/3586/3190 3525/3330/2936 3221/3592/3196
f 3525/3330/2936 2804/3586/3190 3390/3183/2790
f 3305/3319/2925 3514/3852/3448 3526/3877/3470
f 3526/3877/3470 3522/3504/3109 3532/3783/3381
f 2993/3394/2999 3162/3679/3281 3527/3538/3143
f 3528/3832/3429 2999/3207/2814 3468/3206/2813
f 2999/3207/2814 3528/3832/3429 2868/3101/2708
f 2958/3159/2766 3529/3724/3325 3193/3209/2816
f 3193/3209/2816 3529/3724/3325 2791/3210/2817
f 3530/3808/3405 3299/3697/3299 3397/3057/2664
f 3530/3808/3405 3362/3634/3238 3299/3697/3299
f 2917/3569/3173 3047/3570/3174 3531/3351/2956
f 3531/3351/2956 3339/3442/3047 2917/3569/3173
f 3305/3319/2925 3526/3877/3470 3532/3783/3381
f 2781/3507/3112 3305/3319/2925 3601/3508/3113
f 2939/3611/3215 3533/3612/3216 3499/3039/2646
f 3533/3612/3216 2939/3611/3215 3460/3519/3124
f 3228/3456/3061 3528/3832/3429 3534/3454/3059
f 3036/3727/3328 3186/3823/3420 3536/3878/3471
f 3071/3755/3353 3036/3727/3328 3536/3878/3471
f 3111/3237/2844 3537/3706/3308 3461/3543/3148
f 3537/3706/3308 3016/3284/2890 3461/3543/3148
f 3538/3790/3388 3485/3820/3417 3478/3795/3393
f 3588/3398/3003 3539/3397/3002 3479/3525/3130
f 2987/3361/2966 3540/3669/3272 3096/3660/3263
f 3096/3660/3263 3540/3669/3272 3213/3682/3284
f 2782/3673/3276 3541/3053/2660 2989/3674/3277
f 2989/3674/3277 3541/3053/2660 3552/3557/3161
f 3542/3377/2982 2980/3630/3234 3166/3665/3268
f 2980/3630/3234 3542/3377/2982 2918/3379/2984
f 3537/3706/3308 3111/3237/2844 3543/3421/3026
f 3537/3706/3308 3543/3421/3026 2857/3423/3028
f 3545/3838/3435 3235/3383/2988 2976/3835/3432
f 3544/3649/3253 2975/3065/2672 2790/3064/2671
f 2796/3256/2862 2949/3139/2746 3546/3352/2957
f 3546/3352/2957 3105/3342/2947 2796/3256/2862
f 2963/3359/2964 3374/3171/2778 3547/3170/2777
f 2963/3359/2964 3547/3170/2777 3366/3412/3017
f 3548/3471/3076 2923/3131/2738 3515/3475/3080
f 2923/3131/2738 3557/3811/3408 3429/3810/3407
f 3549/3461/3066 2919/3181/2788 3168/3462/3067
f 3564/3623/3227 3550/3602/3206 2898/3348/2953
f 2950/3600/3204 3282/3235/2842 3550/3602/3206
f 2744/3627/3231 3551/3219/2826 2843/3645/3249
f 3551/3219/2826 2744/3627/3231 3057/3220/2827
f 2944/3534/3139 2989/3674/3277 3552/3557/3161
f 3552/3557/3161 2896/3532/3137 2944/3534/3139
f 3231/3711/3313 3021/3710/3312 3553/3306/2912
f 3553/3306/2912 3021/3710/3312 3086/3320/2926
f 2871/3860/3068 3027/3060/2667 3555/3049/2656
f 2870/3685/3287 3554/3051/2658 2997/3666/3269
f 2784/3692/3294 3556/3453/3058 2867/3275/2881
f 3556/3453/3058 2784/3692/3294 2882/3425/3030
f 3597/3703/3305 3165/3274/2880 3557/3811/3408
f 3557/3811/3408 2923/3131/2738 3548/3471/3076
f 3558/3766/3364 3307/3853/3449 3205/3744/3343
f 3558/3766/3364 3205/3744/3343 3425/3550/3154
f 3174/3564/3168 3132/3566/3170 3559/3791/3389
f 3114/3814/3411 3174/3564/3168 3559/3791/3389
f 2807/3424/3029 3208/3273/2879 3560/3452/3057
f 3560/3452/3057 3556/3453/3058 2807/3424/3029
f 3250/3031/2638 3561/3140/2747 2903/3551/3155
f 2866/3632/3236 3169/3633/3237 3562/3457/3062
f 3562/3457/3062 3115/3157/2764 2866/3632/3236
f 3563/3763/3361 2767/3762/3360 3517/3854/3450
f 3563/3763/3361 3517/3854/3450 3076/3688/3290
f 3564/3623/3227 2950/3600/3204 3550/3602/3206
f 3078/3624/3228 2950/3600/3204 3564/3623/3227
f 2852/3879/3472 3565/3678/3275 2821/3873/3466
f 3432/3121/2728 3566/3672/3275 2854/3868/3462
f 2861/3430/3035 2823/3025/2632 3567/3302/2908
f 3567/3302/2908 2823/3025/2632 3274/3027/2634
f 3260/3512/3117 3336/3764/3362 3568/3143/2750
f 3568/3143/2750 3336/3764/3362 3095/3144/2751
f 3078/3624/3228 2987/3361/2966 3569/3360/2965
f 3576/3733/3334 2950/3600/3204 3078/3624/3228
f 2771/3867/3461 3570/3742/3341 2964/3335/2940
f 2772/3368/2973 3190/3370/2975 3571/3741/3340
f 3582/3584/3188 3572/3310/2916 3218/3716/3317
f 3572/3310/2916 2982/3661/3264 3164/3179/2786
f 2776/3165/2772 3439/3571/3175 3573/3350/2955
f 3284/3266/2872 2776/3165/2772 3573/3350/2955
f 3041/3735/3336 3574/3590/3194 3360/3028/2635
f 3178/3553/3157 3574/3590/3194 3041/3735/3336
f 3575/3229/2836 3303/3806/3403 3181/3822/3419
f 3181/3822/3419 3440/3230/2837 3575/3229/2836
f 3569/3360/2965 3576/3733/3334 3078/3624/3228
f 3569/3360/2965 3515/3475/3080 3576/3733/3334
f 2949/3139/2746 2796/3256/2862 3577/3232/2839
f 3577/3232/2839 3109/3137/2744 2949/3139/2746
f 2907/3549/3153 3578/3722/3323 3346/3449/3054
f 3346/3449/3054 3578/3722/3323 3505/3450/3055
f 2829/3599/3203 3579/3215/2822 2962/3236/2843
f 3426/3130/2737 3579/3215/2822 2829/3599/3203
f 3565/3678/3275 3580/3828/3425 2992/3676/3279
f 3580/3828/3425 3214/3118/2725 2992/3676/3279
f 3582/3584/3188 3112/3583/3187 2982/3661/3264
f 2982/3661/3264 3572/3310/2916 3582/3584/3188
f 3584/3771/3369 3062/3628/3232 3089/3770/3368
f 3381/3385/2990 3583/3859/3369 3088/3748/3346
f 3198/3776/3374 3585/3774/3372 3217/3705/3307
f 3198/3776/3374 3098/3778/3376 3585/3774/3372
f 3586/3505/3110 3093/3173/2780 2877/3497/3102
f 2887/3174/2781 3093/3173/2780 3586/3505/3110
f 3512/3640/3244 3587/3639/3243 2967/3747/2641
f 3587/3639/3243 3196/3124/2731 2967/3747/2641
f 2892/3455/3060 3588/3398/3003 3444/3524/3129
f 3588/3398/3003 2892/3455/3060 3046/3537/3142
f 3104/3781/3379 3590/3603/3207 2820/3595/3199
f 2933/3175/2782 3589/3615/3219 3103/3480/3085
f 2845/3477/3082 3591/3104/2711 2876/3478/3083
f 3453/3373/2978 3591/3104/2711 2845/3477/3082
f 3593/3151/2758 2868/3101/2708 3391/3833/3430
f 3083/3149/2756 3593/3151/2758 3391/3833/3430
f 3351/3366/2971 2938/3200/2807 3594/3609/3213
f 3594/3609/3213 2938/3200/2807 3481/3197/2804
f 3220/3148/2755 2830/3349/2954 3595/3146/2753
f 2830/3349/2954 3059/3441/3046 3599/3443/3048
f 3371/3701/3303 3596/3616/3220 2813/3529/3134
f 3371/3701/3303 2943/3617/3221 3596/3616/3220
f 3014/3074/2681 3597/3703/3305 3548/3471/3076
f 3557/3811/3408 3548/3471/3076 3597/3703/3305
f 2912/3438/3043 3598/3499/3104 3408/3561/3165
f 2912/3438/3043 2778/3500/3105 3598/3499/3104
f 2830/3349/2954 3599/3443/3048 3595/3146/2753
f 3595/3146/2753 3599/3443/3048 3254/3147/2754
f 2839/3187/2794 2931/3468/3073 3600/3190/2797
f 3600/3190/2797 3334/3188/2795 2839/3187/2794
f 3601/3508/3113 3305/3319/2925 3532/3783/3381
f 3342/3782/3380 3601/3508/3113 3532/3783/3381
f 2743/3018/2625 2741/3017/2624 3603/3880/3473
f 2743/3018/2625 3603/3880/3473 3606/3881/3474
f 3313/3536/3141 3527/3538/3143 3607/3021/2628
f 3534/3454/3059 3528/3832/3429 3468/3206/2813
